2025-09-09 10:09:31 Starting Lynis 3.0.8 with PID 347027, build date 2022-05-17
2025-09-09 10:09:31 ====
2025-09-09 10:09:31 ### 2007-2021, CISOfy - https://cisofy.com/lynis/ ###
2025-09-09 10:09:31 Checking permissions of /usr/share/lynis/include/profiles
2025-09-09 10:09:31 File permissions are OK
2025-09-09 10:09:31 Reading profile/configuration /etc/lynis/default.prf
2025-09-09 10:09:31 Action: created temporary file /tmp/lynis.kZGEUKLv6z
2025-09-09 10:09:31 Language set via profile to ''
2025-09-09 10:09:31 Plugin 'authentication' enabled according profile (/etc/lynis/default.prf)
2025-09-09 10:09:31 Plugin 'compliance' enabled according profile (/etc/lynis/default.prf)
2025-09-09 10:09:31 Plugin 'configuration' enabled according profile (/etc/lynis/default.prf)
2025-09-09 10:09:31 Plugin 'control-panels' enabled according profile (/etc/lynis/default.prf)
2025-09-09 10:09:31 Plugin 'crypto' enabled according profile (/etc/lynis/default.prf)
2025-09-09 10:09:31 Plugin 'dns' enabled according profile (/etc/lynis/default.prf)
2025-09-09 10:09:31 Plugin 'docker' enabled according profile (/etc/lynis/default.prf)
2025-09-09 10:09:31 Plugin 'file-integrity' enabled according profile (/etc/lynis/default.prf)
2025-09-09 10:09:31 Plugin 'file-systems' enabled according profile (/etc/lynis/default.prf)
2025-09-09 10:09:31 Plugin 'firewalls' enabled according profile (/etc/lynis/default.prf)
2025-09-09 10:09:31 Plugin 'forensics' enabled according profile (/etc/lynis/default.prf)
2025-09-09 10:09:31 Plugin 'hardware' enabled according profile (/etc/lynis/default.prf)
2025-09-09 10:09:31 Plugin 'intrusion-detection' enabled according profile (/etc/lynis/default.prf)
2025-09-09 10:09:31 Plugin 'intrusion-prevention' enabled according profile (/etc/lynis/default.prf)
2025-09-09 10:09:31 Plugin 'kernel' enabled according profile (/etc/lynis/default.prf)
2025-09-09 10:09:31 Plugin 'malware' enabled according profile (/etc/lynis/default.prf)
2025-09-09 10:09:31 Plugin 'memory' enabled according profile (/etc/lynis/default.prf)
2025-09-09 10:09:31 Plugin 'nginx' enabled according profile (/etc/lynis/default.prf)
2025-09-09 10:09:31 Plugin 'pam' enabled according profile (/etc/lynis/default.prf)
2025-09-09 10:09:31 Plugin 'processes' enabled according profile (/etc/lynis/default.prf)
2025-09-09 10:09:31 Plugin 'security-modules' enabled according profile (/etc/lynis/default.prf)
2025-09-09 10:09:31 Plugin 'software' enabled according profile (/etc/lynis/default.prf)
2025-09-09 10:09:31 Plugin 'system-integrity' enabled according profile (/etc/lynis/default.prf)
2025-09-09 10:09:31 Plugin 'systemd' enabled according profile (/etc/lynis/default.prf)
2025-09-09 10:09:31 Plugin 'users' enabled according profile (/etc/lynis/default.prf)
2025-09-09 10:09:31 Plugin 'debian' enabled according profile (/etc/lynis/default.prf)
2025-09-09 10:09:31 Reading profile/configuration /etc/lynis/custom.prf
2025-09-09 10:09:31 Action: created temporary file /tmp/lynis.lnkdlnCpsr
2025-09-09 10:09:31 Action: created temporary file /tmp/lynis.eG6LAJOq2M
2025-09-09 10:09:31 Action: created temporary file /tmp/lynis.YEaN7DzhVC
2025-09-09 10:09:31 Action: created temporary file /tmp/lynis.VwVg057slb
2025-09-09 10:09:31 Action: created temporary file /tmp/lynis.EVvLkdWBlL
2025-09-09 10:09:31 Skip tests: FIRE-4513 FIRE-4524 CONT-8004 CONT-8104
2025-09-09 10:09:31 Set option to default value: NTPD_ROLE --> client
2025-09-09 10:09:31 ====
2025-09-09 10:09:31 Program version:           3.0.8
2025-09-09 10:09:31 Operating system:          Linux
2025-09-09 10:09:31 Operating system name:     Debian
2025-09-09 10:09:31 Operating system version:  12
2025-09-09 10:09:31 Kernel version:            6.1.0
2025-09-09 10:09:31 Kernel version (full):     6.1.0-39-amd64
2025-09-09 10:09:31 Hardware platform:         x86_64
2025-09-09 10:09:31 -----------------------------------------------------
2025-09-09 10:09:31 Hostname:                  debian
2025-09-09 10:09:31 Auditor:                   [Not Specified]
2025-09-09 10:09:31 Profiles:                  /etc/lynis/default.prf /etc/lynis/custom.prf
2025-09-09 10:09:31 Work directory:            /home/chris
2025-09-09 10:09:31 Include directory:         /usr/share/lynis/include
2025-09-09 10:09:31 Plugin directory:          /etc/lynis/plugins
2025-09-09 10:09:31 -----------------------------------------------------
2025-09-09 10:09:31 Log file:                  /var/log/lynis/hardn-audit.log
2025-09-09 10:09:31 Report file:               /var/log/lynis/hardn-report.dat
2025-09-09 10:09:31 Report version:            1.0
2025-09-09 10:09:31 -----------------------------------------------------
2025-09-09 10:09:31 Test category:             all
2025-09-09 10:09:31 Test group:                all
2025-09-09 10:09:31 BusyBox used:              0
2025-09-09 10:09:31 ====
2025-09-09 10:09:31 Test: Checking for program update...
2025-09-09 10:09:31 Upgrade test skipped due profile option set (skip_upgrade_test)
2025-09-09 10:09:31 Current installed version  : 308
2025-09-09 10:09:31 Latest stable version      : 308
2025-09-09 10:09:31 No Lynis update available.
2025-09-09 10:09:31 Suggestion: This release is more than 4 months old. Check the website or GitHub to see if there is an update available. [test:LYNIS] [details:-] [solution:-]
2025-09-09 10:09:31 ====
2025-09-09 10:09:31 Checking permissions of /usr/share/lynis/include/binaries
2025-09-09 10:09:31 File permissions are OK
2025-09-09 10:09:31 ====
2025-09-09 10:09:31 Action: Performing tests from category: System tools
2025-09-09 10:09:31 Start scanning for available audit binaries and tools...
2025-09-09 10:09:31 ====
2025-09-09 10:09:31 Performing test ID CORE-1000 (Check all system binaries)
2025-09-09 10:09:31 Status: Starting binary scan...
2025-09-09 10:09:31 Test: Checking binaries in directory /bin
2025-09-09 10:09:31 Result: directory exists, but is actually a symlink
2025-09-09 10:09:31 Action: checking symlink for file /bin
2025-09-09 10:09:31 Setting temporary readlinkbinary variable
2025-09-09 10:09:31 Note: Using real readlink binary to determine symlink on /bin
2025-09-09 10:09:31 Result: readlink shows /usr/bin as output
2025-09-09 10:09:31 Result: symlink found, pointing to directory /usr/bin
2025-09-09 10:09:31 Result: found the path behind this symlink (/bin --> /usr/bin)
2025-09-09 10:09:31 Directory /usr/bin exists. Starting directory scanning...
2025-09-09 10:09:32   Found known binary: aide (file integrity checker) - /usr/bin/aide
2025-09-09 10:09:32   Found known binary: apt (package manager) - /usr/bin/apt
2025-09-09 10:09:32   Found known binary: as (compiler) - /usr/bin/as
2025-09-09 10:09:32   Found known binary: awk (string tool) - /usr/bin/awk
2025-09-09 10:09:32   Found known binary: base64 (encoding tool) - /usr/bin/base64
2025-09-09 10:09:32   Found known binary: cat (generic file handling) - /usr/bin/cat
2025-09-09 10:09:32   Found known binary: cc (compiler) - /usr/bin/cc
2025-09-09 10:09:32   Found known binary: clamconf (information about ClamAV) - /usr/bin/clamconf
2025-09-09 10:09:32   Found known binary: clamscan (AV scanner) - /usr/bin/clamscan
2025-09-09 10:09:32   Found known binary: comm (file compare) - /usr/bin/comm
2025-09-09 10:09:32   Found known binary: curl (browser, download utility) - /usr/bin/curl
2025-09-09 10:09:32   Found known binary: cut (text stream editor) - /usr/bin/cut
2025-09-09 10:09:32   Found known binary: debsums (package integrity checking) - /usr/bin/debsums
2025-09-09 10:09:32   Found known binary: dnsdomainname (DNS domain) - /usr/bin/dnsdomainname
2025-09-09 10:09:32   Found known binary: domainname (NIS domain) - /usr/bin/domainname
2025-09-09 10:09:32   Found known binary: dpkg (package management) - /usr/bin/dpkg
2025-09-09 10:09:32   Found known binary: egrep (text search) - /usr/bin/egrep
2025-09-09 10:09:32   Found known binary: fail2ban (IPS tool) - /usr/bin/fail2ban-server
2025-09-09 10:09:32   Found known binary: file (file type detection) - /usr/bin/file
2025-09-09 10:09:32   Found known binary: find (search tool) - /usr/bin/find
2025-09-09 10:09:32   Found known binary: g++ (compiler) - /usr/bin/g++
2025-09-09 10:09:32   Found known binary: gcc (compiler) - /usr/bin/gcc
2025-09-09 10:09:32   Found known binary: getent (query tool for name service switch libraries) - /usr/bin/getent
2025-09-09 10:09:32   Found known binary: grep (text search) - /usr/bin/grep
2025-09-09 10:09:32   Found known binary: gzip (compressing utility) - /usr/bin/gzip
2025-09-09 10:09:32   Found known binary: head (text filter) - /usr/bin/head
2025-09-09 10:09:32   Found known binary: ip (IP configuration) - /usr/bin/ip
2025-09-09 10:09:32   Found known binary: journalctl (systemd journal) - /usr/bin/journalctl
2025-09-09 10:09:32   Found known binary: ls (file listing) - /usr/bin/ls
2025-09-09 10:09:32   Found known binary: lsattr (file attributes) - /usr/bin/lsattr
2025-09-09 10:09:32   Found known binary: lsblk (block devices) - /usr/bin/lsblk
2025-09-09 10:09:32   Found known binary: lsmod (kernel modules) - /usr/bin/lsmod
2025-09-09 10:09:32   Found known binary: lsof (open files) - /usr/bin/lsof
2025-09-09 10:09:32 Note: added -K i to ignore tasks on Linux
2025-09-09 10:09:32 Found known binary: lynx (browser) - /usr/bin/lynx (version 2.9.0dev.12)
2025-09-09 10:09:32   Found known binary: md5sum (hash tool) - /usr/bin/md5sum
2025-09-09 10:09:32   Found known binary: mount (disk utility) - /usr/bin/mount
2025-09-09 10:09:32   Found known binary: netstat (network statistics) - /usr/bin/netstat
2025-09-09 10:09:32 Found /usr/bin/nmap (version 7.93)
2025-09-09 10:09:32 Found /usr/bin/openssl (version 3.0.17)
2025-09-09 10:09:32 Found /usr/bin/perl (version 5.36.0)
2025-09-09 10:09:32   Found known binary: pgrep (search in process list) - /usr/bin/pgrep
2025-09-09 10:09:32   Found known binary: ps (process listing) - /usr/bin/ps
2025-09-09 10:09:32 Found known binary: python3 (programming language interpreter) - /usr/bin/python3 (version 3.11.2)
2025-09-09 10:09:32   Found known binary: readlink (follows symlinks) - /usr/bin/readlink
2025-09-09 10:09:32   Found known binary: rkhunter (malware scanner) - /usr/bin/rkhunter
2025-09-09 10:09:32   Found known binary: sed (text stream editor) - /usr/bin/sed
2025-09-09 10:09:32   Found known binary: sha1/sha1sum/shasum (crypto hashing) - /usr/bin/sha1sum
2025-09-09 10:09:32   Found known binary: sha256/sha256sum (crypto hashing) - /usr/bin/sha256sum
2025-09-09 10:09:32   Found known binary: sha1/sha1sum/shasum (crypto hashing) - /usr/bin/shasum
2025-09-09 10:09:32   Found known binary: sort (sort data streams) - /usr/bin/sort
2025-09-09 10:09:32   Found known binary: ss (show sockets) - /usr/bin/ss
2025-09-09 10:09:32   Found known binary: ssh-keyscan (scanner for SSH keys) - /usr/bin/ssh-keyscan
2025-09-09 10:09:32   Found known binary: stat (file information) - /usr/bin/stat
2025-09-09 10:09:32   Found known binary: strings (text strings search) - /usr/bin/strings
2025-09-09 10:09:32   Found known binary: suricata (IDS) - /usr/bin/suricata
2025-09-09 10:09:32   Found known binary: systemctl (client to systemd) - /usr/bin/systemctl
2025-09-09 10:09:32   Found known binary: systemd-analyze (systemd service analysis tool) - /usr/bin/systemd-analyze
2025-09-09 10:09:32   Found known binary: tail (text filter) - /usr/bin/tail
2025-09-09 10:09:32   Found known binary: timedatectl (timedate client) - /usr/bin/timedatectl
2025-09-09 10:09:32   Found known binary: tr (text transformation) - /usr/bin/tr
2025-09-09 10:09:32   Found known binary: uname (operating system details) - /usr/bin/uname
2025-09-09 10:09:32   Found known binary: uniq (text manipulation utility) - /usr/bin/uniq
2025-09-09 10:09:32   Found known binary: wc (word count) - /usr/bin/wc
2025-09-09 10:09:32 Found /usr/bin/wget (version 1.21.3)
2025-09-09 10:09:32   Found known binary: xargs (command output redirection) - /usr/bin/xargs
2025-09-09 10:09:32   Found known binary: zgrep (text search for compressed files) - /usr/bin/zgrep
2025-09-09 10:09:32 Test: Checking binaries in directory /sbin
2025-09-09 10:09:32 Result: directory exists, but is actually a symlink
2025-09-09 10:09:32 Action: checking symlink for file /sbin
2025-09-09 10:09:32 Note: Using real readlink binary to determine symlink on /sbin
2025-09-09 10:09:32 Result: readlink shows /usr/sbin as output
2025-09-09 10:09:32 Result: symlink found, pointing to directory /usr/sbin
2025-09-09 10:09:32 Result: found the path behind this symlink (/sbin --> /usr/sbin)
2025-09-09 10:09:32 Directory /usr/sbin exists. Starting directory scanning...
2025-09-09 10:09:32   Found known binary: aa-status (apparmor component) - /usr/sbin/aa-status
2025-09-09 10:09:32   Found known binary: auditctl (control utility for audit daemon) - /usr/sbin/auditctl
2025-09-09 10:09:32   Found known binary: auditd (audit framework) - /usr/sbin/auditd
2025-09-09 10:09:32   Found known binary: blkid (information about block devices) - /usr/sbin/blkid
2025-09-09 10:09:32   Found known binary: chkrootkit (malware scanner) - /usr/sbin/chkrootkit
2025-09-09 10:09:32   Found known binary: cryptsetup (block device encryption) - /usr/sbin/cryptsetup
2025-09-09 10:09:32   Found known binary: dmidecode (hardware collector tool) - /usr/sbin/dmidecode
2025-09-09 10:09:32   Found known binary /usr/sbin/exim (version 4.96)
2025-09-09 10:09:32   Found known binary: getcap (kernel capabilities) - /usr/sbin/getcap
2025-09-09 10:09:32   Found known binary: grpck (consistency checker) - /usr/sbin/grpck
2025-09-09 10:09:32   Found known binary: ipconfig (IP configuration) - /usr/sbin/ifconfig
2025-09-09 10:09:32   Found known binary: integritysetup (dm-integrity setup tool) - /usr/sbin/integritysetup
2025-09-09 10:09:32   Found known binary: ip (IP configuration) - /usr/sbin/ip
2025-09-09 10:09:32   Found known binary: iptables (firewall) - /usr/sbin/iptables
2025-09-09 10:09:32   Found known binary: iptables-save (firewall) - /usr/sbin/iptables-save
2025-09-09 10:09:32   Found known binary: logrotate (log rotation tool) - /usr/sbin/logrotate
2025-09-09 10:09:32   Found known binary: lsmod (kernel modules) - /usr/sbin/lsmod
2025-09-09 10:09:32   Found known binary: lvdisplay (LVM tool) - /usr/sbin/lvdisplay
2025-09-09 10:09:32   Found known binary: modprobe (kernel modules) - /usr/sbin/modprobe
2025-09-09 10:09:32   Found known binary: nft (nftables client) - /usr/sbin/nft
2025-09-09 10:09:32   Found known binary: runlevel (system utility) - /usr/sbin/runlevel
2025-09-09 10:09:32   Found known binary: service (system services) - /usr/sbin/service
2025-09-09 10:09:32 Found /usr/sbin/sshd (version 9.2)
2025-09-09 10:09:32   Found known binary: swapon (swap device tool) - /usr/sbin/swapon
2025-09-09 10:09:32   Found known binary: sysctl (kernel parameters) - /usr/sbin/sysctl
2025-09-09 10:09:32   Found known binary: tune2fs (file system tool) - /usr/sbin/tune2fs
2025-09-09 10:09:32   Found known binary: veritysetup (dm-verity setup tool) - /usr/sbin/veritysetup
2025-09-09 10:09:32   Found known binary: vgdisplay (LVM tool) - /usr/sbin/vgdisplay
2025-09-09 10:09:32 Test: Checking binaries in directory /usr/bin
2025-09-09 10:09:32 Result: Skipping this directory as it was already scanned
2025-09-09 10:09:32 Result: Directory /usr/bin skipped
2025-09-09 10:09:32 Test: Checking binaries in directory /usr/sbin
2025-09-09 10:09:32 Result: Skipping this directory as it was already scanned
2025-09-09 10:09:32 Result: Directory /usr/sbin skipped
2025-09-09 10:09:32 Test: Checking binaries in directory /usr/local/bin
2025-09-09 10:09:32 Directory /usr/local/bin exists. Starting directory scanning...
2025-09-09 10:09:32 Test: Checking binaries in directory /usr/local/sbin
2025-09-09 10:09:32 Directory /usr/local/sbin exists. Starting directory scanning...
2025-09-09 10:09:32 Discovered directories: /usr/bin,/usr/sbin,/usr/local/bin,/usr/local/sbin
2025-09-09 10:09:32 Result: found 2555 binaries including 31 set-uid and 7 set-gid
2025-09-09 10:09:32 Result: set-uid binaries: /usr/bin/VBoxDRMClient /usr/bin/chfn /usr/bin/chsh /usr/bin/firejail /usr/bin/fusermount /usr/bin/fusermount3 /usr/bin/gpasswd /usr/bin/mailq /usr/bin/mount /usr/bin/newaliases /usr/bin/newgrp /usr/bin/ntfs-3g /usr/bin/passwd /usr/bin/pkexec /usr/bin/sg /usr/bin/su /usr/bin/sudo /usr/bin/sudoedit /usr/bin/umount /usr/sbin/exim /usr/sbin/exim4 /usr/sbin/mount.ntfs /usr/sbin/mount.ntfs-3g /usr/sbin/pam-tmpdir-helper /usr/sbin/pppd /usr/sbin/rmail /usr/sbin/rsmtp /usr/sbin/runq /usr/sbin/sendmail /usr/local/bin/chromium /usr/local/bin/firefox 
2025-09-09 10:09:32 Result: set-gid binaries: /usr/bin/chage /usr/bin/crontab /usr/bin/dotlockfile /usr/bin/expiry /usr/bin/ssh-agent /usr/bin/xiterm+thai /usr/sbin/unix_chkpwd 
2025-09-09 10:09:32 ====
2025-09-09 10:09:32 Informational: package manager is used
2025-09-09 10:09:32 Test: Determine if this system is a virtual machine
2025-09-09 10:09:32 Result: facter utility not found
2025-09-09 10:09:32 Test: trying to guess virtualization technology with systemd-detect-virt
2025-09-09 10:09:32 Result: found oracle
2025-09-09 10:09:32 Result: skipped lscpu test, as we already found machine type
2025-09-09 10:09:32 Result: skipped dmidecode test, as we already found machine type
2025-09-09 10:09:32 Result: skipped processes test, as we already found platform
2025-09-09 10:09:32 Result: skipped Amazon EC2 test, as we already found platform
2025-09-09 10:09:32 Result: skipped sysctl test, as we already found platform
2025-09-09 10:09:32 Result: skipped lshw test, as we already found machine type
2025-09-09 10:09:32 Result: found virtual machine (type: virtualbox, Oracle VM VirtualBox)
2025-09-09 10:09:32 Result: Lynis is not running in container
2025-09-09 10:09:32 Result: system is using systemd
2025-09-09 10:09:32 ====
2025-09-09 10:09:32 Action: Performing tests from category: Program Details
2025-09-09 10:09:32 ====
2025-09-09 10:09:32 Action: Performing plugin tests
2025-09-09 10:09:32 Searching plugins...
2025-09-09 10:09:32 Found plugin file: /etc/lynis/plugins/plugin_debian_phase1
2025-09-09 10:09:32 Action: checking plugin status in profile: /etc/lynis/default.prf
2025-09-09 10:09:32 Result: plugin enabled in profile (/etc/lynis/default.prf)
2025-09-09 10:09:32 Action: checking plugin status in profile: /etc/lynis/custom.prf
2025-09-09 10:09:32 Result: plugin debian is enabled
2025-09-09 10:09:32 Checking permissions of /etc/lynis/plugins/plugin_debian_phase1
2025-09-09 10:09:32 File permissions are OK
2025-09-09 10:09:32 Including plugin file: /etc/lynis/plugins/plugin_debian_phase1 (version: 1.0.1)
2025-09-09 10:09:32 ====
2025-09-09 10:09:32 Action: Performing tests from category: Debian Tests
2025-09-09 10:09:32 ====
2025-09-09 10:09:32 Performing test ID DEB-0001 (Check for system binaries required by Debian Tests)
2025-09-09 10:09:32 Status: Starting binary scan...
2025-09-09 10:09:32 Test: Checking binaries in directory /bin
2025-09-09 10:09:32 Directory /bin exists. Starting directory scanning...
2025-09-09 10:09:32 Binary: /bin/7z
2025-09-09 10:09:32 Binary: /bin/7za
2025-09-09 10:09:32 Binary: /bin/7zr
2025-09-09 10:09:32 Binary: /bin/FileCheck-14
2025-09-09 10:09:32 Binary: /bin/GET
2025-09-09 10:09:32 Binary: /bin/HEAD
2025-09-09 10:09:32 Binary: /bin/JxrDecApp
2025-09-09 10:09:32 Binary: /bin/JxrEncApp
2025-09-09 10:09:32 Binary: /bin/Mail
2025-09-09 10:09:32 Binary: /bin/POST
2025-09-09 10:09:32 Binary: /bin/SOAPsh
2025-09-09 10:09:32 Binary: /bin/VBoxAudioTest
2025-09-09 10:09:32 Binary: /bin/VBoxClient
2025-09-09 10:09:32 Binary: /bin/VBoxClient-all
2025-09-09 10:09:32 Binary: /bin/VBoxControl
2025-09-09 10:09:32 Binary: /bin/VBoxDRMClient
2025-09-09 10:09:32 Binary: /bin/X
2025-09-09 10:09:32 Binary: /bin/X11
2025-09-09 10:09:32 Binary: /bin/Xorg
2025-09-09 10:09:32 Binary: /bin/Xvfb
2025-09-09 10:09:32 Binary: /bin/[
2025-09-09 10:09:32 Binary: /bin/aa-easyprof
2025-09-09 10:09:32 Binary: /bin/aa-enabled
2025-09-09 10:09:32 Binary: /bin/aa-exec
2025-09-09 10:09:32 Binary: /bin/aa-features-abi
2025-09-09 10:09:32 Binary: /bin/ack
2025-09-09 10:09:32 Binary: /bin/aclocal
2025-09-09 10:09:32 Binary: /bin/aclocal-1.16
2025-09-09 10:09:32 Binary: /bin/aconnect
2025-09-09 10:09:32 Binary: /bin/acpibin
2025-09-09 10:09:32 Binary: /bin/acpidump
2025-09-09 10:09:32 Binary: /bin/acpiexec
2025-09-09 10:09:32 Binary: /bin/acpihelp
2025-09-09 10:09:32 Binary: /bin/acpisrc
2025-09-09 10:09:32 Binary: /bin/acpixtract
2025-09-09 10:09:32 Binary: /bin/acyclic
2025-09-09 10:09:32 Binary: /bin/add-apt-repository
2025-09-09 10:09:32 Binary: /bin/add-patch
2025-09-09 10:09:32 Binary: /bin/addpart
2025-09-09 10:09:32 Binary: /bin/addr2line
2025-09-09 10:09:32 Binary: /bin/aide
2025-09-09 10:09:32 Binary: /bin/airscan-discover
2025-09-09 10:09:32 Binary: /bin/alsabat
2025-09-09 10:09:32 Binary: /bin/alsaloop
2025-09-09 10:09:32 Binary: /bin/alsamixer
2025-09-09 10:09:32 Binary: /bin/alsatplg
2025-09-09 10:09:32 Binary: /bin/alsaucm
2025-09-09 10:09:32 Binary: /bin/amidi
2025-09-09 10:09:32 Binary: /bin/amixer
2025-09-09 10:09:32 Binary: /bin/annotate-output
2025-09-09 10:09:32 Binary: /bin/anthy-agent
2025-09-09 10:09:32 Binary: /bin/anthy-dic-tool
2025-09-09 10:09:32 Binary: /bin/aplay
2025-09-09 10:09:32 Binary: /bin/aplaymidi
2025-09-09 10:09:32 Binary: /bin/appres
2025-09-09 10:09:32 Binary: /bin/appstreamcli
2025-09-09 10:09:32 Binary: /bin/apropos
2025-09-09 10:09:32 Binary: /bin/apt
2025-09-09 10:09:32 Binary: /bin/apt-add-repository
2025-09-09 10:09:32 Binary: /bin/apt-cache
2025-09-09 10:09:32 Binary: /bin/apt-cdrom
2025-09-09 10:09:32 Binary: /bin/apt-config
2025-09-09 10:09:32 Binary: /bin/apt-extracttemplates
2025-09-09 10:09:32 Binary: /bin/apt-ftparchive
2025-09-09 10:09:32 Binary: /bin/apt-get
2025-09-09 10:09:32 Binary: /bin/apt-key
2025-09-09 10:09:32 Binary: /bin/apt-listbugs
2025-09-09 10:09:32   Found known binary: apt-listbugs (System tool) - /bin/apt-listbugs
2025-09-09 10:09:32 Binary: /bin/apt-listchanges
2025-09-09 10:09:32   Found known binary: apt-listchanges (System tool) - /bin/apt-listchanges
2025-09-09 10:09:32 Binary: /bin/apt-mark
2025-09-09 10:09:32 Binary: /bin/apt-sortpkgs
2025-09-09 10:09:32 Binary: /bin/ar
2025-09-09 10:09:32 Binary: /bin/arandr
2025-09-09 10:09:32 Binary: /bin/arch
2025-09-09 10:09:32 Binary: /bin/archpath
2025-09-09 10:09:32 Binary: /bin/arecord
2025-09-09 10:09:32 Binary: /bin/arecordmidi
2025-09-09 10:09:32 Binary: /bin/as
2025-09-09 10:09:32 Binary: /bin/aseqdump
2025-09-09 10:09:32 Binary: /bin/aseqnet
2025-09-09 10:09:32 Binary: /bin/aspell
2025-09-09 10:09:32 Binary: /bin/aspell-import
2025-09-09 10:09:32 Binary: /bin/atobm
2025-09-09 10:09:32 Binary: /bin/atril
2025-09-09 10:09:32 Binary: /bin/atril-previewer
2025-09-09 10:09:32 Binary: /bin/atril-thumbnailer
2025-09-09 10:09:32 Binary: /bin/aulast
2025-09-09 10:09:32 Binary: /bin/aulastlog
2025-09-09 10:09:32 Binary: /bin/ausyscall
2025-09-09 10:09:32 Binary: /bin/autoconf
2025-09-09 10:09:32 Binary: /bin/autoheader
2025-09-09 10:09:32 Binary: /bin/autom4te
2025-09-09 10:09:32 Binary: /bin/automake
2025-09-09 10:09:32 Binary: /bin/automake-1.16
2025-09-09 10:09:32 Binary: /bin/autopoint
2025-09-09 10:09:32 Binary: /bin/autoreconf
2025-09-09 10:09:32 Binary: /bin/autoscan
2025-09-09 10:09:32 Binary: /bin/autoupdate
2025-09-09 10:09:32 Binary: /bin/auvirt
2025-09-09 10:09:32 Binary: /bin/avahi-browse
2025-09-09 10:09:32 Binary: /bin/avahi-browse-domains
2025-09-09 10:09:32 Binary: /bin/avahi-publish
2025-09-09 10:09:32 Binary: /bin/avahi-publish-address
2025-09-09 10:09:32 Binary: /bin/avahi-publish-service
2025-09-09 10:09:32 Binary: /bin/avahi-resolve
2025-09-09 10:09:32 Binary: /bin/avahi-resolve-address
2025-09-09 10:09:32 Binary: /bin/avahi-resolve-host-name
2025-09-09 10:09:32 Binary: /bin/avahi-set-host-name
2025-09-09 10:09:32 Binary: /bin/awk
2025-09-09 10:09:32 Binary: /bin/axfer
2025-09-09 10:09:32 Binary: /bin/b2sum
2025-09-09 10:09:32 Binary: /bin/base32
2025-09-09 10:09:32 Binary: /bin/base64
2025-09-09 10:09:32 Binary: /bin/basename
2025-09-09 10:09:32 Binary: /bin/basenc
2025-09-09 10:09:32 Binary: /bin/bash
2025-09-09 10:09:32 Binary: /bin/bashbug
2025-09-09 10:09:32 Binary: /bin/batcat
2025-09-09 10:09:32 Binary: /bin/bc
2025-09-09 10:09:32 Binary: /bin/bcomps
2025-09-09 10:09:32 Binary: /bin/bdftopcf
2025-09-09 10:09:32 Binary: /bin/bdftruncate
2025-09-09 10:09:32 Binary: /bin/bidiv
2025-09-09 10:09:32 Binary: /bin/bitmap
2025-09-09 10:09:32 Binary: /bin/bluemoon
2025-09-09 10:09:32 Binary: /bin/bluetoothctl
2025-09-09 10:09:32 Binary: /bin/bmtoa
2025-09-09 10:09:32 Binary: /bin/brave-browser
2025-09-09 10:09:32 Binary: /bin/brave-browser-stable
2025-09-09 10:09:32 Binary: /bin/broadwayd
2025-09-09 10:09:32 Binary: /bin/bsd-mailx
2025-09-09 10:09:32 Binary: /bin/btattach
2025-09-09 10:09:32 Binary: /bin/btmgmt
2025-09-09 10:09:32 Binary: /bin/btmon
2025-09-09 10:09:32 Binary: /bin/btrfs
2025-09-09 10:09:32 Binary: /bin/btrfs-convert
2025-09-09 10:09:32 Binary: /bin/btrfs-find-root
2025-09-09 10:09:32 Binary: /bin/btrfs-image
2025-09-09 10:09:32 Binary: /bin/btrfs-map-logical
2025-09-09 10:09:32 Binary: /bin/btrfs-select-super
2025-09-09 10:09:32 Binary: /bin/btrfsck
2025-09-09 10:09:32 Binary: /bin/btrfstune
2025-09-09 10:09:32 Binary: /bin/bts
2025-09-09 10:09:32 Binary: /bin/bugpoint-14
2025-09-09 10:09:32 Binary: /bin/build-rdeps
2025-09-09 10:09:32 Binary: /bin/buildhash
2025-09-09 10:09:32 Binary: /bin/bundle3.1
2025-09-09 10:09:32 Binary: /bin/bundler3.1
2025-09-09 10:09:32 Binary: /bin/bunzip2
2025-09-09 10:09:32 Binary: /bin/busctl
2025-09-09 10:09:32 Binary: /bin/busybox
2025-09-09 10:09:32 Binary: /bin/bwrap
2025-09-09 10:09:32 Binary: /bin/bzcat
2025-09-09 10:09:32 Binary: /bin/bzcmp
2025-09-09 10:09:32 Binary: /bin/bzdiff
2025-09-09 10:09:32 Binary: /bin/bzegrep
2025-09-09 10:09:32 Binary: /bin/bzexe
2025-09-09 10:09:32 Binary: /bin/bzfgrep
2025-09-09 10:09:32 Binary: /bin/bzgrep
2025-09-09 10:09:32 Binary: /bin/bzip2
2025-09-09 10:09:32 Binary: /bin/bzip2recover
2025-09-09 10:09:32 Binary: /bin/bzless
2025-09-09 10:09:32 Binary: /bin/bzmore
2025-09-09 10:09:32 Binary: /bin/c++
2025-09-09 10:09:32 Binary: /bin/c++filt
2025-09-09 10:09:32 Binary: /bin/c89
2025-09-09 10:09:32 Binary: /bin/c89-gcc
2025-09-09 10:09:32 Binary: /bin/c99
2025-09-09 10:09:32 Binary: /bin/c99-gcc
2025-09-09 10:09:32 Binary: /bin/c_rehash
2025-09-09 10:09:32 Binary: /bin/caja
2025-09-09 10:09:32 Binary: /bin/caja-autorun-software
2025-09-09 10:09:32 Binary: /bin/caja-connect-server
2025-09-09 10:09:32 Binary: /bin/caja-file-management-properties
2025-09-09 10:09:32 Binary: /bin/cancel
2025-09-09 10:09:32 Binary: /bin/captoinfo
2025-09-09 10:09:32 Binary: /bin/cargo
2025-09-09 10:09:32 Binary: /bin/cat
2025-09-09 10:09:32 Binary: /bin/catman
2025-09-09 10:09:32 Binary: /bin/cc
2025-09-09 10:09:32 Binary: /bin/ccomps
2025-09-09 10:09:32 Binary: /bin/cd-create-profile
2025-09-09 10:09:32 Binary: /bin/cd-fix-profile
2025-09-09 10:09:32 Binary: /bin/cd-iccdump
2025-09-09 10:09:32 Binary: /bin/cd-it8
2025-09-09 10:09:32 Binary: /bin/cgi-fcgi
2025-09-09 10:09:32 Binary: /bin/chacl
2025-09-09 10:09:32 Binary: /bin/chage
2025-09-09 10:09:32 Binary: /bin/chardet
2025-09-09 10:09:32 Binary: /bin/chardetect
2025-09-09 10:09:32 Binary: /bin/chattr
2025-09-09 10:09:32 Binary: /bin/chcon
2025-09-09 10:09:32 Binary: /bin/chdist
2025-09-09 10:09:32 Binary: /bin/checkbashisms
2025-09-09 10:09:32 Binary: /bin/chfn
2025-09-09 10:09:32 Binary: /bin/chgrp
2025-09-09 10:09:32 Binary: /bin/chmod
2025-09-09 10:09:32 Binary: /bin/choom
2025-09-09 10:09:32 Binary: /bin/chown
2025-09-09 10:09:32 Binary: /bin/chromium
2025-09-09 10:09:32 Binary: /bin/chrt
2025-09-09 10:09:32 Binary: /bin/chsh
2025-09-09 10:09:32 Binary: /bin/chvt
2025-09-09 10:09:32 Binary: /bin/cifsiostat
2025-09-09 10:09:32 Binary: /bin/ciptool
2025-09-09 10:09:32 Binary: /bin/circo
2025-09-09 10:09:32 Binary: /bin/ckbcomp
2025-09-09 10:09:32 Binary: /bin/cksum
2025-09-09 10:09:32 Binary: /bin/clambc
2025-09-09 10:09:32 Binary: /bin/clamconf
2025-09-09 10:09:32 Binary: /bin/clamdscan
2025-09-09 10:09:32 Binary: /bin/clamdtop
2025-09-09 10:09:32 Binary: /bin/clamscan
2025-09-09 10:09:32 Binary: /bin/clamsubmit
2025-09-09 10:09:32 Binary: /bin/clear
2025-09-09 10:09:32 Binary: /bin/clear_console
2025-09-09 10:09:32 Binary: /bin/cluster
2025-09-09 10:09:32 Binary: /bin/cmake
2025-09-09 10:09:32 Binary: /bin/cmp
2025-09-09 10:09:32 Binary: /bin/codepage
2025-09-09 10:09:32 Binary: /bin/col
2025-09-09 10:09:32 Binary: /bin/colcrt
2025-09-09 10:09:32 Binary: /bin/colormgr
2025-09-09 10:09:32 Binary: /bin/colrm
2025-09-09 10:09:32 Binary: /bin/column
2025-09-09 10:09:32 Binary: /bin/combinediff
2025-09-09 10:09:32 Binary: /bin/comm
2025-09-09 10:09:32 Binary: /bin/compose
2025-09-09 10:09:32 Binary: /bin/corelist
2025-09-09 10:09:32 Binary: /bin/count-14
2025-09-09 10:09:32 Binary: /bin/cowpoke
2025-09-09 10:09:32 Binary: /bin/cp
2025-09-09 10:09:32 Binary: /bin/cpack
2025-09-09 10:09:32 Binary: /bin/cpan
2025-09-09 10:09:32 Binary: /bin/cpan5.36-x86_64-linux-gnu
2025-09-09 10:09:32 Binary: /bin/cpanel_json_xs
2025-09-09 10:09:32 Binary: /bin/cpio
2025-09-09 10:09:32 Binary: /bin/cpio-filter
2025-09-09 10:09:32 Binary: /bin/cpp
2025-09-09 10:09:32 Binary: /bin/cpp-12
2025-09-09 10:09:32 Binary: /bin/cpuid
2025-09-09 10:09:32 Binary: /bin/cpuinfo2cpuid
2025-09-09 10:09:32 Binary: /bin/crc32
2025-09-09 10:09:32 Binary: /bin/crontab
2025-09-09 10:09:32 Binary: /bin/csplit
2025-09-09 10:09:32 Binary: /bin/ctags
2025-09-09 10:09:32 Binary: /bin/ctags-exuberant
2025-09-09 10:09:32 Binary: /bin/ctest
2025-09-09 10:09:32 Binary: /bin/ctstat
2025-09-09 10:09:32 Binary: /bin/cupstestppd
2025-09-09 10:09:32 Binary: /bin/curl
2025-09-09 10:09:32 Binary: /bin/cut
2025-09-09 10:09:32 Binary: /bin/cvs-debc
2025-09-09 10:09:32 Binary: /bin/cvs-debi
2025-09-09 10:09:32 Binary: /bin/cvs-debrelease
2025-09-09 10:09:32 Binary: /bin/cvs-debuild
2025-09-09 10:09:32 Binary: /bin/cvt
2025-09-09 10:09:32 Binary: /bin/cvtsudoers
2025-09-09 10:09:32 Binary: /bin/dash
2025-09-09 10:09:32 Binary: /bin/date
2025-09-09 10:09:32 Binary: /bin/dbus-cleanup-sockets
2025-09-09 10:09:32 Binary: /bin/dbus-daemon
2025-09-09 10:09:32 Binary: /bin/dbus-launch
2025-09-09 10:09:32 Binary: /bin/dbus-monitor
2025-09-09 10:09:32 Binary: /bin/dbus-run-session
2025-09-09 10:09:32 Binary: /bin/dbus-send
2025-09-09 10:09:32 Binary: /bin/dbus-update-activation-environment
2025-09-09 10:09:32 Binary: /bin/dbus-uuidgen
2025-09-09 10:09:32 Binary: /bin/dch
2025-09-09 10:09:32 Binary: /bin/dcmd
2025-09-09 10:09:32 Binary: /bin/dconf
2025-09-09 10:09:32 Binary: /bin/dcut
2025-09-09 10:09:32 Binary: /bin/dd
2025-09-09 10:09:32 Binary: /bin/dd-list
2025-09-09 10:09:32 Binary: /bin/ddcmon
2025-09-09 10:09:32 Binary: /bin/deallocvt
2025-09-09 10:09:32 Binary: /bin/deb-janitor
2025-09-09 10:09:32 Binary: /bin/deb-reversion
2025-09-09 10:09:32 Binary: /bin/deb-systemd-helper
2025-09-09 10:09:32 Binary: /bin/deb-systemd-invoke
2025-09-09 10:09:32 Binary: /bin/deb-why-removed
2025-09-09 10:09:32 Binary: /bin/debbisect
2025-09-09 10:09:32 Binary: /bin/debc
2025-09-09 10:09:32 Binary: /bin/debchange
2025-09-09 10:09:32 Binary: /bin/debcheckout
2025-09-09 10:09:32 Binary: /bin/debclean
2025-09-09 10:09:32 Binary: /bin/debcommit
2025-09-09 10:09:32 Binary: /bin/debconf
2025-09-09 10:09:32 Binary: /bin/debconf-apt-progress
2025-09-09 10:09:32 Binary: /bin/debconf-communicate
2025-09-09 10:09:32 Binary: /bin/debconf-copydb
2025-09-09 10:09:32 Binary: /bin/debconf-escape
2025-09-09 10:09:32 Binary: /bin/debconf-gettextize
2025-09-09 10:09:32 Binary: /bin/debconf-set-selections
2025-09-09 10:09:32 Binary: /bin/debconf-show
2025-09-09 10:09:32 Binary: /bin/debconf-updatepo
2025-09-09 10:09:32 Binary: /bin/debdiff
2025-09-09 10:09:32 Binary: /bin/debdiff-apply
2025-09-09 10:09:32 Binary: /bin/debi
2025-09-09 10:09:32 Binary: /bin/debian-reference
2025-09-09 10:09:32 Binary: /bin/debootsnap
2025-09-09 10:09:32 Binary: /bin/debpkg
2025-09-09 10:09:32 Binary: /bin/debrebuild
2025-09-09 10:09:32 Binary: /bin/debrelease
2025-09-09 10:09:32 Binary: /bin/debrepro
2025-09-09 10:09:32 Binary: /bin/debrsign
2025-09-09 10:09:32 Binary: /bin/debsign
2025-09-09 10:09:32 Binary: /bin/debsnap
2025-09-09 10:09:32 Binary: /bin/debsums
2025-09-09 10:09:32 Binary: /bin/debuild
2025-09-09 10:09:32 Binary: /bin/decode-dimms
2025-09-09 10:09:32 Binary: /bin/decode-edid
2025-09-09 10:09:32 Binary: /bin/decode-vaio
2025-09-09 10:09:32 Binary: /bin/defmt-c
2025-09-09 10:09:32 Binary: /bin/defmt-sh
2025-09-09 10:09:32 Binary: /bin/dehtmldiff
2025-09-09 10:09:32 Binary: /bin/delaunay
2025-09-09 10:09:32 Binary: /bin/delpart
2025-09-09 10:09:32 Binary: /bin/dep3changelog
2025-09-09 10:09:32 Binary: /bin/derb
2025-09-09 10:09:32 Binary: /bin/desktop-file-edit
2025-09-09 10:09:32 Binary: /bin/desktop-file-install
2025-09-09 10:09:32 Binary: /bin/desktop-file-validate
2025-09-09 10:09:32 Binary: /bin/desktop2menu
2025-09-09 10:09:32 Binary: /bin/df
2025-09-09 10:09:32 Binary: /bin/dfu-prefix
2025-09-09 10:09:32 Binary: /bin/dfu-suffix
2025-09-09 10:09:32 Binary: /bin/dfu-util
2025-09-09 10:09:32 Binary: /bin/dfuse-pack
2025-09-09 10:09:32 Binary: /bin/dget
2025-09-09 10:09:32 Binary: /bin/dh
2025-09-09 10:09:32 Binary: /bin/dh_assistant
2025-09-09 10:09:32 Binary: /bin/dh_auto_build
2025-09-09 10:09:32 Binary: /bin/dh_auto_clean
2025-09-09 10:09:33 Binary: /bin/dh_auto_configure
2025-09-09 10:09:33 Binary: /bin/dh_auto_install
2025-09-09 10:09:33 Binary: /bin/dh_auto_test
2025-09-09 10:09:33 Binary: /bin/dh_autoreconf
2025-09-09 10:09:33 Binary: /bin/dh_autoreconf_clean
2025-09-09 10:09:33 Binary: /bin/dh_autotools-dev_restoreconfig
2025-09-09 10:09:33 Binary: /bin/dh_autotools-dev_updateconfig
2025-09-09 10:09:33 Binary: /bin/dh_bash-completion
2025-09-09 10:09:33 Binary: /bin/dh_bugfiles
2025-09-09 10:09:33 Binary: /bin/dh_builddeb
2025-09-09 10:09:33 Binary: /bin/dh_clean
2025-09-09 10:09:33 Binary: /bin/dh_compress
2025-09-09 10:09:33 Binary: /bin/dh_dwz
2025-09-09 10:09:33 Binary: /bin/dh_fixperms
2025-09-09 10:09:33 Binary: /bin/dh_gencontrol
2025-09-09 10:09:33 Binary: /bin/dh_icons
2025-09-09 10:09:33 Binary: /bin/dh_install
2025-09-09 10:09:33 Binary: /bin/dh_installalternatives
2025-09-09 10:09:33 Binary: /bin/dh_installcatalogs
2025-09-09 10:09:33 Binary: /bin/dh_installchangelogs
2025-09-09 10:09:33 Binary: /bin/dh_installcron
2025-09-09 10:09:33 Binary: /bin/dh_installdeb
2025-09-09 10:09:33 Binary: /bin/dh_installdebconf
2025-09-09 10:09:33 Binary: /bin/dh_installdirs
2025-09-09 10:09:33 Binary: /bin/dh_installdocs
2025-09-09 10:09:33 Binary: /bin/dh_installemacsen
2025-09-09 10:09:33 Binary: /bin/dh_installexamples
2025-09-09 10:09:33 Binary: /bin/dh_installgsettings
2025-09-09 10:09:33 Binary: /bin/dh_installifupdown
2025-09-09 10:09:33 Binary: /bin/dh_installinfo
2025-09-09 10:09:33 Binary: /bin/dh_installinit
2025-09-09 10:09:33 Binary: /bin/dh_installinitramfs
2025-09-09 10:09:33 Binary: /bin/dh_installlogcheck
2025-09-09 10:09:33 Binary: /bin/dh_installlogrotate
2025-09-09 10:09:33 Binary: /bin/dh_installman
2025-09-09 10:09:33 Binary: /bin/dh_installmanpages
2025-09-09 10:09:33 Binary: /bin/dh_installmenu
2025-09-09 10:09:33 Binary: /bin/dh_installmime
2025-09-09 10:09:33 Binary: /bin/dh_installmodules
2025-09-09 10:09:33 Binary: /bin/dh_installpam
2025-09-09 10:09:33 Binary: /bin/dh_installppp
2025-09-09 10:09:33 Binary: /bin/dh_installsystemd
2025-09-09 10:09:33 Binary: /bin/dh_installsystemduser
2025-09-09 10:09:33 Binary: /bin/dh_installsysusers
2025-09-09 10:09:33 Binary: /bin/dh_installtmpfiles
2025-09-09 10:09:33 Binary: /bin/dh_installudev
2025-09-09 10:09:33 Binary: /bin/dh_installwm
2025-09-09 10:09:33 Binary: /bin/dh_installxfonts
2025-09-09 10:09:33 Binary: /bin/dh_installxmlcatalogs
2025-09-09 10:09:33 Binary: /bin/dh_link
2025-09-09 10:09:33 Binary: /bin/dh_lintian
2025-09-09 10:09:33 Binary: /bin/dh_listpackages
2025-09-09 10:09:33 Binary: /bin/dh_makeshlibs
2025-09-09 10:09:33 Binary: /bin/dh_md5sums
2025-09-09 10:09:33 Binary: /bin/dh_missing
2025-09-09 10:09:33 Binary: /bin/dh_movefiles
2025-09-09 10:09:33 Binary: /bin/dh_numpy3
2025-09-09 10:09:33 Binary: /bin/dh_perl
2025-09-09 10:09:33 Binary: /bin/dh_perl_openssl
2025-09-09 10:09:33 Binary: /bin/dh_prep
2025-09-09 10:09:33 Binary: /bin/dh_python3-ply
2025-09-09 10:09:33 Binary: /bin/dh_shlibdeps
2025-09-09 10:09:33 Binary: /bin/dh_strip
2025-09-09 10:09:33 Binary: /bin/dh_strip_nondeterminism
2025-09-09 10:09:33 Binary: /bin/dh_systemd_enable
2025-09-09 10:09:33 Binary: /bin/dh_systemd_start
2025-09-09 10:09:33 Binary: /bin/dh_testdir
2025-09-09 10:09:33 Binary: /bin/dh_testroot
2025-09-09 10:09:33 Binary: /bin/dh_ucf
2025-09-09 10:09:33 Binary: /bin/dh_update_autotools_config
2025-09-09 10:09:33 Binary: /bin/dh_usrlocal
2025-09-09 10:09:33 Binary: /bin/diff
2025-09-09 10:09:33 Binary: /bin/diff2patches
2025-09-09 10:09:33 Binary: /bin/diff3
2025-09-09 10:09:33 Binary: /bin/diffimg
2025-09-09 10:09:33 Binary: /bin/diffstat
2025-09-09 10:09:33 Binary: /bin/dijkstra
2025-09-09 10:09:33 Binary: /bin/dir
2025-09-09 10:09:33 Binary: /bin/dircolors
2025-09-09 10:09:33 Binary: /bin/dirmngr
2025-09-09 10:09:33 Binary: /bin/dirmngr-client
2025-09-09 10:09:33 Binary: /bin/dirname
2025-09-09 10:09:33 Binary: /bin/dm-tool
2025-09-09 10:09:33 Binary: /bin/dmesg
2025-09-09 10:09:33 Binary: /bin/dnsdomainname
2025-09-09 10:09:33 Binary: /bin/domainname
2025-09-09 10:09:33 Binary: /bin/dot
2025-09-09 10:09:33 Binary: /bin/dot2gxl
2025-09-09 10:09:33 Binary: /bin/dot_builtins
2025-09-09 10:09:33 Binary: /bin/dotlockfile
2025-09-09 10:09:33 Binary: /bin/dotty
2025-09-09 10:09:33 Binary: /bin/dpkg
2025-09-09 10:09:33 Binary: /bin/dpkg-architecture
2025-09-09 10:09:33 Binary: /bin/dpkg-buildflags
2025-09-09 10:09:33 Binary: /bin/dpkg-buildpackage
2025-09-09 10:09:33 Binary: /bin/dpkg-checkbuilddeps
2025-09-09 10:09:33 Binary: /bin/dpkg-checkdeps
2025-09-09 10:09:33 Binary: /bin/dpkg-deb
2025-09-09 10:09:33 Binary: /bin/dpkg-depcheck
2025-09-09 10:09:33 Binary: /bin/dpkg-distaddfile
2025-09-09 10:09:33 Binary: /bin/dpkg-divert
2025-09-09 10:09:33 Binary: /bin/dpkg-genbuilddeps
2025-09-09 10:09:33 Binary: /bin/dpkg-genbuildinfo
2025-09-09 10:09:33 Binary: /bin/dpkg-genchanges
2025-09-09 10:09:33 Binary: /bin/dpkg-gencontrol
2025-09-09 10:09:33 Binary: /bin/dpkg-gensymbols
2025-09-09 10:09:33 Binary: /bin/dpkg-maintscript-helper
2025-09-09 10:09:33 Binary: /bin/dpkg-mergechangelogs
2025-09-09 10:09:33 Binary: /bin/dpkg-name
2025-09-09 10:09:33 Binary: /bin/dpkg-parsechangelog
2025-09-09 10:09:33 Binary: /bin/dpkg-query
2025-09-09 10:09:33 Binary: /bin/dpkg-realpath
2025-09-09 10:09:33 Binary: /bin/dpkg-ruby
2025-09-09 10:09:33 Binary: /bin/dpkg-scanpackages
2025-09-09 10:09:33 Binary: /bin/dpkg-scansources
2025-09-09 10:09:33 Binary: /bin/dpkg-shlibdeps
2025-09-09 10:09:33 Binary: /bin/dpkg-source
2025-09-09 10:09:33 Binary: /bin/dpkg-split
2025-09-09 10:09:33 Binary: /bin/dpkg-statoverride
2025-09-09 10:09:33 Binary: /bin/dpkg-trigger
2025-09-09 10:09:33 Binary: /bin/dpkg-vendor
2025-09-09 10:09:33 Binary: /bin/dput
2025-09-09 10:09:33 Binary: /bin/driverless
2025-09-09 10:09:33 Binary: /bin/driverless-fax
2025-09-09 10:09:33 Binary: /bin/dscextract
2025-09-09 10:09:33 Binary: /bin/dscverify
2025-09-09 10:09:33 Binary: /bin/dsymutil-14
2025-09-09 10:09:33 Binary: /bin/du
2025-09-09 10:09:33 Binary: /bin/dumpkeys
2025-09-09 10:09:33 Binary: /bin/dvipdf
2025-09-09 10:09:33 Binary: /bin/dwp
2025-09-09 10:09:33 Binary: /bin/dwz
2025-09-09 10:09:33 Binary: /bin/echo
2025-09-09 10:09:33 Binary: /bin/edgepaint
2025-09-09 10:09:33 Binary: /bin/edid-decode
2025-09-09 10:09:33 Binary: /bin/edit
2025-09-09 10:09:33 Binary: /bin/edit-patch
2025-09-09 10:09:33 Binary: /bin/editdiff
2025-09-09 10:09:33 Binary: /bin/editor
2025-09-09 10:09:33 Binary: /bin/editres
2025-09-09 10:09:33 Binary: /bin/eglinfo
2025-09-09 10:09:33 Binary: /bin/eglinfo.x86_64-linux-gnu
2025-09-09 10:09:33 Binary: /bin/egrep
2025-09-09 10:09:33 Binary: /bin/eject
2025-09-09 10:09:33 Binary: /bin/elfedit
2025-09-09 10:09:33 Binary: /bin/enc2xs
2025-09-09 10:09:33 Binary: /bin/encguess
2025-09-09 10:09:33 Binary: /bin/enchant-2
2025-09-09 10:09:33 Binary: /bin/enchant-lsmod-2
2025-09-09 10:09:33 Binary: /bin/engrampa
2025-09-09 10:09:33 Binary: /bin/env
2025-09-09 10:09:33 Binary: /bin/envsubst
2025-09-09 10:09:33 Binary: /bin/eom
2025-09-09 10:09:33 Binary: /bin/eps2eps
2025-09-09 10:09:33 Binary: /bin/eqn
2025-09-09 10:09:33 Binary: /bin/equivs-build
2025-09-09 10:09:33 Binary: /bin/equivs-control
2025-09-09 10:09:33 Binary: /bin/erb
2025-09-09 10:09:33 Binary: /bin/erb3.1
2025-09-09 10:09:33 Binary: /bin/es2_info
2025-09-09 10:09:33 Binary: /bin/es2_info.x86_64-linux-gnu
2025-09-09 10:09:33 Binary: /bin/es2gears_wayland
2025-09-09 10:09:33 Binary: /bin/es2gears_wayland.x86_64-linux-gnu
2025-09-09 10:09:33 Binary: /bin/es2gears_x11
2025-09-09 10:09:33 Binary: /bin/es2gears_x11.x86_64-linux-gnu
2025-09-09 10:09:33 Binary: /bin/es2tri
2025-09-09 10:09:33 Binary: /bin/es2tri.x86_64-linux-gnu
2025-09-09 10:09:33 Binary: /bin/espdiff
2025-09-09 10:09:33 Binary: /bin/etags
2025-09-09 10:09:33 Binary: /bin/ex
2025-09-09 10:09:33 Binary: /bin/expand
2025-09-09 10:09:33 Binary: /bin/expiry
2025-09-09 10:09:33 Binary: /bin/expr
2025-09-09 10:09:33 Binary: /bin/f2py
2025-09-09 10:09:33 Binary: /bin/f2py3
2025-09-09 10:09:33 Binary: /bin/f2py3.11
2025-09-09 10:09:33 Binary: /bin/factor
2025-09-09 10:09:33 Binary: /bin/fail2ban-client
2025-09-09 10:09:33 Binary: /bin/fail2ban-python
2025-09-09 10:09:33 Binary: /bin/fail2ban-regex
2025-09-09 10:09:33 Binary: /bin/fail2ban-server
2025-09-09 10:09:33   Found known binary: fail2ban-server (Security tool) - /bin/fail2ban-server
2025-09-09 10:09:33 Binary: /bin/fail2ban-testcases
2025-09-09 10:09:33 Binary: /bin/faillog
2025-09-09 10:09:33 Binary: /bin/faked-sysv
2025-09-09 10:09:33 Binary: /bin/faked-tcp
2025-09-09 10:09:33 Binary: /bin/fakeroot
2025-09-09 10:09:33 Binary: /bin/fakeroot-sysv
2025-09-09 10:09:33 Binary: /bin/fakeroot-tcp
2025-09-09 10:09:33 Binary: /bin/fallocate
2025-09-09 10:09:33 Binary: /bin/false
2025-09-09 10:09:33 Binary: /bin/fbterm
2025-09-09 10:09:33 Binary: /bin/fc-cache
2025-09-09 10:09:33 Binary: /bin/fc-cat
2025-09-09 10:09:33 Binary: /bin/fc-conflist
2025-09-09 10:09:33 Binary: /bin/fc-list
2025-09-09 10:09:33 Binary: /bin/fc-match
2025-09-09 10:09:33 Binary: /bin/fc-pattern
2025-09-09 10:09:33 Binary: /bin/fc-query
2025-09-09 10:09:33 Binary: /bin/fc-scan
2025-09-09 10:09:33 Binary: /bin/fc-validate
2025-09-09 10:09:33 Binary: /bin/fcitx-config-gtk3
2025-09-09 10:09:33 Binary: /bin/fdp
2025-09-09 10:09:33 Binary: /bin/ffmpeg
2025-09-09 10:09:33 Binary: /bin/ffmpegthumbnailer
2025-09-09 10:09:33 Binary: /bin/ffplay
2025-09-09 10:09:33 Binary: /bin/ffprobe
2025-09-09 10:09:33 Binary: /bin/fgconsole
2025-09-09 10:09:33 Binary: /bin/fgrep
2025-09-09 10:09:33 Binary: /bin/file
2025-09-09 10:09:33 Binary: /bin/file2brl
2025-09-09 10:09:33 Binary: /bin/filterdiff
2025-09-09 10:09:33 Binary: /bin/filterm
2025-09-09 10:09:33 Binary: /bin/fincore
2025-09-09 10:09:33 Binary: /bin/find
2025-09-09 10:09:33 Binary: /bin/findaffix
2025-09-09 10:09:33 Binary: /bin/findmnt
2025-09-09 10:09:33 Binary: /bin/findrule
2025-09-09 10:09:33 Binary: /bin/firecfg
2025-09-09 10:09:33 Binary: /bin/firefox
2025-09-09 10:09:33 Binary: /bin/firefox-esr
2025-09-09 10:09:33 Binary: /bin/firejail
2025-09-09 10:09:33 Binary: /bin/firemon
2025-09-09 10:09:33 Binary: /bin/fixcvsdiff
2025-09-09 10:09:33 Binary: /bin/flipdiff
2025-09-09 10:09:33 Binary: /bin/flock
2025-09-09 10:09:33 Binary: /bin/fmt
2025-09-09 10:09:33 Binary: /bin/fold
2025-09-09 10:09:33 Binary: /bin/fonttosfnt
2025-09-09 10:09:33 Binary: /bin/foomatic-rip
2025-09-09 10:09:33 Binary: /bin/free
2025-09-09 10:09:33 Binary: /bin/freshclam
2025-09-09 10:09:33 Binary: /bin/funzip
2025-09-09 10:09:33 Binary: /bin/fuser
2025-09-09 10:09:33 Binary: /bin/fusermount
2025-09-09 10:09:33 Binary: /bin/fusermount3
2025-09-09 10:09:33 Binary: /bin/g++
2025-09-09 10:09:33 Binary: /bin/g++-12
2025-09-09 10:09:33 Binary: /bin/gamma4scanimage
2025-09-09 10:09:33 Binary: /bin/gapplication
2025-09-09 10:09:33 Binary: /bin/gatttool
2025-09-09 10:09:33 Binary: /bin/gc
2025-09-09 10:09:33 Binary: /bin/gcc
2025-09-09 10:09:33 Binary: /bin/gcc-12
2025-09-09 10:09:33 Binary: /bin/gcc-ar
2025-09-09 10:09:33 Binary: /bin/gcc-ar-12
2025-09-09 10:09:33 Binary: /bin/gcc-nm
2025-09-09 10:09:33 Binary: /bin/gcc-nm-12
2025-09-09 10:09:33 Binary: /bin/gcc-ranlib
2025-09-09 10:09:33 Binary: /bin/gcc-ranlib-12
2025-09-09 10:09:33 Binary: /bin/gcov
2025-09-09 10:09:33 Binary: /bin/gcov-12
2025-09-09 10:09:33 Binary: /bin/gcov-dump
2025-09-09 10:09:33 Binary: /bin/gcov-dump-12
2025-09-09 10:09:33 Binary: /bin/gcov-tool
2025-09-09 10:09:33 Binary: /bin/gcov-tool-12
2025-09-09 10:09:33 Binary: /bin/gcr-viewer
2025-09-09 10:09:33 Binary: /bin/gdbus
2025-09-09 10:09:33 Binary: /bin/gdialog
2025-09-09 10:09:33 Binary: /bin/gdk-pixbuf-csource
2025-09-09 10:09:33 Binary: /bin/gdk-pixbuf-pixdata
2025-09-09 10:09:33 Binary: /bin/gdk-pixbuf-thumbnailer
2025-09-09 10:09:33 Binary: /bin/gem
2025-09-09 10:09:33 Binary: /bin/gem3.1
2025-09-09 10:09:33 Binary: /bin/genbrk
2025-09-09 10:09:33 Binary: /bin/gencat
2025-09-09 10:09:33 Binary: /bin/gencfu
2025-09-09 10:09:33 Binary: /bin/gencnval
2025-09-09 10:09:33 Binary: /bin/gendict
2025-09-09 10:09:33 Binary: /bin/genrb
2025-09-09 10:09:33 Binary: /bin/geqn
2025-09-09 10:09:33 Binary: /bin/get-edid
2025-09-09 10:09:33 Binary: /bin/getbuildlog
2025-09-09 10:09:33 Binary: /bin/getconf
2025-09-09 10:09:33 Binary: /bin/getent
2025-09-09 10:09:33 Binary: /bin/getfacl
2025-09-09 10:09:33 Binary: /bin/getkeycodes
2025-09-09 10:09:33 Binary: /bin/getopt
2025-09-09 10:09:33 Binary: /bin/gettext
2025-09-09 10:09:33 Binary: /bin/gettext.sh
2025-09-09 10:09:33 Binary: /bin/gettextize
2025-09-09 10:09:33 Binary: /bin/ghostscript
2025-09-09 10:09:33 Binary: /bin/gimp
2025-09-09 10:09:33 Binary: /bin/gimp-2.10
2025-09-09 10:09:33 Binary: /bin/gimp-console
2025-09-09 10:09:33 Binary: /bin/gimp-console-2.10
2025-09-09 10:09:33 Binary: /bin/gimp-test-clipboard-2.0
2025-09-09 10:09:33 Binary: /bin/gio
2025-09-09 10:09:33 Binary: /bin/gio-querymodules
2025-09-09 10:09:33 Binary: /bin/git
2025-09-09 10:09:33 Binary: /bin/git-deborig
2025-09-09 10:09:33 Binary: /bin/git-receive-pack
2025-09-09 10:09:33 Binary: /bin/git-shell
2025-09-09 10:09:33 Binary: /bin/git-upload-archive
2025-09-09 10:09:33 Binary: /bin/git-upload-pack
2025-09-09 10:09:33 Binary: /bin/gitdiff
2025-09-09 10:09:33 Binary: /bin/gitdiffview
2025-09-09 10:09:33 Binary: /bin/gitlab-api-v4
2025-09-09 10:09:33 Binary: /bin/glib-compile-schemas
2025-09-09 10:09:33 Binary: /bin/glxdemo
2025-09-09 10:09:33 Binary: /bin/glxdemo.x86_64-linux-gnu
2025-09-09 10:09:33 Binary: /bin/glxgears
2025-09-09 10:09:33 Binary: /bin/glxgears.x86_64-linux-gnu
2025-09-09 10:09:33 Binary: /bin/glxheads
2025-09-09 10:09:33 Binary: /bin/glxheads.x86_64-linux-gnu
2025-09-09 10:09:33 Binary: /bin/glxinfo
2025-09-09 10:09:33 Binary: /bin/glxinfo.x86_64-linux-gnu
2025-09-09 10:09:33 Binary: /bin/gmake
2025-09-09 10:09:33 Binary: /bin/gml2gv
2025-09-09 10:09:33 Binary: /bin/gnome-help
2025-09-09 10:09:33 Binary: /bin/gnome-keyring
2025-09-09 10:09:33 Binary: /bin/gnome-keyring-3
2025-09-09 10:09:33 Binary: /bin/gnome-keyring-daemon
2025-09-09 10:09:33 Binary: /bin/gnome-www-browser
2025-09-09 10:09:33 Binary: /bin/gold
2025-09-09 10:09:33 Binary: /bin/goldendict
2025-09-09 10:09:33 Binary: /bin/google-authenticator
2025-09-09 10:09:33 Binary: /bin/gp-archive
2025-09-09 10:09:33 Binary: /bin/gp-collect-app
2025-09-09 10:09:33 Binary: /bin/gp-display-html
2025-09-09 10:09:33 Binary: /bin/gp-display-src
2025-09-09 10:09:33 Binary: /bin/gp-display-text
2025-09-09 10:09:33 Binary: /bin/gpasswd
2025-09-09 10:09:33 Binary: /bin/gpg
2025-09-09 10:09:33 Binary: /bin/gpg-agent
2025-09-09 10:09:33 Binary: /bin/gpg-connect-agent
2025-09-09 10:09:33 Binary: /bin/gpg-wks-server
2025-09-09 10:09:33 Binary: /bin/gpg-zip
2025-09-09 10:09:33 Binary: /bin/gpg2
2025-09-09 10:09:33 Binary: /bin/gpgcompose
2025-09-09 10:09:33 Binary: /bin/gpgconf
2025-09-09 10:09:33 Binary: /bin/gpgparsemail
2025-09-09 10:09:33 Binary: /bin/gpgsm
2025-09-09 10:09:33 Binary: /bin/gpgsplit
2025-09-09 10:09:33 Binary: /bin/gpgtar
2025-09-09 10:09:33 Binary: /bin/gpgv
2025-09-09 10:09:33 Binary: /bin/gpic
2025-09-09 10:09:33 Binary: /bin/gprof
2025-09-09 10:09:33 Binary: /bin/gprofng
2025-09-09 10:09:33 Binary: /bin/graphml2gv
2025-09-09 10:09:33 Binary: /bin/grep
2025-09-09 10:09:33 Binary: /bin/grep-aptavail
2025-09-09 10:09:33 Binary: /bin/grep-available
2025-09-09 10:09:33 Binary: /bin/grep-dctrl
2025-09-09 10:09:33 Binary: /bin/grep-debtags
2025-09-09 10:09:33 Binary: /bin/grep-excuses
2025-09-09 10:09:33 Binary: /bin/grep-status
2025-09-09 10:09:33 Binary: /bin/grepdiff
2025-09-09 10:09:33 Binary: /bin/gresource
2025-09-09 10:09:33 Binary: /bin/groff
2025-09-09 10:09:33 Binary: /bin/grog
2025-09-09 10:09:33 Binary: /bin/grops
2025-09-09 10:09:33 Binary: /bin/grotty
2025-09-09 10:09:33 Binary: /bin/groups
2025-09-09 10:09:33 Binary: /bin/grub-editenv
2025-09-09 10:09:33 Binary: /bin/grub-file
2025-09-09 10:09:33 Binary: /bin/grub-fstest
2025-09-09 10:09:33 Binary: /bin/grub-glue-efi
2025-09-09 10:09:33 Binary: /bin/grub-kbdcomp
2025-09-09 10:09:33 Binary: /bin/grub-menulst2cfg
2025-09-09 10:09:33 Binary: /bin/grub-mkfont
2025-09-09 10:09:33 Binary: /bin/grub-mkimage
2025-09-09 10:09:33 Binary: /bin/grub-mklayout
2025-09-09 10:09:33 Binary: /bin/grub-mknetdir
2025-09-09 10:09:33 Binary: /bin/grub-mkpasswd-pbkdf2
2025-09-09 10:09:33 Binary: /bin/grub-mkrelpath
2025-09-09 10:09:33 Binary: /bin/grub-mkrescue
2025-09-09 10:09:33 Binary: /bin/grub-mkstandalone
2025-09-09 10:09:33 Binary: /bin/grub-mount
2025-09-09 10:09:33 Binary: /bin/grub-ntldr-img
2025-09-09 10:09:33 Binary: /bin/grub-render-label
2025-09-09 10:09:33 Binary: /bin/grub-script-check
2025-09-09 10:09:33 Binary: /bin/grub-syslinux2cfg
2025-09-09 10:09:33 Binary: /bin/gs
2025-09-09 10:09:33 Binary: /bin/gsbj
2025-09-09 10:09:33 Binary: /bin/gsdj
2025-09-09 10:09:33 Binary: /bin/gsdj500
2025-09-09 10:09:33 Binary: /bin/gsettings
2025-09-09 10:09:33 Binary: /bin/gslj
2025-09-09 10:09:33 Binary: /bin/gslp
2025-09-09 10:09:33 Binary: /bin/gsnd
2025-09-09 10:09:33 Binary: /bin/gtbl
2025-09-09 10:09:33 Binary: /bin/gtf
2025-09-09 10:09:33 Binary: /bin/gtk-builder-tool
2025-09-09 10:09:33 Binary: /bin/gtk-encode-symbolic-svg
2025-09-09 10:09:33 Binary: /bin/gtk-launch
2025-09-09 10:09:33 Binary: /bin/gtk-query-settings
2025-09-09 10:09:33 Binary: /bin/gtk-update-icon-cache
2025-09-09 10:09:33 Binary: /bin/gtk4-broadwayd
2025-09-09 10:09:33 Binary: /bin/gtk4-builder-tool
2025-09-09 10:09:33 Binary: /bin/gtk4-encode-symbolic-svg
2025-09-09 10:09:33 Binary: /bin/gtk4-launch
2025-09-09 10:09:33 Binary: /bin/gtk4-query-settings
2025-09-09 10:09:33 Binary: /bin/gtk4-update-icon-cache
2025-09-09 10:09:33 Binary: /bin/gts-config
2025-09-09 10:09:33 Binary: /bin/gts2dxf
2025-09-09 10:09:33 Binary: /bin/gts2oogl
2025-09-09 10:09:33 Binary: /bin/gts2stl
2025-09-09 10:09:33 Binary: /bin/gts2xyz
2025-09-09 10:09:33 Binary: /bin/gtscheck
2025-09-09 10:09:33 Binary: /bin/gtscompare
2025-09-09 10:09:33 Binary: /bin/gtstemplate
2025-09-09 10:09:33 Binary: /bin/gunzip
2025-09-09 10:09:33 Binary: /bin/gv2gml
2025-09-09 10:09:33 Binary: /bin/gv2gxl
2025-09-09 10:09:33 Binary: /bin/gvcolor
2025-09-09 10:09:33 Binary: /bin/gvgen
2025-09-09 10:09:33 Binary: /bin/gvmap
2025-09-09 10:09:33 Binary: /bin/gvmap.sh
2025-09-09 10:09:33 Binary: /bin/gvpack
2025-09-09 10:09:33 Binary: /bin/gvpr
2025-09-09 10:09:33 Binary: /bin/gxl2dot
2025-09-09 10:09:33 Binary: /bin/gxl2gv
2025-09-09 10:09:33 Binary: /bin/gzexe
2025-09-09 10:09:33 Binary: /bin/gzip
2025-09-09 10:09:33 Binary: /bin/h2ph
2025-09-09 10:09:33 Binary: /bin/h2xs
2025-09-09 10:09:33 Binary: /bin/hardening-check
2025-09-09 10:09:33 Binary: /bin/hardlink
2025-09-09 10:09:33 Binary: /bin/hardn
2025-09-09 10:09:33 Binary: /bin/hardn-api
2025-09-09 10:09:33 Binary: /bin/hardn-xdr
2025-09-09 10:09:33 Binary: /bin/hciattach
2025-09-09 10:09:33 Binary: /bin/hciconfig
2025-09-09 10:09:33 Binary: /bin/hcitool
2025-09-09 10:09:33 Binary: /bin/hd
2025-09-09 10:09:33 Binary: /bin/head
2025-09-09 10:09:33 Binary: /bin/helpztags
2025-09-09 10:09:33 Binary: /bin/hex2hcd
2025-09-09 10:09:33 Binary: /bin/hexdump
2025-09-09 10:09:33 Binary: /bin/hostid
2025-09-09 10:09:33 Binary: /bin/hostname
2025-09-09 10:09:33 Binary: /bin/hostnamectl
2025-09-09 10:09:33 Binary: /bin/hspell
2025-09-09 10:09:33 Binary: /bin/hspell-gui
2025-09-09 10:09:33 Binary: /bin/hspell-gui-heb
2025-09-09 10:09:33 Binary: /bin/hspell-i
2025-09-09 10:09:33 Binary: /bin/htop
2025-09-09 10:09:33 Binary: /bin/httpclient
2025-09-09 10:09:33 Binary: /bin/hunspell
2025-09-09 10:09:33 Binary: /bin/hw-probe
2025-09-09 10:09:33 Binary: /bin/i386
2025-09-09 10:09:33 Binary: /bin/iasl
2025-09-09 10:09:33 Binary: /bin/ibus
2025-09-09 10:09:33 Binary: /bin/ibus-daemon
2025-09-09 10:09:33 Binary: /bin/ibus-setup
2025-09-09 10:09:33 Binary: /bin/ibus-setup-hangul
2025-09-09 10:09:33 Binary: /bin/ical
2025-09-09 10:09:33 Binary: /bin/iceauth
2025-09-09 10:09:33 Binary: /bin/ico
2025-09-09 10:09:33 Binary: /bin/icombine
2025-09-09 10:09:33 Binary: /bin/iconv
2025-09-09 10:09:33 Binary: /bin/icuexportdata
2025-09-09 10:09:33 Binary: /bin/icuinfo
2025-09-09 10:09:33 Binary: /bin/id
2025-09-09 10:09:33 Binary: /bin/idate
2025-09-09 10:09:33 Binary: /bin/iecset
2025-09-09 10:09:33 Binary: /bin/ifnames
2025-09-09 10:09:33 Binary: /bin/ijoin
2025-09-09 10:09:33 Binary: /bin/im-config
2025-09-09 10:09:33 Binary: /bin/im-launch
2025-09-09 10:09:33 Binary: /bin/indi_dsi_ccd
2025-09-09 10:09:33 Binary: /bin/infocmp
2025-09-09 10:09:33 Binary: /bin/infotocap
2025-09-09 10:09:33 Binary: /bin/install
2025-09-09 10:09:33 Binary: /bin/install-menu
2025-09-09 10:09:33 Binary: /bin/install-printerdriver
2025-09-09 10:09:33 Binary: /bin/instmodsh
2025-09-09 10:09:33 Binary: /bin/intel-virtual-output
2025-09-09 10:09:33 Binary: /bin/interdiff
2025-09-09 10:09:33 Binary: /bin/ionice
2025-09-09 10:09:33 Binary: /bin/iostat
2025-09-09 10:09:33 Binary: /bin/ip
2025-09-09 10:09:33 Binary: /bin/ipcmk
2025-09-09 10:09:33 Binary: /bin/ipcrm
2025-09-09 10:09:33 Binary: /bin/ipcs
2025-09-09 10:09:33 Binary: /bin/ippfind
2025-09-09 10:09:33 Binary: /bin/ipptool
2025-09-09 10:09:33 Binary: /bin/ipraytime
2025-09-09 10:09:33 Binary: /bin/iptables-xml
2025-09-09 10:09:33 Binary: /bin/irb
2025-09-09 10:09:33 Binary: /bin/irb3.1
2025-09-09 10:09:33 Binary: /bin/ireminder
2025-09-09 10:09:33 Binary: /bin/ischroot
2025-09-09 10:09:33 Binary: /bin/isdv4-serial-debugger
2025-09-09 10:09:33 Binary: /bin/isdv4-serial-inputattach
2025-09-09 10:09:33 Binary: /bin/ispell
2025-09-09 10:09:33 Binary: /bin/ispell-wrapper
2025-09-09 10:09:33 Binary: /bin/ispell.real
2025-09-09 10:09:33 Binary: /bin/isympy
2025-09-09 10:09:33 Binary: /bin/isympy3
2025-09-09 10:09:33 Binary: /bin/jailcheck
2025-09-09 10:09:33 Binary: /bin/join
2025-09-09 10:09:33 Binary: /bin/join-dctrl
2025-09-09 10:09:33 Binary: /bin/journalctl
2025-09-09 10:09:33 Binary: /bin/json_pp
2025-09-09 10:09:33 Binary: /bin/json_xs
2025-09-09 10:09:33 Binary: /bin/kasumi
2025-09-09 10:09:33 Binary: /bin/kbd_mode
2025-09-09 10:09:33 Binary: /bin/kbdinfo
2025-09-09 10:09:33 Binary: /bin/kbxutil
2025-09-09 10:09:33 Binary: /bin/kernel-install
2025-09-09 10:09:33 Binary: /bin/kill
2025-09-09 10:09:33 Binary: /bin/killall
2025-09-09 10:09:33 Binary: /bin/kmod
2025-09-09 10:09:33 Binary: /bin/koi8rxterm
2025-09-09 10:09:33 Binary: /bin/konwert
2025-09-09 10:09:33 Binary: /bin/l2ping
2025-09-09 10:09:33 Binary: /bin/l2test
2025-09-09 10:09:33 Binary: /bin/last
2025-09-09 10:09:33 Binary: /bin/lastb
2025-09-09 10:09:33 Binary: /bin/lastlog
2025-09-09 10:09:33 Binary: /bin/lcf
2025-09-09 10:09:33 Binary: /bin/ld
2025-09-09 10:09:33 Binary: /bin/ld.bfd
2025-09-09 10:09:33 Binary: /bin/ld.gold
2025-09-09 10:09:33 Binary: /bin/ld.so
2025-09-09 10:09:33 Binary: /bin/ldd
2025-09-09 10:09:33 Binary: /bin/lefty
2025-09-09 10:09:33 Binary: /bin/less
2025-09-09 10:09:33 Binary: /bin/lessecho
2025-09-09 10:09:33 Binary: /bin/lessfile
2025-09-09 10:09:33 Binary: /bin/lesskey
2025-09-09 10:09:33 Binary: /bin/lesspipe
2025-09-09 10:09:33 Binary: /bin/lexgrog
2025-09-09 10:09:33 Binary: /bin/lgrep
2025-09-09 10:09:33 Binary: /bin/libnetcfg
2025-09-09 10:09:33 Binary: /bin/libtoolize
2025-09-09 10:09:33 Binary: /bin/licensecheck
2025-09-09 10:09:33 Binary: /bin/link
2025-09-09 10:09:33 Binary: /bin/lintian
2025-09-09 10:09:33 Binary: /bin/lintian-annotate-hints
2025-09-09 10:09:33 Binary: /bin/lintian-explain-tags
2025-09-09 10:09:33 Binary: /bin/lintian-info
2025-09-09 10:09:33 Binary: /bin/linux-boot-prober
2025-09-09 10:09:33 Binary: /bin/linux-check-removal
2025-09-09 10:09:33 Binary: /bin/linux-update-symlinks
2025-09-09 10:09:33 Binary: /bin/linux-version
2025-09-09 10:09:33 Binary: /bin/linux32
2025-09-09 10:09:33 Binary: /bin/linux64
2025-09-09 10:09:34 Binary: /bin/list-unreleased
2025-09-09 10:09:34 Binary: /bin/listres
2025-09-09 10:09:34 Binary: /bin/llc-14
2025-09-09 10:09:34 Binary: /bin/lli-14
2025-09-09 10:09:34 Binary: /bin/lli-child-target-14
2025-09-09 10:09:34 Binary: /bin/llvm-PerfectShuffle-14
2025-09-09 10:09:34 Binary: /bin/llvm-addr2line-14
2025-09-09 10:09:34 Binary: /bin/llvm-ar-14
2025-09-09 10:09:34 Binary: /bin/llvm-as-14
2025-09-09 10:09:34 Binary: /bin/llvm-bcanalyzer-14
2025-09-09 10:09:34 Binary: /bin/llvm-bitcode-strip-14
2025-09-09 10:09:34 Binary: /bin/llvm-c-test-14
2025-09-09 10:09:34 Binary: /bin/llvm-cat-14
2025-09-09 10:09:34 Binary: /bin/llvm-cfi-verify-14
2025-09-09 10:09:34 Binary: /bin/llvm-config-14
2025-09-09 10:09:34 Binary: /bin/llvm-cov-14
2025-09-09 10:09:34 Binary: /bin/llvm-cvtres-14
2025-09-09 10:09:34 Binary: /bin/llvm-cxxdump-14
2025-09-09 10:09:34 Binary: /bin/llvm-cxxfilt-14
2025-09-09 10:09:34 Binary: /bin/llvm-cxxmap-14
2025-09-09 10:09:34 Binary: /bin/llvm-debuginfod-find-14
2025-09-09 10:09:34 Binary: /bin/llvm-diff-14
2025-09-09 10:09:34 Binary: /bin/llvm-dis-14
2025-09-09 10:09:34 Binary: /bin/llvm-dlltool-14
2025-09-09 10:09:34 Binary: /bin/llvm-dwarfdump-14
2025-09-09 10:09:34 Binary: /bin/llvm-dwp-14
2025-09-09 10:09:34 Binary: /bin/llvm-exegesis-14
2025-09-09 10:09:34 Binary: /bin/llvm-extract-14
2025-09-09 10:09:34 Binary: /bin/llvm-gsymutil-14
2025-09-09 10:09:34 Binary: /bin/llvm-ifs-14
2025-09-09 10:09:34 Binary: /bin/llvm-install-name-tool-14
2025-09-09 10:09:34 Binary: /bin/llvm-jitlink-14
2025-09-09 10:09:34 Binary: /bin/llvm-jitlink-executor-14
2025-09-09 10:09:34 Binary: /bin/llvm-lib-14
2025-09-09 10:09:34 Binary: /bin/llvm-libtool-darwin-14
2025-09-09 10:09:34 Binary: /bin/llvm-link-14
2025-09-09 10:09:34 Binary: /bin/llvm-lipo-14
2025-09-09 10:09:34 Binary: /bin/llvm-lto-14
2025-09-09 10:09:34 Binary: /bin/llvm-lto2-14
2025-09-09 10:09:34 Binary: /bin/llvm-mc-14
2025-09-09 10:09:34 Binary: /bin/llvm-mca-14
2025-09-09 10:09:34 Binary: /bin/llvm-ml-14
2025-09-09 10:09:34 Binary: /bin/llvm-modextract-14
2025-09-09 10:09:34 Binary: /bin/llvm-mt-14
2025-09-09 10:09:34 Binary: /bin/llvm-nm-14
2025-09-09 10:09:34 Binary: /bin/llvm-objcopy-14
2025-09-09 10:09:34 Binary: /bin/llvm-objdump-14
2025-09-09 10:09:34 Binary: /bin/llvm-opt-report-14
2025-09-09 10:09:34 Binary: /bin/llvm-otool-14
2025-09-09 10:09:34 Binary: /bin/llvm-pdbutil-14
2025-09-09 10:09:34 Binary: /bin/llvm-profdata-14
2025-09-09 10:09:34 Binary: /bin/llvm-profgen-14
2025-09-09 10:09:34 Binary: /bin/llvm-ranlib-14
2025-09-09 10:09:34 Binary: /bin/llvm-rc-14
2025-09-09 10:09:34 Binary: /bin/llvm-readelf-14
2025-09-09 10:09:34 Binary: /bin/llvm-readobj-14
2025-09-09 10:09:34 Binary: /bin/llvm-reduce-14
2025-09-09 10:09:34 Binary: /bin/llvm-rtdyld-14
2025-09-09 10:09:34 Binary: /bin/llvm-sim-14
2025-09-09 10:09:34 Binary: /bin/llvm-size-14
2025-09-09 10:09:34 Binary: /bin/llvm-split-14
2025-09-09 10:09:34 Binary: /bin/llvm-stress-14
2025-09-09 10:09:34 Binary: /bin/llvm-strings-14
2025-09-09 10:09:34 Binary: /bin/llvm-strip-14
2025-09-09 10:09:34 Binary: /bin/llvm-symbolizer-14
2025-09-09 10:09:34 Binary: /bin/llvm-tapi-diff-14
2025-09-09 10:09:34 Binary: /bin/llvm-tblgen-14
2025-09-09 10:09:34 Binary: /bin/llvm-tli-checker-14
2025-09-09 10:09:34 Binary: /bin/llvm-undname-14
2025-09-09 10:09:34 Binary: /bin/llvm-windres-14
2025-09-09 10:09:34 Binary: /bin/llvm-xray-14
2025-09-09 10:09:34 Binary: /bin/ln
2025-09-09 10:09:34 Binary: /bin/lneato
2025-09-09 10:09:34 Binary: /bin/lnstat
2025-09-09 10:09:34 Binary: /bin/loadkeys
2025-09-09 10:09:34 Binary: /bin/loadunimap
2025-09-09 10:09:34 Binary: /bin/locale
2025-09-09 10:09:34 Binary: /bin/localectl
2025-09-09 10:09:34 Binary: /bin/localedef
2025-09-09 10:09:34 Binary: /bin/logger
2025-09-09 10:09:34 Binary: /bin/login
2025-09-09 10:09:34 Binary: /bin/loginctl
2025-09-09 10:09:34 Binary: /bin/logname
2025-09-09 10:09:34 Binary: /bin/look
2025-09-09 10:09:34 Binary: /bin/lowntfs-3g
2025-09-09 10:09:34 Binary: /bin/lp
2025-09-09 10:09:34 Binary: /bin/lpoptions
2025-09-09 10:09:34 Binary: /bin/lpstat
2025-09-09 10:09:34 Binary: /bin/ls
2025-09-09 10:09:34 Binary: /bin/lsattr
2025-09-09 10:09:34 Binary: /bin/lsb_release
2025-09-09 10:09:34 Binary: /bin/lsblk
2025-09-09 10:09:34 Binary: /bin/lscpu
2025-09-09 10:09:34 Binary: /bin/lsdiff
2025-09-09 10:09:34 Binary: /bin/lsfd
2025-09-09 10:09:34 Binary: /bin/lsinitramfs
2025-09-09 10:09:34 Binary: /bin/lsipc
2025-09-09 10:09:34 Binary: /bin/lsirq
2025-09-09 10:09:34 Binary: /bin/lslocks
2025-09-09 10:09:34 Binary: /bin/lslogins
2025-09-09 10:09:34 Binary: /bin/lsmem
2025-09-09 10:09:34 Binary: /bin/lsmod
2025-09-09 10:09:34 Binary: /bin/lsns
2025-09-09 10:09:34 Binary: /bin/lsof
2025-09-09 10:09:34 Binary: /bin/lspci
2025-09-09 10:09:34 Binary: /bin/lspgpot
2025-09-09 10:09:34 Binary: /bin/lspower
2025-09-09 10:09:34 Binary: /bin/lsusb
2025-09-09 10:09:34 Binary: /bin/ltnu
2025-09-09 10:09:34 Binary: /bin/lto-dump
2025-09-09 10:09:34 Binary: /bin/lto-dump-12
2025-09-09 10:09:34 Binary: /bin/luit
2025-09-09 10:09:34 Binary: /bin/lv
2025-09-09 10:09:34 Binary: /bin/lwp-download
2025-09-09 10:09:34 Binary: /bin/lwp-dump
2025-09-09 10:09:34 Binary: /bin/lwp-mirror
2025-09-09 10:09:34 Binary: /bin/lwp-request
2025-09-09 10:09:34 Binary: /bin/lxterm
2025-09-09 10:09:34 Binary: /bin/lynx
2025-09-09 10:09:34 Binary: /bin/lzcat
2025-09-09 10:09:34 Binary: /bin/lzcmp
2025-09-09 10:09:34 Binary: /bin/lzdiff
2025-09-09 10:09:34 Binary: /bin/lzegrep
2025-09-09 10:09:34 Binary: /bin/lzfgrep
2025-09-09 10:09:34 Binary: /bin/lzgrep
2025-09-09 10:09:34 Binary: /bin/lzip
2025-09-09 10:09:34 Binary: /bin/lzip-compressor
2025-09-09 10:09:34 Binary: /bin/lzip-decompressor
2025-09-09 10:09:34 Binary: /bin/lzip.plzip
2025-09-09 10:09:34 Binary: /bin/lzless
2025-09-09 10:09:34 Binary: /bin/lzma
2025-09-09 10:09:34 Binary: /bin/lzmainfo
2025-09-09 10:09:34 Binary: /bin/lzmore
2025-09-09 10:09:34 Binary: /bin/lzop
2025-09-09 10:09:34 Binary: /bin/m17n-db
2025-09-09 10:09:34 Binary: /bin/m4
2025-09-09 10:09:34 Binary: /bin/mail
2025-09-09 10:09:34 Binary: /bin/mailq
2025-09-09 10:09:34 Binary: /bin/mailx
2025-09-09 10:09:34 Binary: /bin/make
2025-09-09 10:09:34 Binary: /bin/make-first-existing-target
2025-09-09 10:09:34 Binary: /bin/makeconv
2025-09-09 10:09:34 Binary: /bin/man
2025-09-09 10:09:34 Binary: /bin/man-recode
2025-09-09 10:09:34 Binary: /bin/mandb
2025-09-09 10:09:34 Binary: /bin/manpage-alert
2025-09-09 10:09:34 Binary: /bin/manpath
2025-09-09 10:09:34 Binary: /bin/mapscrn
2025-09-09 10:09:34 Binary: /bin/marco
2025-09-09 10:09:34 Binary: /bin/marco-message
2025-09-09 10:09:34 Binary: /bin/marco-theme-viewer
2025-09-09 10:09:34 Binary: /bin/marco-window-demo
2025-09-09 10:09:34 Binary: /bin/mass-bug
2025-09-09 10:09:34 Binary: /bin/masscan
2025-09-09 10:09:34 Binary: /bin/mate-about
2025-09-09 10:09:34 Binary: /bin/mate-about-me
2025-09-09 10:09:34 Binary: /bin/mate-appearance-properties
2025-09-09 10:09:34 Binary: /bin/mate-at-properties
2025-09-09 10:09:34 Binary: /bin/mate-calc
2025-09-09 10:09:34 Binary: /bin/mate-calc-cmd
2025-09-09 10:09:34 Binary: /bin/mate-calculator
2025-09-09 10:09:34 Binary: /bin/mate-color-select
2025-09-09 10:09:34 Binary: /bin/mate-control-center
2025-09-09 10:09:34 Binary: /bin/mate-cpufreq-selector
2025-09-09 10:09:34 Binary: /bin/mate-default-applications-properties
2025-09-09 10:09:34 Binary: /bin/mate-desktop-item-edit
2025-09-09 10:09:34 Binary: /bin/mate-dictionary
2025-09-09 10:09:34 Binary: /bin/mate-disk-image-mounter
2025-09-09 10:09:34 Binary: /bin/mate-disk-usage-analyzer
2025-09-09 10:09:34 Binary: /bin/mate-display-properties
2025-09-09 10:09:34 Binary: /bin/mate-font-viewer
2025-09-09 10:09:34 Binary: /bin/mate-keybinding-properties
2025-09-09 10:09:34 Binary: /bin/mate-keyboard-properties
2025-09-09 10:09:34 Binary: /bin/mate-mouse-properties
2025-09-09 10:09:34 Binary: /bin/mate-network-properties
2025-09-09 10:09:34 Binary: /bin/mate-notification-properties
2025-09-09 10:09:34 Binary: /bin/mate-panel
2025-09-09 10:09:34 Binary: /bin/mate-panel-screenshot
2025-09-09 10:09:34 Binary: /bin/mate-panel-test-applets
2025-09-09 10:09:34 Binary: /bin/mate-power-manager
2025-09-09 10:09:34 Binary: /bin/mate-power-preferences
2025-09-09 10:09:34 Binary: /bin/mate-power-statistics
2025-09-09 10:09:34 Binary: /bin/mate-screensaver
2025-09-09 10:09:34 Binary: /bin/mate-screensaver-command
2025-09-09 10:09:34 Binary: /bin/mate-screensaver-preferences
2025-09-09 10:09:34 Binary: /bin/mate-screenshot
2025-09-09 10:09:34 Binary: /bin/mate-search-tool
2025-09-09 10:09:34 Binary: /bin/mate-session
2025-09-09 10:09:34 Binary: /bin/mate-session-inhibit
2025-09-09 10:09:34 Binary: /bin/mate-session-properties
2025-09-09 10:09:34 Binary: /bin/mate-session-save
2025-09-09 10:09:34 Binary: /bin/mate-settings-daemon
2025-09-09 10:09:34 Binary: /bin/mate-system-log
2025-09-09 10:09:34 Binary: /bin/mate-system-monitor
2025-09-09 10:09:34 Binary: /bin/mate-terminal
2025-09-09 10:09:34 Binary: /bin/mate-terminal.wrapper
2025-09-09 10:09:34 Binary: /bin/mate-thumbnail-font
2025-09-09 10:09:34 Binary: /bin/mate-time-admin
2025-09-09 10:09:34 Binary: /bin/mate-typing-monitor
2025-09-09 10:09:34 Binary: /bin/mate-volume-control
2025-09-09 10:09:34 Binary: /bin/mate-volume-control-status-icon
2025-09-09 10:09:34 Binary: /bin/mate-window-properties
2025-09-09 10:09:34 Binary: /bin/mate-wm
2025-09-09 10:09:34 Binary: /bin/mawk
2025-09-09 10:09:34 Binary: /bin/mbim-network
2025-09-09 10:09:34 Binary: /bin/mbimcli
2025-09-09 10:09:34 Binary: /bin/mcookie
2025-09-09 10:09:34 Binary: /bin/md5sum
2025-09-09 10:09:34 Binary: /bin/md5sum.textutils
2025-09-09 10:09:34 Binary: /bin/mech-dump
2025-09-09 10:09:34 Binary: /bin/memusage
2025-09-09 10:09:34 Binary: /bin/memusagestat
2025-09-09 10:09:34 Binary: /bin/mergechanges
2025-09-09 10:09:34 Binary: /bin/mesa-overlay-control.py
2025-09-09 10:09:34 Binary: /bin/mesg
2025-09-09 10:09:34 Binary: /bin/migrate-pubring-from-classic-gpg
2025-09-09 10:09:34 Binary: /bin/mimeopen
2025-09-09 10:09:34 Binary: /bin/mimetype
2025-09-09 10:09:34 Binary: /bin/mingle
2025-09-09 10:09:34 Binary: /bin/mk-build-deps
2025-09-09 10:09:34 Binary: /bin/mk-origtargz
2025-09-09 10:09:34 Binary: /bin/mk_modmap
2025-09-09 10:09:34 Binary: /bin/mkdir
2025-09-09 10:09:34 Binary: /bin/mkfifo
2025-09-09 10:09:34 Binary: /bin/mkfontdir
2025-09-09 10:09:34 Binary: /bin/mkfontscale
2025-09-09 10:09:34 Binary: /bin/mknod
2025-09-09 10:09:34 Binary: /bin/mkpasswd
2025-09-09 10:09:34 Binary: /bin/mktemp
2025-09-09 10:09:34 Binary: /bin/mlcc
2025-09-09 10:09:34 Binary: /bin/mlclient
2025-09-09 10:09:34 Binary: /bin/mlterm
2025-09-09 10:09:34 Binary: /bin/mm2gv
2025-09-09 10:09:34 Binary: /bin/mmcli
2025-09-09 10:09:34 Binary: /bin/monitor-sensor
2025-09-09 10:09:34 Binary: /bin/more
2025-09-09 10:09:34 Binary: /bin/mount
2025-09-09 10:09:34   Fount known binary: mount (File system tool) - /bin/mount
2025-09-09 10:09:34 Binary: /bin/mountpoint
2025-09-09 10:09:34 Binary: /bin/mpris-proxy
2025-09-09 10:09:34 Binary: /bin/mpstat
2025-09-09 10:09:34 Binary: /bin/msd-datetime-mechanism
2025-09-09 10:09:34 Binary: /bin/msd-locate-pointer
2025-09-09 10:09:34 Binary: /bin/msgattrib
2025-09-09 10:09:34 Binary: /bin/msgcat
2025-09-09 10:09:34 Binary: /bin/msgcmp
2025-09-09 10:09:34 Binary: /bin/msgcomm
2025-09-09 10:09:34 Binary: /bin/msgconv
2025-09-09 10:09:34 Binary: /bin/msgen
2025-09-09 10:09:34 Binary: /bin/msgexec
2025-09-09 10:09:34 Binary: /bin/msgfilter
2025-09-09 10:09:34 Binary: /bin/msgfmt
2025-09-09 10:09:34 Binary: /bin/msggrep
2025-09-09 10:09:34 Binary: /bin/msginit
2025-09-09 10:09:34 Binary: /bin/msgmerge
2025-09-09 10:09:34 Binary: /bin/msgunfmt
2025-09-09 10:09:34 Binary: /bin/msguniq
2025-09-09 10:09:34 Binary: /bin/mt
2025-09-09 10:09:34 Binary: /bin/mt-gnu
2025-09-09 10:09:34 Binary: /bin/mtrace
2025-09-09 10:09:34 Binary: /bin/multispell
2025-09-09 10:09:34 Binary: /bin/munchlist
2025-09-09 10:09:34 Binary: /bin/mv
2025-09-09 10:09:34 Binary: /bin/namecheck
2025-09-09 10:09:34 Binary: /bin/namei
2025-09-09 10:09:34 Binary: /bin/nano
2025-09-09 10:09:34 Binary: /bin/nawk
2025-09-09 10:09:34 Binary: /bin/nc
2025-09-09 10:09:34 Binary: /bin/nc.openbsd
2025-09-09 10:09:34 Binary: /bin/ncurses5-config
2025-09-09 10:09:34 Binary: /bin/ncurses6-config
2025-09-09 10:09:34 Binary: /bin/ncursesw5-config
2025-09-09 10:09:34 Binary: /bin/ncursesw6-config
2025-09-09 10:09:34 Binary: /bin/neato
2025-09-09 10:09:34 Binary: /bin/neqn
2025-09-09 10:09:34 Binary: /bin/netcat
2025-09-09 10:09:34 Binary: /bin/netstat
2025-09-09 10:09:34 Binary: /bin/networkctl
2025-09-09 10:09:34 Binary: /bin/newaliases
2025-09-09 10:09:34 Binary: /bin/newgrp
2025-09-09 10:09:34 Binary: /bin/ngettext
2025-09-09 10:09:34 Binary: /bin/nice
2025-09-09 10:09:34 Binary: /bin/ninja
2025-09-09 10:09:34 Binary: /bin/nisdomainname
2025-09-09 10:09:34 Binary: /bin/nkf
2025-09-09 10:09:34 Binary: /bin/nl
2025-09-09 10:09:34 Binary: /bin/nm
2025-09-09 10:09:34 Binary: /bin/nm-applet
2025-09-09 10:09:34 Binary: /bin/nm-connection-editor
2025-09-09 10:09:34 Binary: /bin/nm-online
2025-09-09 10:09:34 Binary: /bin/nmap
2025-09-09 10:09:34 Binary: /bin/nmcli
2025-09-09 10:09:34 Binary: /bin/nmtui
2025-09-09 10:09:34 Binary: /bin/nmtui-connect
2025-09-09 10:09:34 Binary: /bin/nmtui-edit
2025-09-09 10:09:34 Binary: /bin/nmtui-hostname
2025-09-09 10:09:34 Binary: /bin/nmudiff
2025-09-09 10:09:34 Binary: /bin/nohup
2025-09-09 10:09:34 Binary: /bin/nop
2025-09-09 10:09:34 Binary: /bin/normalizer
2025-09-09 10:09:34 Binary: /bin/not-14
2025-09-09 10:09:34 Binary: /bin/nping
2025-09-09 10:09:34 Binary: /bin/nproc
2025-09-09 10:09:34 Binary: /bin/nroff
2025-09-09 10:09:34 Binary: /bin/nsenter
2025-09-09 10:09:34 Binary: /bin/nstat
2025-09-09 10:09:34 Binary: /bin/ntfs-3g
2025-09-09 10:09:34 Binary: /bin/ntfs-3g.probe
2025-09-09 10:09:34 Binary: /bin/ntfscat
2025-09-09 10:09:34 Binary: /bin/ntfscluster
2025-09-09 10:09:34 Binary: /bin/ntfscmp
2025-09-09 10:09:34 Binary: /bin/ntfsdecrypt
2025-09-09 10:09:34 Binary: /bin/ntfsfallocate
2025-09-09 10:09:34 Binary: /bin/ntfsfix
2025-09-09 10:09:34 Binary: /bin/ntfsinfo
2025-09-09 10:09:34 Binary: /bin/ntfsls
2025-09-09 10:09:34 Binary: /bin/ntfsmove
2025-09-09 10:09:34 Binary: /bin/ntfsrecover
2025-09-09 10:09:34 Binary: /bin/ntfssecaudit
2025-09-09 10:09:34 Binary: /bin/ntfstruncate
2025-09-09 10:09:34 Binary: /bin/ntfsusermap
2025-09-09 10:09:34 Binary: /bin/ntfswipe
2025-09-09 10:09:34 Binary: /bin/ntpdig
2025-09-09 10:09:34 Binary: /bin/numfmt
2025-09-09 10:09:34 Binary: /bin/nvim
2025-09-09 10:09:34 Binary: /bin/obexctl
2025-09-09 10:09:34 Binary: /bin/obj2yaml-14
2025-09-09 10:09:34 Binary: /bin/objcopy
2025-09-09 10:09:34 Binary: /bin/objdump
2025-09-09 10:09:34 Binary: /bin/oclock
2025-09-09 10:09:34 Binary: /bin/od
2025-09-09 10:09:34 Binary: /bin/on_ac_power
2025-09-09 10:09:34 Binary: /bin/open
2025-09-09 10:09:34 Binary: /bin/opencc
2025-09-09 10:09:34 Binary: /bin/opencc_dict
2025-09-09 10:09:34 Binary: /bin/opencc_phrase_extract
2025-09-09 10:09:34 Binary: /bin/openssl
2025-09-09 10:09:34 Binary: /bin/openvt
2025-09-09 10:09:34 Binary: /bin/opt-14
2025-09-09 10:09:34 Binary: /bin/orca
2025-09-09 10:09:34 Binary: /bin/orca-dm-wrapper
2025-09-09 10:09:34 Binary: /bin/origtargz
2025-09-09 10:09:34 Binary: /bin/os-prober
2025-09-09 10:09:34 Binary: /bin/osage
2025-09-09 10:09:34 Binary: /bin/p11-kit
2025-09-09 10:09:34 Binary: /bin/p7zip
2025-09-09 10:09:34 Binary: /bin/pa-info
2025-09-09 10:09:34 Binary: /bin/pacat
2025-09-09 10:09:34 Binary: /bin/pacmd
2025-09-09 10:09:34 Binary: /bin/pactl
2025-09-09 10:09:34 Binary: /bin/padsp
2025-09-09 10:09:34 Binary: /bin/pager
2025-09-09 10:09:34 Binary: /bin/pamon
2025-09-09 10:09:34 Binary: /bin/paperconf
2025-09-09 10:09:34 Binary: /bin/paplay
2025-09-09 10:09:34 Binary: /bin/parec
2025-09-09 10:09:34 Binary: /bin/parecord
2025-09-09 10:09:34 Binary: /bin/parse-edid
2025-09-09 10:09:34 Binary: /bin/partx
2025-09-09 10:09:34 Binary: /bin/pass
2025-09-09 10:09:34 Binary: /bin/passwd
2025-09-09 10:09:34 Binary: /bin/paste
2025-09-09 10:09:34 Binary: /bin/pasuspender
2025-09-09 10:09:34 Binary: /bin/patch
2025-09-09 10:09:34 Binary: /bin/patchview
2025-09-09 10:09:34 Binary: /bin/patchwork
2025-09-09 10:09:34 Binary: /bin/pathchk
2025-09-09 10:09:34 Binary: /bin/pax11publish
2025-09-09 10:09:34 Binary: /bin/pbzip2
2025-09-09 10:09:34 Binary: /bin/pdb3
2025-09-09 10:09:34 Binary: /bin/pdb3.11
2025-09-09 10:09:34 Binary: /bin/pdf2dsc
2025-09-09 10:09:34 Binary: /bin/pdf2ps
2025-09-09 10:09:34 Binary: /bin/pdfattach
2025-09-09 10:09:34 Binary: /bin/pdfdetach
2025-09-09 10:09:34 Binary: /bin/pdffonts
2025-09-09 10:09:34 Binary: /bin/pdfimages
2025-09-09 10:09:34 Binary: /bin/pdfinfo
2025-09-09 10:09:34 Binary: /bin/pdfseparate
2025-09-09 10:09:34 Binary: /bin/pdfsig
2025-09-09 10:09:34 Binary: /bin/pdftocairo
2025-09-09 10:09:34 Binary: /bin/pdftohtml
2025-09-09 10:09:34 Binary: /bin/pdftoppm
2025-09-09 10:09:34 Binary: /bin/pdftops
2025-09-09 10:09:34 Binary: /bin/pdftotext
2025-09-09 10:09:34 Binary: /bin/pdfunite
2025-09-09 10:09:34 Binary: /bin/peekfd
2025-09-09 10:09:34 Binary: /bin/perl
2025-09-09 10:09:34 Binary: /bin/perl5.36-x86_64-linux-gnu
2025-09-09 10:09:34 Binary: /bin/perl5.36.0
2025-09-09 10:09:34 Binary: /bin/perlbug
2025-09-09 10:09:34 Binary: /bin/perldoc
2025-09-09 10:09:34 Binary: /bin/perli11ndoc
2025-09-09 10:09:34 Binary: /bin/perlivp
2025-09-09 10:09:34 Binary: /bin/perlthanks
2025-09-09 10:09:34 Binary: /bin/pf2afm
2025-09-09 10:09:34 Binary: /bin/pfbtopfa
2025-09-09 10:09:34 Binary: /bin/pgrep
2025-09-09 10:09:34 Binary: /bin/pic
2025-09-09 10:09:34 Binary: /bin/pico
2025-09-09 10:09:34 Binary: /bin/piconv
2025-09-09 10:09:34 Binary: /bin/pidof
2025-09-09 10:09:34 Binary: /bin/pidstat
2025-09-09 10:09:34 Binary: /bin/pidwait
2025-09-09 10:09:34 Binary: /bin/pinentry
2025-09-09 10:09:34 Binary: /bin/pinentry-curses
2025-09-09 10:09:34 Binary: /bin/pinentry-gnome3
2025-09-09 10:09:34 Binary: /bin/pinentry-x11
2025-09-09 10:09:34 Binary: /bin/ping
2025-09-09 10:09:34 Binary: /bin/ping4
2025-09-09 10:09:34 Binary: /bin/ping6
2025-09-09 10:09:34 Binary: /bin/pinky
2025-09-09 10:09:34 Binary: /bin/pip
2025-09-09 10:09:34 Binary: /bin/pip3
2025-09-09 10:09:34 Binary: /bin/pip3.11
2025-09-09 10:09:34 Binary: /bin/pixz
2025-09-09 10:09:34 Binary: /bin/pkaction
2025-09-09 10:09:34 Binary: /bin/pkcheck
2025-09-09 10:09:34 Binary: /bin/pkcon
2025-09-09 10:09:34 Binary: /bin/pkexec
2025-09-09 10:09:34 Binary: /bin/pkg-config
2025-09-09 10:09:34 Binary: /bin/pkgconf
2025-09-09 10:09:34 Binary: /bin/pkgdata
2025-09-09 10:09:34 Binary: /bin/pkill
2025-09-09 10:09:34 Binary: /bin/pkmon
2025-09-09 10:09:34 Binary: /bin/pkttyagent
2025-09-09 10:09:34 Binary: /bin/pl2pm
2025-09-09 10:09:34 Binary: /bin/pldd
2025-09-09 10:09:34 Binary: /bin/plog
2025-09-09 10:09:34 Binary: /bin/plotchangelog
2025-09-09 10:09:34 Binary: /bin/pluma
2025-09-09 10:09:34 Binary: /bin/plymouth
2025-09-09 10:09:34 Binary: /bin/plzip
2025-09-09 10:09:34 Binary: /bin/pmap
2025-09-09 10:09:34 Binary: /bin/po2debconf
2025-09-09 10:09:34 Binary: /bin/pod2html
2025-09-09 10:09:34 Binary: /bin/pod2man
2025-09-09 10:09:34 Binary: /bin/pod2text
2025-09-09 10:09:34 Binary: /bin/pod2usage
2025-09-09 10:09:34 Binary: /bin/podchecker
2025-09-09 10:09:34 Binary: /bin/podebconf-display-po
2025-09-09 10:09:34 Binary: /bin/podebconf-report-po
2025-09-09 10:09:34 Binary: /bin/podselect
2025-09-09 10:09:34 Binary: /bin/poff
2025-09-09 10:09:34 Binary: /bin/pon
2025-09-09 10:09:34 Binary: /bin/ppdc
2025-09-09 10:09:34 Binary: /bin/ppdhtml
2025-09-09 10:09:34 Binary: /bin/ppdi
2025-09-09 10:09:34 Binary: /bin/ppdmerge
2025-09-09 10:09:34 Binary: /bin/ppdpo
2025-09-09 10:09:34 Binary: /bin/pphs
2025-09-09 10:09:34 Binary: /bin/pr
2025-09-09 10:09:34 Binary: /bin/precat
2025-09-09 10:09:34 Binary: /bin/preconv
2025-09-09 10:09:34 Binary: /bin/presage_demo
2025-09-09 10:09:34 Binary: /bin/presage_demo_text
2025-09-09 10:09:34 Binary: /bin/presage_simulator
2025-09-09 10:09:34 Binary: /bin/preunzip
2025-09-09 10:09:34 Binary: /bin/prezip
2025-09-09 10:09:34 Binary: /bin/prezip-bin
2025-09-09 10:09:34 Binary: /bin/print
2025-09-09 10:09:34 Binary: /bin/printafm
2025-09-09 10:09:34 Binary: /bin/printenv
2025-09-09 10:09:34 Binary: /bin/printf
2025-09-09 10:09:34 Binary: /bin/pristine-bz2
2025-09-09 10:09:34 Binary: /bin/pristine-gz
2025-09-09 10:09:34 Binary: /bin/pristine-tar
2025-09-09 10:09:34 Binary: /bin/pristine-xz
2025-09-09 10:09:34 Binary: /bin/prlimit
2025-09-09 10:09:34 Binary: /bin/prove
2025-09-09 10:09:34 Binary: /bin/prtstat
2025-09-09 10:09:34 Binary: /bin/prune
2025-09-09 10:09:34 Binary: /bin/ps
2025-09-09 10:09:34 Binary: /bin/ps2ascii
2025-09-09 10:09:34 Binary: /bin/ps2epsi
2025-09-09 10:09:34 Binary: /bin/ps2pdf
2025-09-09 10:09:34 Binary: /bin/ps2pdf12
2025-09-09 10:09:34 Binary: /bin/ps2pdf13
2025-09-09 10:09:34 Binary: /bin/ps2pdf14
2025-09-09 10:09:34 Binary: /bin/ps2pdfwr
2025-09-09 10:09:34 Binary: /bin/ps2ps
2025-09-09 10:09:34 Binary: /bin/ps2ps2
2025-09-09 10:09:34 Binary: /bin/ps2txt
2025-09-09 10:09:34 Binary: /bin/psfaddtable
2025-09-09 10:09:34 Binary: /bin/psfgettable
2025-09-09 10:09:34 Binary: /bin/psfstriptable
2025-09-09 10:09:34 Binary: /bin/psfxtable
2025-09-09 10:09:34 Binary: /bin/pslog
2025-09-09 10:09:34 Binary: /bin/pstree
2025-09-09 10:09:34 Binary: /bin/pstree.x11
2025-09-09 10:09:34 Binary: /bin/ptar
2025-09-09 10:09:34 Binary: /bin/ptardiff
2025-09-09 10:09:34 Binary: /bin/ptargrep
2025-09-09 10:09:34 Binary: /bin/ptked
2025-09-09 10:09:34 Binary: /bin/ptksh
2025-09-09 10:09:34 Binary: /bin/pts-subscribe
2025-09-09 10:09:34 Binary: /bin/pts-unsubscribe
2025-09-09 10:09:34 Binary: /bin/ptx
2025-09-09 10:09:34 Binary: /bin/pulseaudio
2025-09-09 10:09:34 Binary: /bin/pwd
2025-09-09 10:09:34 Binary: /bin/pwdx
2025-09-09 10:09:34 Binary: /bin/py3clean
2025-09-09 10:09:34 Binary: /bin/py3compile
2025-09-09 10:09:34 Binary: /bin/py3versions
2025-09-09 10:09:34 Binary: /bin/pydoc3
2025-09-09 10:09:34 Binary: /bin/pydoc3.11
2025-09-09 10:09:34 Binary: /bin/pygettext3
2025-09-09 10:09:34 Binary: /bin/pygettext3.11
2025-09-09 10:09:34 Binary: /bin/pygmentize
2025-09-09 10:09:34 Binary: /bin/python3
2025-09-09 10:09:34 Binary: /bin/python3-config
2025-09-09 10:09:34 Binary: /bin/python3-unidiff
2025-09-09 10:09:34 Binary: /bin/python3.11
2025-09-09 10:09:34 Binary: /bin/python3.11-config
2025-09-09 10:09:34 Binary: /bin/pythran
2025-09-09 10:09:34 Binary: /bin/pythran-config
2025-09-09 10:09:34 Binary: /bin/pzstd
2025-09-09 10:09:34 Binary: /bin/qmi-firmware-update
2025-09-09 10:09:34 Binary: /bin/qmi-network
2025-09-09 10:09:34 Binary: /bin/qmicli
2025-09-09 10:09:34 Binary: /bin/qrencode
2025-09-09 10:09:34 Binary: /bin/qt-faststart
2025-09-09 10:09:34 Binary: /bin/racc3.1
2025-09-09 10:09:34 Binary: /bin/rake
2025-09-09 10:09:34 Binary: /bin/rake3.1
2025-09-09 10:09:34 Binary: /bin/ranlib
2025-09-09 10:09:34 Binary: /bin/rbash
2025-09-09 10:09:34 Binary: /bin/rbs3.1
2025-09-09 10:09:34 Binary: /bin/rc-alert
2025-09-09 10:09:34 Binary: /bin/rctest
2025-09-09 10:09:34 Binary: /bin/rdbg3.1
2025-09-09 10:09:34 Binary: /bin/rdebsums
2025-09-09 10:09:34 Binary: /bin/rdma
2025-09-09 10:09:34 Binary: /bin/rdoc
2025-09-09 10:09:34 Binary: /bin/rdoc3.1
2025-09-09 10:09:34 Binary: /bin/re
2025-09-09 10:09:34 Binary: /bin/readelf
2025-09-09 10:09:34 Binary: /bin/readlink
2025-09-09 10:09:34 Binary: /bin/realpath
2025-09-09 10:09:34 Binary: /bin/recode-sr-latin
2025-09-09 10:09:34 Binary: /bin/recountdiff
2025-09-09 10:09:34 Binary: /bin/rediff
2025-09-09 10:09:34 Binary: /bin/rename.ul
2025-09-09 10:09:34 Binary: /bin/rendercheck
2025-09-09 10:09:34 Binary: /bin/renice
2025-09-09 10:09:34 Binary: /bin/reproducible-check
2025-09-09 10:09:35 Binary: /bin/reset
2025-09-09 10:09:35 Binary: /bin/resize
2025-09-09 10:09:35 Binary: /bin/resizecons
2025-09-09 10:09:35 Binary: /bin/resizepart
2025-09-09 10:09:35 Binary: /bin/rev
2025-09-09 10:09:35 Binary: /bin/rfcomm
2025-09-09 10:09:35 Binary: /bin/rg
2025-09-09 10:09:35 Binary: /bin/rgrep
2025-09-09 10:09:35 Binary: /bin/ri
2025-09-09 10:09:35 Binary: /bin/ri3.1
2025-09-09 10:09:35 Binary: /bin/rkhunter
2025-09-09 10:09:35 Binary: /bin/rm
2025-09-09 10:09:35 Binary: /bin/rmadison
2025-09-09 10:09:35 Binary: /bin/rmdir
2025-09-09 10:09:35 Binary: /bin/rmsgcat
2025-09-09 10:09:35 Binary: /bin/rmsgfmt
2025-09-09 10:09:35 Binary: /bin/rmsginit
2025-09-09 10:09:35 Binary: /bin/rmsgmerge
2025-09-09 10:09:35 Binary: /bin/rnano
2025-09-09 10:09:35 Binary: /bin/routel
2025-09-09 10:09:35 Binary: /bin/rpcgen
2025-09-09 10:09:35 Binary: /bin/rstart
2025-09-09 10:09:35 Binary: /bin/rstartd
2025-09-09 10:09:35 Binary: /bin/rtstat
2025-09-09 10:09:35 Binary: /bin/ruby
2025-09-09 10:09:35 Binary: /bin/ruby3.1
2025-09-09 10:09:35 Binary: /bin/run-mailcap
2025-09-09 10:09:35 Binary: /bin/run-parts
2025-09-09 10:09:35 Binary: /bin/run-with-aspell
2025-09-09 10:09:35 Binary: /bin/runcon
2025-09-09 10:09:35 Binary: /bin/rust-clang
2025-09-09 10:09:35 Binary: /bin/rust-lld
2025-09-09 10:09:35 Binary: /bin/rust-llvm-dwp
2025-09-09 10:09:35 Binary: /bin/rustc
2025-09-09 10:09:35 Binary: /bin/rustdoc
2025-09-09 10:09:35 Binary: /bin/rview
2025-09-09 10:09:35 Binary: /bin/rvim
2025-09-09 10:09:35 Binary: /bin/rxgettext
2025-09-09 10:09:35 Binary: /bin/sadf
2025-09-09 10:09:35 Binary: /bin/sadt
2025-09-09 10:09:35 Binary: /bin/salsa
2025-09-09 10:09:35 Binary: /bin/sane-find-scanner
2025-09-09 10:09:35 Binary: /bin/sanstats-14
2025-09-09 10:09:35 Binary: /bin/sar
2025-09-09 10:09:35 Binary: /bin/sar.sysstat
2025-09-09 10:09:35 Binary: /bin/savelog
2025-09-09 10:09:35 Binary: /bin/scalar
2025-09-09 10:09:35 Binary: /bin/scanimage
2025-09-09 10:09:35 Binary: /bin/sccmap
2025-09-09 10:09:35 Binary: /bin/scel2org5
2025-09-09 10:09:35 Binary: /bin/scp
2025-09-09 10:09:35 Binary: /bin/scp-dbus-service
2025-09-09 10:09:35 Binary: /bin/screendump
2025-09-09 10:09:35 Binary: /bin/script
2025-09-09 10:09:35 Binary: /bin/scriptlive
2025-09-09 10:09:35 Binary: /bin/scriptreplay
2025-09-09 10:09:35 Binary: /bin/sdiff
2025-09-09 10:09:35 Binary: /bin/sdptool
2025-09-09 10:09:35 Binary: /bin/sed
2025-09-09 10:09:35 Binary: /bin/see
2025-09-09 10:09:35 Binary: /bin/select-default-iwrap
2025-09-09 10:09:35 Binary: /bin/select-editor
2025-09-09 10:09:35 Binary: /bin/sensible-browser
2025-09-09 10:09:35 Binary: /bin/sensible-editor
2025-09-09 10:09:35 Binary: /bin/sensible-pager
2025-09-09 10:09:35 Binary: /bin/sensors
2025-09-09 10:09:35 Binary: /bin/sensors-conf-convert
2025-09-09 10:09:35 Binary: /bin/seq
2025-09-09 10:09:35 Binary: /bin/sessreg
2025-09-09 10:09:35 Binary: /bin/setarch
2025-09-09 10:09:35 Binary: /bin/setfacl
2025-09-09 10:09:35 Binary: /bin/setfont
2025-09-09 10:09:35 Binary: /bin/setkeycodes
2025-09-09 10:09:35 Binary: /bin/setleds
2025-09-09 10:09:35 Binary: /bin/setlogcons
2025-09-09 10:09:35 Binary: /bin/setmetamode
2025-09-09 10:09:35 Binary: /bin/setpci
2025-09-09 10:09:35 Binary: /bin/setpriv
2025-09-09 10:09:35 Binary: /bin/setsid
2025-09-09 10:09:35 Binary: /bin/setterm
2025-09-09 10:09:35 Binary: /bin/setupcon
2025-09-09 10:09:35 Binary: /bin/setvtrgb
2025-09-09 10:09:35 Binary: /bin/setxkbmap
2025-09-09 10:09:35 Binary: /bin/sfdp
2025-09-09 10:09:35 Binary: /bin/sftp
2025-09-09 10:09:35 Binary: /bin/sg
2025-09-09 10:09:35 Binary: /bin/sh
2025-09-09 10:09:35 Binary: /bin/sha1sum
2025-09-09 10:09:35 Binary: /bin/sha224sum
2025-09-09 10:09:35 Binary: /bin/sha256sum
2025-09-09 10:09:35 Binary: /bin/sha384sum
2025-09-09 10:09:35 Binary: /bin/sha512sum
2025-09-09 10:09:35 Binary: /bin/shasum
2025-09-09 10:09:35 Binary: /bin/shell-quote
2025-09-09 10:09:35 Binary: /bin/showconsolefont
2025-09-09 10:09:35 Binary: /bin/showkey
2025-09-09 10:09:35 Binary: /bin/showrgb
2025-09-09 10:09:35 Binary: /bin/shred
2025-09-09 10:09:35 Binary: /bin/shuf
2025-09-09 10:09:35 Binary: /bin/sigtool
2025-09-09 10:09:35 Binary: /bin/size
2025-09-09 10:09:35 Binary: /bin/skill
2025-09-09 10:09:35 Binary: /bin/slabtop
2025-09-09 10:09:35 Binary: /bin/sleep
2025-09-09 10:09:35 Binary: /bin/slogin
2025-09-09 10:09:35 Binary: /bin/smproxy
2025-09-09 10:09:35 Binary: /bin/snice
2025-09-09 10:09:35 Binary: /bin/soelim
2025-09-09 10:09:35 Binary: /bin/sort
2025-09-09 10:09:35 Binary: /bin/sort-dctrl
2025-09-09 10:09:35 Binary: /bin/sotruss
2025-09-09 10:09:35 Binary: /bin/spd-conf
2025-09-09 10:09:35 Binary: /bin/spd-say
2025-09-09 10:09:35 Binary: /bin/spdsend
2025-09-09 10:09:35 Binary: /bin/speaker-test
2025-09-09 10:09:35 Binary: /bin/speech-dispatcher
2025-09-09 10:09:35 Binary: /bin/spellintian
2025-09-09 10:09:35 Binary: /bin/spice-vdagent
2025-09-09 10:09:35 Binary: /bin/splain
2025-09-09 10:09:35 Binary: /bin/split
2025-09-09 10:09:35 Binary: /bin/split-file-14
2025-09-09 10:09:35 Binary: /bin/splitdiff
2025-09-09 10:09:35 Binary: /bin/splitfont
2025-09-09 10:09:35 Binary: /bin/sprof
2025-09-09 10:09:35 Binary: /bin/sqlite3
2025-09-09 10:09:35 Binary: /bin/ss
2025-09-09 10:09:35 Binary: /bin/ssh
2025-09-09 10:09:35 Binary: /bin/ssh-add
2025-09-09 10:09:35 Binary: /bin/ssh-agent
2025-09-09 10:09:35 Binary: /bin/ssh-argv0
2025-09-09 10:09:35 Binary: /bin/ssh-askpass
2025-09-09 10:09:35 Binary: /bin/ssh-copy-id
2025-09-09 10:09:35 Binary: /bin/ssh-keygen
2025-09-09 10:09:35 Binary: /bin/ssh-keyscan
2025-09-09 10:09:35 Binary: /bin/start-pulseaudio-x11
2025-09-09 10:09:35 Binary: /bin/startx
2025-09-09 10:09:35 Binary: /bin/stat
2025-09-09 10:09:35 Binary: /bin/stdbuf
2025-09-09 10:09:35 Binary: /bin/stl2gts
2025-09-09 10:09:35 Binary: /bin/strace
2025-09-09 10:09:35 Binary: /bin/strace-log-merge
2025-09-09 10:09:35 Binary: /bin/streamzip
2025-09-09 10:09:35 Binary: /bin/strfile
2025-09-09 10:09:35 Binary: /bin/strings
2025-09-09 10:09:35 Binary: /bin/strip
2025-09-09 10:09:35 Binary: /bin/stty
2025-09-09 10:09:35 Binary: /bin/stubmaker
2025-09-09 10:09:35 Binary: /bin/su
2025-09-09 10:09:35 Binary: /bin/su-to-root
2025-09-09 10:09:35 Binary: /bin/sudo
2025-09-09 10:09:35 Binary: /bin/sudoedit
2025-09-09 10:09:35 Binary: /bin/sudoreplay
2025-09-09 10:09:35 Binary: /bin/sum
2025-09-09 10:09:35 Binary: /bin/suricata
2025-09-09 10:09:35 Binary: /bin/suricata-update
2025-09-09 10:09:35 Binary: /bin/suricatactl
2025-09-09 10:09:35 Binary: /bin/suricatasc
2025-09-09 10:09:35 Binary: /bin/suspicious-source
2025-09-09 10:09:35 Binary: /bin/svndiff
2025-09-09 10:09:35 Binary: /bin/svndiffview
2025-09-09 10:09:35 Binary: /bin/svnpath
2025-09-09 10:09:35 Binary: /bin/swath
2025-09-09 10:09:35 Binary: /bin/synaptic-pkexec
2025-09-09 10:09:35 Binary: /bin/sync
2025-09-09 10:09:35 Binary: /bin/system-config-printer
2025-09-09 10:09:35 Binary: /bin/system-config-printer-applet
2025-09-09 10:09:35 Binary: /bin/systemctl
2025-09-09 10:09:35 Binary: /bin/systemd
2025-09-09 10:09:35 Binary: /bin/systemd-analyze
2025-09-09 10:09:35 Binary: /bin/systemd-ask-password
2025-09-09 10:09:35 Binary: /bin/systemd-cat
2025-09-09 10:09:35 Binary: /bin/systemd-cgls
2025-09-09 10:09:35 Binary: /bin/systemd-cgtop
2025-09-09 10:09:35 Binary: /bin/systemd-creds
2025-09-09 10:09:35 Binary: /bin/systemd-cryptenroll
2025-09-09 10:09:35 Binary: /bin/systemd-delta
2025-09-09 10:09:35 Binary: /bin/systemd-detect-virt
2025-09-09 10:09:35 Binary: /bin/systemd-escape
2025-09-09 10:09:35 Binary: /bin/systemd-firstboot
2025-09-09 10:09:35 Binary: /bin/systemd-hwdb
2025-09-09 10:09:35 Binary: /bin/systemd-id128
2025-09-09 10:09:35 Binary: /bin/systemd-inhibit
2025-09-09 10:09:35 Binary: /bin/systemd-machine-id-setup
2025-09-09 10:09:35 Binary: /bin/systemd-mount
2025-09-09 10:09:35 Binary: /bin/systemd-notify
2025-09-09 10:09:35 Binary: /bin/systemd-path
2025-09-09 10:09:35 Binary: /bin/systemd-repart
2025-09-09 10:09:35 Binary: /bin/systemd-run
2025-09-09 10:09:35 Binary: /bin/systemd-socket-activate
2025-09-09 10:09:35 Binary: /bin/systemd-stdio-bridge
2025-09-09 10:09:35 Binary: /bin/systemd-sysext
2025-09-09 10:09:35 Binary: /bin/systemd-sysusers
2025-09-09 10:09:35 Binary: /bin/systemd-tmpfiles
2025-09-09 10:09:35 Binary: /bin/systemd-tty-ask-password-agent
2025-09-09 10:09:35 Binary: /bin/systemd-umount
2025-09-09 10:09:35 Binary: /bin/t1ascii
2025-09-09 10:09:35 Binary: /bin/t1asm
2025-09-09 10:09:35 Binary: /bin/t1binary
2025-09-09 10:09:35 Binary: /bin/t1disasm
2025-09-09 10:09:35 Binary: /bin/t1mac
2025-09-09 10:09:35 Binary: /bin/t1unmac
2025-09-09 10:09:35 Binary: /bin/tabs
2025-09-09 10:09:35 Binary: /bin/tac
2025-09-09 10:09:35 Binary: /bin/tagpending
2025-09-09 10:09:35 Binary: /bin/tail
2025-09-09 10:09:35 Binary: /bin/tapestat
2025-09-09 10:09:35 Binary: /bin/tar
2025-09-09 10:09:35 Binary: /bin/tasksel
2025-09-09 10:09:35 Binary: /bin/taskset
2025-09-09 10:09:35 Binary: /bin/tbl
2025-09-09 10:09:35 Binary: /bin/tbl-dctrl
2025-09-09 10:09:35 Binary: /bin/tee
2025-09-09 10:09:35 Binary: /bin/tempfile
2025-09-09 10:09:35 Binary: /bin/test
2025-09-09 10:09:35 Binary: /bin/text2ngram
2025-09-09 10:09:35 Binary: /bin/tic
2025-09-09 10:09:35 Binary: /bin/time
2025-09-09 10:09:35 Binary: /bin/timedatectl
2025-09-09 10:09:35 Binary: /bin/timeout
2025-09-09 10:09:35 Binary: /bin/tkjpeg
2025-09-09 10:09:35 Binary: /bin/tload
2025-09-09 10:09:35 Binary: /bin/tmispell
2025-09-09 10:09:35 Binary: /bin/toe
2025-09-09 10:09:35 Binary: /bin/top
2025-09-09 10:09:35 Binary: /bin/touch
2025-09-09 10:09:35 Binary: /bin/tput
2025-09-09 10:09:35 Binary: /bin/tr
2025-09-09 10:09:35 Binary: /bin/transform
2025-09-09 10:09:35 Binary: /bin/transition-check
2025-09-09 10:09:35 Binary: /bin/transset
2025-09-09 10:09:35 Binary: /bin/tred
2025-09-09 10:09:35 Binary: /bin/tree
2025-09-09 10:09:35 Binary: /bin/troff
2025-09-09 10:09:35 Binary: /bin/trs
2025-09-09 10:09:35 Binary: /bin/true
2025-09-09 10:09:35 Binary: /bin/truncate
2025-09-09 10:09:35 Binary: /bin/trust
2025-09-09 10:09:35 Binary: /bin/tryaffix
2025-09-09 10:09:35 Binary: /bin/tset
2025-09-09 10:09:35 Binary: /bin/tsort
2025-09-09 10:09:35 Binary: /bin/tty
2025-09-09 10:09:35 Binary: /bin/twopi
2025-09-09 10:09:35 Binary: /bin/txiterm
2025-09-09 10:09:35 Binary: /bin/typeprof3.1
2025-09-09 10:09:35 Binary: /bin/tzselect
2025-09-09 10:09:35 Binary: /bin/ucf
2025-09-09 10:09:35 Binary: /bin/ucfq
2025-09-09 10:09:35 Binary: /bin/ucfr
2025-09-09 10:09:35 Binary: /bin/uclampset
2025-09-09 10:09:35 Binary: /bin/uconv
2025-09-09 10:09:35 Binary: /bin/ucs2any
2025-09-09 10:09:35 Binary: /bin/udevadm
2025-09-09 10:09:35 Binary: /bin/udisksctl
2025-09-09 10:09:35 Binary: /bin/uim-chardict-qt5
2025-09-09 10:09:35 Binary: /bin/uim-fep
2025-09-09 10:09:35 Binary: /bin/uim-fep-tick
2025-09-09 10:09:35 Binary: /bin/uim-help
2025-09-09 10:09:35 Binary: /bin/uim-im-switcher-gtk
2025-09-09 10:09:35 Binary: /bin/uim-im-switcher-gtk3
2025-09-09 10:09:35 Binary: /bin/uim-im-switcher-qt5
2025-09-09 10:09:35 Binary: /bin/uim-input-pad-ja
2025-09-09 10:09:35 Binary: /bin/uim-input-pad-ja-gtk3
2025-09-09 10:09:35 Binary: /bin/uim-m17nlib-relink-icons
2025-09-09 10:09:35 Binary: /bin/uim-module-manager
2025-09-09 10:09:35 Binary: /bin/uim-pref-gtk
2025-09-09 10:09:35 Binary: /bin/uim-pref-gtk3
2025-09-09 10:09:35 Binary: /bin/uim-pref-qt5
2025-09-09 10:09:35 Binary: /bin/uim-sh
2025-09-09 10:09:35 Binary: /bin/uim-toolbar
2025-09-09 10:09:35 Binary: /bin/uim-toolbar-gtk
2025-09-09 10:09:35 Binary: /bin/uim-toolbar-gtk-systray
2025-09-09 10:09:35 Binary: /bin/uim-toolbar-gtk3
2025-09-09 10:09:35 Binary: /bin/uim-toolbar-gtk3-systray
2025-09-09 10:09:35 Binary: /bin/uim-toolbar-qt5
2025-09-09 10:09:35 Binary: /bin/uim-xim
2025-09-09 10:09:35 Binary: /bin/ul
2025-09-09 10:09:35 Binary: /bin/umax_pp
2025-09-09 10:09:35 Binary: /bin/umount
2025-09-09 10:09:35 Binary: /bin/uname
2025-09-09 10:09:35 Binary: /bin/unattended-upgrade
2025-09-09 10:09:35 Binary: /bin/unattended-upgrades
2025-09-09 10:09:35 Binary: /bin/uncompress
2025-09-09 10:09:35 Binary: /bin/unexpand
2025-09-09 10:09:35 Binary: /bin/unflatten
2025-09-09 10:09:35 Binary: /bin/unicode_start
2025-09-09 10:09:35 Binary: /bin/unicode_stop
2025-09-09 10:09:35 Binary: /bin/uniq
2025-09-09 10:09:35 Binary: /bin/unlink
2025-09-09 10:09:35 Binary: /bin/unlzma
2025-09-09 10:09:35 Binary: /bin/unmkinitramfs
2025-09-09 10:09:35 Binary: /bin/unshare
2025-09-09 10:09:35 Binary: /bin/unstr
2025-09-09 10:09:35 Binary: /bin/unwrapdiff
2025-09-09 10:09:35 Binary: /bin/unxrandr
2025-09-09 10:09:35 Binary: /bin/unxz
2025-09-09 10:09:35 Binary: /bin/unzip
2025-09-09 10:09:35 Binary: /bin/unzipsfx
2025-09-09 10:09:35 Binary: /bin/unzstd
2025-09-09 10:09:35 Binary: /bin/update-alternatives
2025-09-09 10:09:35 Binary: /bin/update-desktop-database
2025-09-09 10:09:35 Binary: /bin/update-menus
2025-09-09 10:09:35 Binary: /bin/update-mime-database
2025-09-09 10:09:35 Binary: /bin/update-perl-sax-parsers
2025-09-09 10:09:35 Binary: /bin/update_rubygems
2025-09-09 10:09:35 Binary: /bin/upower
2025-09-09 10:09:35 Binary: /bin/uptime
2025-09-09 10:09:35 Binary: /bin/usb-devices
2025-09-09 10:09:35 Binary: /bin/usbhid-dump
2025-09-09 10:09:35 Binary: /bin/usbreset
2025-09-09 10:09:35 Binary: /bin/uscan
2025-09-09 10:09:35 Binary: /bin/users
2025-09-09 10:09:35 Binary: /bin/utmpdump
2025-09-09 10:09:35 Binary: /bin/uuidgen
2025-09-09 10:09:35 Binary: /bin/uuidparse
2025-09-09 10:09:35 Binary: /bin/uupdate
2025-09-09 10:09:35 Binary: /bin/uxterm
2025-09-09 10:09:35 Binary: /bin/vainfo
2025-09-09 10:09:35 Binary: /bin/vdir
2025-09-09 10:09:35 Binary: /bin/vdpauinfo
2025-09-09 10:09:35 Binary: /bin/verify-uselistorder-14
2025-09-09 10:09:35 Binary: /bin/vi
2025-09-09 10:09:35 Binary: /bin/view
2025-09-09 10:09:35 Binary: /bin/viewres
2025-09-09 10:09:35 Binary: /bin/vim
2025-09-09 10:09:35 Binary: /bin/vim.basic
2025-09-09 10:09:35 Binary: /bin/vim.tiny
2025-09-09 10:09:35 Binary: /bin/vimdiff
2025-09-09 10:09:35 Binary: /bin/vimdot
2025-09-09 10:09:35 Binary: /bin/vimtutor
2025-09-09 10:09:35 Binary: /bin/vkcube
2025-09-09 10:09:35 Binary: /bin/vkcube-wayland
2025-09-09 10:09:35 Binary: /bin/vkcubepp
2025-09-09 10:09:35 Binary: /bin/vmstat
2025-09-09 10:09:35 Binary: /bin/vmwarectrl
2025-09-09 10:09:35 Binary: /bin/vulkaninfo
2025-09-09 10:09:35 Binary: /bin/w
2025-09-09 10:09:35 Binary: /bin/wall
2025-09-09 10:09:35 Binary: /bin/watch
2025-09-09 10:09:35 Binary: /bin/watchgnupg
2025-09-09 10:09:35 Binary: /bin/wc
2025-09-09 10:09:35 Binary: /bin/wdctl
2025-09-09 10:09:35 Binary: /bin/wdiff
2025-09-09 10:09:35 Binary: /bin/wget
2025-09-09 10:09:35 Binary: /bin/what-patch
2025-09-09 10:09:35 Binary: /bin/whatis
2025-09-09 10:09:35 Binary: /bin/whereis
2025-09-09 10:09:35 Binary: /bin/which
2025-09-09 10:09:35 Binary: /bin/which.debianutils
2025-09-09 10:09:35 Binary: /bin/whiptail
2025-09-09 10:09:35 Binary: /bin/who
2025-09-09 10:09:35 Binary: /bin/who-permits-upload
2025-09-09 10:09:35 Binary: /bin/who-uploads
2025-09-09 10:09:35 Binary: /bin/whoami
2025-09-09 10:09:35 Binary: /bin/whodepends
2025-09-09 10:09:35 Binary: /bin/whois
2025-09-09 10:09:35 Binary: /bin/widget
2025-09-09 10:09:35 Binary: /bin/wl-copy
2025-09-09 10:09:35 Binary: /bin/wl-paste
2025-09-09 10:09:35 Binary: /bin/wnpp-alert
2025-09-09 10:09:35 Binary: /bin/wnpp-check
2025-09-09 10:09:35 Binary: /bin/word-list-compress
2025-09-09 10:09:35 Binary: /bin/wpa_passphrase
2025-09-09 10:09:35 Binary: /bin/wrap-and-sort
2025-09-09 10:09:35 Binary: /bin/write
2025-09-09 10:09:35 Binary: /bin/www-browser
2025-09-09 10:09:35 Binary: /bin/x-session-manager
2025-09-09 10:09:35 Binary: /bin/x-terminal-emulator
2025-09-09 10:09:35 Binary: /bin/x-window-manager
2025-09-09 10:09:35 Binary: /bin/x-www-browser
2025-09-09 10:09:35 Binary: /bin/x11perf
2025-09-09 10:09:35 Binary: /bin/x11perfcomp
2025-09-09 10:09:35 Binary: /bin/x86_64
2025-09-09 10:09:35 Binary: /bin/x86_64-linux-gnu-addr2line
2025-09-09 10:09:35 Binary: /bin/x86_64-linux-gnu-ar
2025-09-09 10:09:35 Binary: /bin/x86_64-linux-gnu-as
2025-09-09 10:09:35 Binary: /bin/x86_64-linux-gnu-c++filt
2025-09-09 10:09:35 Binary: /bin/x86_64-linux-gnu-cpp
2025-09-09 10:09:35 Binary: /bin/x86_64-linux-gnu-cpp-12
2025-09-09 10:09:35 Binary: /bin/x86_64-linux-gnu-dwp
2025-09-09 10:09:35 Binary: /bin/x86_64-linux-gnu-elfedit
2025-09-09 10:09:35 Binary: /bin/x86_64-linux-gnu-g++
2025-09-09 10:09:35 Binary: /bin/x86_64-linux-gnu-g++-12
2025-09-09 10:09:35 Binary: /bin/x86_64-linux-gnu-gcc
2025-09-09 10:09:35 Binary: /bin/x86_64-linux-gnu-gcc-12
2025-09-09 10:09:35 Binary: /bin/x86_64-linux-gnu-gcc-ar
2025-09-09 10:09:35 Binary: /bin/x86_64-linux-gnu-gcc-ar-12
2025-09-09 10:09:35 Binary: /bin/x86_64-linux-gnu-gcc-nm
2025-09-09 10:09:35 Binary: /bin/x86_64-linux-gnu-gcc-nm-12
2025-09-09 10:09:35 Binary: /bin/x86_64-linux-gnu-gcc-ranlib
2025-09-09 10:09:35 Binary: /bin/x86_64-linux-gnu-gcc-ranlib-12
2025-09-09 10:09:35 Binary: /bin/x86_64-linux-gnu-gcov
2025-09-09 10:09:35 Binary: /bin/x86_64-linux-gnu-gcov-12
2025-09-09 10:09:35 Binary: /bin/x86_64-linux-gnu-gcov-dump
2025-09-09 10:09:35 Binary: /bin/x86_64-linux-gnu-gcov-dump-12
2025-09-09 10:09:35 Binary: /bin/x86_64-linux-gnu-gcov-tool
2025-09-09 10:09:35 Binary: /bin/x86_64-linux-gnu-gcov-tool-12
2025-09-09 10:09:35 Binary: /bin/x86_64-linux-gnu-gold
2025-09-09 10:09:35 Binary: /bin/x86_64-linux-gnu-gp-archive
2025-09-09 10:09:35 Binary: /bin/x86_64-linux-gnu-gp-collect-app
2025-09-09 10:09:35 Binary: /bin/x86_64-linux-gnu-gp-display-html
2025-09-09 10:09:35 Binary: /bin/x86_64-linux-gnu-gp-display-src
2025-09-09 10:09:35 Binary: /bin/x86_64-linux-gnu-gp-display-text
2025-09-09 10:09:35 Binary: /bin/x86_64-linux-gnu-gprof
2025-09-09 10:09:35 Binary: /bin/x86_64-linux-gnu-gprofng
2025-09-09 10:09:35 Binary: /bin/x86_64-linux-gnu-ld
2025-09-09 10:09:35 Binary: /bin/x86_64-linux-gnu-ld.bfd
2025-09-09 10:09:35 Binary: /bin/x86_64-linux-gnu-ld.gold
2025-09-09 10:09:35 Binary: /bin/x86_64-linux-gnu-lto-dump
2025-09-09 10:09:35 Binary: /bin/x86_64-linux-gnu-lto-dump-12
2025-09-09 10:09:35 Binary: /bin/x86_64-linux-gnu-nm
2025-09-09 10:09:35 Binary: /bin/x86_64-linux-gnu-objcopy
2025-09-09 10:09:35 Binary: /bin/x86_64-linux-gnu-objdump
2025-09-09 10:09:35 Binary: /bin/x86_64-linux-gnu-pkg-config
2025-09-09 10:09:35 Binary: /bin/x86_64-linux-gnu-pkgconf
2025-09-09 10:09:35 Binary: /bin/x86_64-linux-gnu-python3-config
2025-09-09 10:09:35 Binary: /bin/x86_64-linux-gnu-python3.11-config
2025-09-09 10:09:35 Binary: /bin/x86_64-linux-gnu-ranlib
2025-09-09 10:09:35 Binary: /bin/x86_64-linux-gnu-readelf
2025-09-09 10:09:35 Binary: /bin/x86_64-linux-gnu-size
2025-09-09 10:09:35 Binary: /bin/x86_64-linux-gnu-strings
2025-09-09 10:09:35 Binary: /bin/x86_64-linux-gnu-strip
2025-09-09 10:09:35 Binary: /bin/xargs
2025-09-09 10:09:35 Binary: /bin/xauth
2025-09-09 10:09:35 Binary: /bin/xbiff
2025-09-09 10:09:35 Binary: /bin/xbrlapi
2025-09-09 10:09:35 Binary: /bin/xcalc
2025-09-09 10:09:35 Binary: /bin/xclip
2025-09-09 10:09:35 Binary: /bin/xclip-copyfile
2025-09-09 10:09:35 Binary: /bin/xclip-cutfile
2025-09-09 10:09:35 Binary: /bin/xclip-pastefile
2025-09-09 10:09:35 Binary: /bin/xclipboard
2025-09-09 10:09:35 Binary: /bin/xclock
2025-09-09 10:09:35 Binary: /bin/xcmsdb
2025-09-09 10:09:35 Binary: /bin/xconsole
2025-09-09 10:09:35 Binary: /bin/xcursorgen
2025-09-09 10:09:35 Binary: /bin/xcutsel
2025-09-09 10:09:35 Binary: /bin/xdelta
2025-09-09 10:09:35 Binary: /bin/xdelta3
2025-09-09 10:09:35 Binary: /bin/xdg-dbus-proxy
2025-09-09 10:09:35 Binary: /bin/xdg-desktop-icon
2025-09-09 10:09:35 Binary: /bin/xdg-desktop-menu
2025-09-09 10:09:35 Binary: /bin/xdg-email
2025-09-09 10:09:35 Binary: /bin/xdg-icon-resource
2025-09-09 10:09:35 Binary: /bin/xdg-mime
2025-09-09 10:09:35 Binary: /bin/xdg-open
2025-09-09 10:09:35 Binary: /bin/xdg-screensaver
2025-09-09 10:09:35 Binary: /bin/xdg-settings
2025-09-09 10:09:35 Binary: /bin/xdg-user-dir
2025-09-09 10:09:35 Binary: /bin/xdg-user-dirs-update
2025-09-09 10:09:35 Binary: /bin/xditview
2025-09-09 10:09:35 Binary: /bin/xdotool
2025-09-09 10:09:35 Binary: /bin/xdpyinfo
2025-09-09 10:09:35 Binary: /bin/xdriinfo
2025-09-09 10:09:35 Binary: /bin/xedit
2025-09-09 10:09:35 Binary: /bin/xev
2025-09-09 10:09:35 Binary: /bin/xeyes
2025-09-09 10:09:35 Binary: /bin/xfd
2025-09-09 10:09:35 Binary: /bin/xfontsel
2025-09-09 10:09:35 Binary: /bin/xgamma
2025-09-09 10:09:35 Binary: /bin/xgc
2025-09-09 10:09:35 Binary: /bin/xgettext
2025-09-09 10:09:35 Binary: /bin/xhost
2025-09-09 10:09:35 Binary: /bin/xinit
2025-09-09 10:09:35 Binary: /bin/xinput
2025-09-09 10:09:35 Binary: /bin/xiterm+thai
2025-09-09 10:09:35 Binary: /bin/xkbbell
2025-09-09 10:09:35 Binary: /bin/xkbcomp
2025-09-09 10:09:35 Binary: /bin/xkbevd
2025-09-09 10:09:35 Binary: /bin/xkbprint
2025-09-09 10:09:35 Binary: /bin/xkbset
2025-09-09 10:09:35 Binary: /bin/xkbset-gui
2025-09-09 10:09:35 Binary: /bin/xkbvleds
2025-09-09 10:09:35 Binary: /bin/xkbwatch
2025-09-09 10:09:35 Binary: /bin/xkeystone
2025-09-09 10:09:35 Binary: /bin/xkill
2025-09-09 10:09:35 Binary: /bin/xload
2025-09-09 10:09:35 Binary: /bin/xlogo
2025-09-09 10:09:35 Binary: /bin/xlsatoms
2025-09-09 10:09:35 Binary: /bin/xlsclients
2025-09-09 10:09:35 Binary: /bin/xlsfonts
2025-09-09 10:09:35 Binary: /bin/xmag
2025-09-09 10:09:35 Binary: /bin/xman
2025-09-09 10:09:35 Binary: /bin/xmessage
2025-09-09 10:09:35 Binary: /bin/xml2-config
2025-09-09 10:09:35 Binary: /bin/xmodmap
2025-09-09 10:09:35 Binary: /bin/xmore
2025-09-09 10:09:35 Binary: /bin/xprop
2025-09-09 10:09:35 Binary: /bin/xrandr
2025-09-09 10:09:35 Binary: /bin/xrdb
2025-09-09 10:09:35 Binary: /bin/xrefresh
2025-09-09 10:09:35 Binary: /bin/xsel
2025-09-09 10:09:35 Binary: /bin/xset
2025-09-09 10:09:35 Binary: /bin/xsetmode
2025-09-09 10:09:35 Binary: /bin/xsetpointer
2025-09-09 10:09:35 Binary: /bin/xsetroot
2025-09-09 10:09:35 Binary: /bin/xsetwacom
2025-09-09 10:09:35 Binary: /bin/xslate
2025-09-09 10:09:35 Binary: /bin/xsm
2025-09-09 10:09:35 Binary: /bin/xstdcmap
2025-09-09 10:09:35 Binary: /bin/xsubpp
2025-09-09 10:09:35 Binary: /bin/xterm
2025-09-09 10:09:35 Binary: /bin/xvfb-run
2025-09-09 10:09:35 Binary: /bin/xvidtune
2025-09-09 10:09:35 Binary: /bin/xvinfo
2025-09-09 10:09:35 Binary: /bin/xwd
2025-09-09 10:09:35 Binary: /bin/xwininfo
2025-09-09 10:09:35 Binary: /bin/xwud
2025-09-09 10:09:35 Binary: /bin/xxd
2025-09-09 10:09:35 Binary: /bin/xxkb
2025-09-09 10:09:35 Binary: /bin/xz
2025-09-09 10:09:35 Binary: /bin/xzcat
2025-09-09 10:09:35 Binary: /bin/xzcmp
2025-09-09 10:09:35 Binary: /bin/xzdiff
2025-09-09 10:09:35 Binary: /bin/xzegrep
2025-09-09 10:09:35 Binary: /bin/xzfgrep
2025-09-09 10:09:35 Binary: /bin/xzgrep
2025-09-09 10:09:35 Binary: /bin/xzless
2025-09-09 10:09:35 Binary: /bin/xzmore
2025-09-09 10:09:35 Binary: /bin/yaml-bench-14
2025-09-09 10:09:35 Binary: /bin/yaml2obj-14
2025-09-09 10:09:35 Binary: /bin/yara
2025-09-09 10:09:35 Binary: /bin/yarac
2025-09-09 10:09:35 Binary: /bin/yelp
2025-09-09 10:09:35 Binary: /bin/yes
2025-09-09 10:09:35 Binary: /bin/ypdomainname
2025-09-09 10:09:35 Binary: /bin/zcat
2025-09-09 10:09:35 Binary: /bin/zcmp
2025-09-09 10:09:35 Binary: /bin/zdiff
2025-09-09 10:09:35 Binary: /bin/zdump
2025-09-09 10:09:35 Binary: /bin/zegrep
2025-09-09 10:09:35 Binary: /bin/zenity
2025-09-09 10:09:35 Binary: /bin/zfgrep
2025-09-09 10:09:35 Binary: /bin/zforce
2025-09-09 10:09:35 Binary: /bin/zgrep
2025-09-09 10:09:35 Binary: /bin/zgz
2025-09-09 10:09:35 Binary: /bin/zhcon
2025-09-09 10:09:35 Binary: /bin/zip
2025-09-09 10:09:35 Binary: /bin/zipcloak
2025-09-09 10:09:35 Binary: /bin/zipdetails
2025-09-09 10:09:35 Binary: /bin/zipgrep
2025-09-09 10:09:35 Binary: /bin/zipinfo
2025-09-09 10:09:36 Binary: /bin/zipnote
2025-09-09 10:09:36 Binary: /bin/zipsplit
2025-09-09 10:09:36 Binary: /bin/zless
2025-09-09 10:09:36 Binary: /bin/zmore
2025-09-09 10:09:36 Binary: /bin/znew
2025-09-09 10:09:36 Binary: /bin/zstd
2025-09-09 10:09:36 Binary: /bin/zstdcat
2025-09-09 10:09:36 Binary: /bin/zstdgrep
2025-09-09 10:09:36 Binary: /bin/zstdless
2025-09-09 10:09:36 Binary: /bin/zstdmt
2025-09-09 10:09:36 ====
2025-09-09 10:09:36 Test: Checking binaries in directory /sbin
2025-09-09 10:09:36 Directory /sbin exists. Starting directory scanning...
2025-09-09 10:09:36 Binary: /sbin/ModemManager
2025-09-09 10:09:36 Binary: /sbin/NetworkManager
2025-09-09 10:09:36 Binary: /sbin/VBoxService
2025-09-09 10:09:36 Binary: /sbin/aa-audit
2025-09-09 10:09:36 Binary: /sbin/aa-autodep
2025-09-09 10:09:36 Binary: /sbin/aa-cleanprof
2025-09-09 10:09:36 Binary: /sbin/aa-complain
2025-09-09 10:09:36 Binary: /sbin/aa-decode
2025-09-09 10:09:36 Binary: /sbin/aa-disable
2025-09-09 10:09:36 Binary: /sbin/aa-enforce
2025-09-09 10:09:36 Binary: /sbin/aa-genprof
2025-09-09 10:09:36 Binary: /sbin/aa-logprof
2025-09-09 10:09:36 Binary: /sbin/aa-mergeprof
2025-09-09 10:09:36 Binary: /sbin/aa-remove-unknown
2025-09-09 10:09:36 Binary: /sbin/aa-status
2025-09-09 10:09:36 Binary: /sbin/aa-teardown
2025-09-09 10:09:36 Binary: /sbin/aa-unconfined
2025-09-09 10:09:36 Binary: /sbin/aa-update-browser
2025-09-09 10:09:36 Binary: /sbin/accessdb
2025-09-09 10:09:36 Binary: /sbin/add-shell
2025-09-09 10:09:36 Binary: /sbin/addgnupghome
2025-09-09 10:09:36 Binary: /sbin/addgroup
2025-09-09 10:09:36 Binary: /sbin/adduser
2025-09-09 10:09:36 Binary: /sbin/agetty
2025-09-09 10:09:36 Binary: /sbin/aideinit
2025-09-09 10:09:36 Binary: /sbin/alsa-info
2025-09-09 10:09:36 Binary: /sbin/alsabat-test
2025-09-09 10:09:36 Binary: /sbin/alsactl
2025-09-09 10:09:36 Binary: /sbin/anacron
2025-09-09 10:09:36 Binary: /sbin/apparmor_parser
2025-09-09 10:09:36 Binary: /sbin/apparmor_status
2025-09-09 10:09:36 Binary: /sbin/applygnupgdefaults
2025-09-09 10:09:36 Binary: /sbin/apt-listbugs
2025-09-09 10:09:36   Found known binary: apt-listbugs (System tool) - /sbin/apt-listbugs
2025-09-09 10:09:36 Binary: /sbin/arp
2025-09-09 10:09:36 Binary: /sbin/arpd
2025-09-09 10:09:36 Binary: /sbin/arptables
2025-09-09 10:09:36 Binary: /sbin/arptables-nft
2025-09-09 10:09:36 Binary: /sbin/arptables-nft-restore
2025-09-09 10:09:36 Binary: /sbin/arptables-nft-save
2025-09-09 10:09:36 Binary: /sbin/arptables-restore
2025-09-09 10:09:36 Binary: /sbin/arptables-save
2025-09-09 10:09:36 Binary: /sbin/aspell-autobuildhash
2025-09-09 10:09:36 Binary: /sbin/atmel_fwl
2025-09-09 10:09:36 Binary: /sbin/audisp-syslog
2025-09-09 10:09:36 Binary: /sbin/auditctl
2025-09-09 10:09:36 Binary: /sbin/auditd
2025-09-09 10:09:36 Binary: /sbin/augenrules
2025-09-09 10:09:36 Binary: /sbin/aureport
2025-09-09 10:09:36 Binary: /sbin/ausearch
2025-09-09 10:09:36 Binary: /sbin/autrace
2025-09-09 10:09:36 Binary: /sbin/avahi-autoipd
2025-09-09 10:09:36 Binary: /sbin/avahi-daemon
2025-09-09 10:09:36 Binary: /sbin/badblocks
2025-09-09 10:09:36 Binary: /sbin/biosdecode
2025-09-09 10:09:36 Binary: /sbin/blkdeactivate
2025-09-09 10:09:36 Binary: /sbin/blkdiscard
2025-09-09 10:09:36 Binary: /sbin/blkid
2025-09-09 10:09:36 Binary: /sbin/blkzone
2025-09-09 10:09:36 Binary: /sbin/blockdev
2025-09-09 10:09:36 Binary: /sbin/bluetoothd
2025-09-09 10:09:36 Binary: /sbin/bridge
2025-09-09 10:09:36 Binary: /sbin/cache_check
2025-09-09 10:09:36 Binary: /sbin/cache_dump
2025-09-09 10:09:36 Binary: /sbin/cache_metadata_size
2025-09-09 10:09:36 Binary: /sbin/cache_repair
2025-09-09 10:09:36 Binary: /sbin/cache_restore
2025-09-09 10:09:36 Binary: /sbin/cache_writeback
2025-09-09 10:09:36 Binary: /sbin/capsh
2025-09-09 10:09:36 Binary: /sbin/cfdisk
2025-09-09 10:09:36 Binary: /sbin/cgdisk
2025-09-09 10:09:36 Binary: /sbin/chat
2025-09-09 10:09:36 Binary: /sbin/chcpu
2025-09-09 10:09:36 Binary: /sbin/chgpasswd
2025-09-09 10:09:36 Binary: /sbin/chklastlog
2025-09-09 10:09:36 Binary: /sbin/chkrootkit
2025-09-09 10:09:36 Binary: /sbin/chkrootkit-daily
2025-09-09 10:09:36 Binary: /sbin/chkwtmp
2025-09-09 10:09:36 Binary: /sbin/chmem
2025-09-09 10:09:36 Binary: /sbin/chpasswd
2025-09-09 10:09:36 Binary: /sbin/chroot
2025-09-09 10:09:36 Binary: /sbin/clamd
2025-09-09 10:09:36 Binary: /sbin/clamonacc
2025-09-09 10:09:36 Binary: /sbin/cpgr
2025-09-09 10:09:36 Binary: /sbin/cppw
2025-09-09 10:09:36 Binary: /sbin/cracklib-check
2025-09-09 10:09:36 Binary: /sbin/cracklib-format
2025-09-09 10:09:36 Binary: /sbin/cracklib-packer
2025-09-09 10:09:36 Binary: /sbin/cracklib-unpacker
2025-09-09 10:09:36 Binary: /sbin/create-cracklib-dict
2025-09-09 10:09:36 Binary: /sbin/cron
2025-09-09 10:09:36 Binary: /sbin/cryptsetup
2025-09-09 10:09:36   Found known binary: cryptsetup (Encryption tool) - /sbin/cryptsetup
2025-09-09 10:09:36 Binary: /sbin/ctrlaltdel
2025-09-09 10:09:36 Binary: /sbin/cups-browsed
2025-09-09 10:09:36 Binary: /sbin/cupsaccept
2025-09-09 10:09:36 Binary: /sbin/cupsctl
2025-09-09 10:09:36 Binary: /sbin/cupsd
2025-09-09 10:09:36 Binary: /sbin/cupsdisable
2025-09-09 10:09:36 Binary: /sbin/cupsenable
2025-09-09 10:09:36 Binary: /sbin/cupsfilter
2025-09-09 10:09:36 Binary: /sbin/cupsreject
2025-09-09 10:09:36 Binary: /sbin/dcb
2025-09-09 10:09:36 Binary: /sbin/debugfs
2025-09-09 10:09:36 Binary: /sbin/delgroup
2025-09-09 10:09:36 Binary: /sbin/deluser
2025-09-09 10:09:36 Binary: /sbin/depmod
2025-09-09 10:09:36 Binary: /sbin/devlink
2025-09-09 10:09:36 Binary: /sbin/dhclient
2025-09-09 10:09:36 Binary: /sbin/dhclient-script
2025-09-09 10:09:36 Binary: /sbin/dkms
2025-09-09 10:09:36 Binary: /sbin/dmeventd
2025-09-09 10:09:36 Binary: /sbin/dmidecode
2025-09-09 10:09:36 Binary: /sbin/dmsetup
2025-09-09 10:09:36 Binary: /sbin/dmstats
2025-09-09 10:09:36 Binary: /sbin/dnsmasq
2025-09-09 10:09:36 Binary: /sbin/dosfsck
2025-09-09 10:09:36 Binary: /sbin/dosfslabel
2025-09-09 10:09:36 Binary: /sbin/dpkg-fsys-usrunmess
2025-09-09 10:09:36 Binary: /sbin/dpkg-preconfigure
2025-09-09 10:09:36 Binary: /sbin/dpkg-reconfigure
2025-09-09 10:09:36 Binary: /sbin/dump.exfat
2025-09-09 10:09:36 Binary: /sbin/dumpe2fs
2025-09-09 10:09:36 Binary: /sbin/e2freefrag
2025-09-09 10:09:36 Binary: /sbin/e2fsck
2025-09-09 10:09:36 Binary: /sbin/e2image
2025-09-09 10:09:36 Binary: /sbin/e2label
2025-09-09 10:09:36 Binary: /sbin/e2mmpstatus
2025-09-09 10:09:36 Binary: /sbin/e2scrub
2025-09-09 10:09:36 Binary: /sbin/e2scrub_all
2025-09-09 10:09:36 Binary: /sbin/e2undo
2025-09-09 10:09:36 Binary: /sbin/e4crypt
2025-09-09 10:09:36 Binary: /sbin/e4defrag
2025-09-09 10:09:36 Binary: /sbin/ebtables
2025-09-09 10:09:36 Binary: /sbin/ebtables-nft
2025-09-09 10:09:36 Binary: /sbin/ebtables-nft-restore
2025-09-09 10:09:36 Binary: /sbin/ebtables-nft-save
2025-09-09 10:09:36 Binary: /sbin/ebtables-restore
2025-09-09 10:09:36 Binary: /sbin/ebtables-save
2025-09-09 10:09:36 Binary: /sbin/ebtables-translate
2025-09-09 10:09:36 Binary: /sbin/era_check
2025-09-09 10:09:36 Binary: /sbin/era_dump
2025-09-09 10:09:36 Binary: /sbin/era_invalidate
2025-09-09 10:09:36 Binary: /sbin/era_restore
2025-09-09 10:09:36 Binary: /sbin/escapesrc
2025-09-09 10:09:36 Binary: /sbin/ethtool
2025-09-09 10:09:36 Binary: /sbin/exfat2img
2025-09-09 10:09:36 Binary: /sbin/exfatlabel
2025-09-09 10:09:36 Binary: /sbin/exicyclog
2025-09-09 10:09:36 Binary: /sbin/exigrep
2025-09-09 10:09:36 Binary: /sbin/exim
2025-09-09 10:09:36 Binary: /sbin/exim4
2025-09-09 10:09:36 Binary: /sbin/exim_checkaccess
2025-09-09 10:09:36 Binary: /sbin/exim_convert4r4
2025-09-09 10:09:36 Binary: /sbin/exim_dbmbuild
2025-09-09 10:09:36 Binary: /sbin/exim_dumpdb
2025-09-09 10:09:36 Binary: /sbin/exim_fixdb
2025-09-09 10:09:36 Binary: /sbin/exim_lock
2025-09-09 10:09:36 Binary: /sbin/exim_tidydb
2025-09-09 10:09:36 Binary: /sbin/eximstats
2025-09-09 10:09:36 Binary: /sbin/exinext
2025-09-09 10:09:36 Binary: /sbin/exipick
2025-09-09 10:09:36 Binary: /sbin/exiqgrep
2025-09-09 10:09:36 Binary: /sbin/exiqsumm
2025-09-09 10:09:36 Binary: /sbin/exiwhat
2025-09-09 10:09:36 Binary: /sbin/faillock
2025-09-09 10:09:36 Binary: /sbin/fatlabel
2025-09-09 10:09:36 Binary: /sbin/fdisk
2025-09-09 10:09:36 Binary: /sbin/filefrag
2025-09-09 10:09:36 Binary: /sbin/findfs
2025-09-09 10:09:36 Binary: /sbin/fixparts
2025-09-09 10:09:36 Binary: /sbin/fsadm
2025-09-09 10:09:36 Binary: /sbin/fsck
2025-09-09 10:09:36 Binary: /sbin/fsck.btrfs
2025-09-09 10:09:36 Binary: /sbin/fsck.cramfs
2025-09-09 10:09:36 Binary: /sbin/fsck.exfat
2025-09-09 10:09:36 Binary: /sbin/fsck.ext2
2025-09-09 10:09:36 Binary: /sbin/fsck.ext3
2025-09-09 10:09:36 Binary: /sbin/fsck.ext4
2025-09-09 10:09:36 Binary: /sbin/fsck.fat
2025-09-09 10:09:36 Binary: /sbin/fsck.minix
2025-09-09 10:09:36 Binary: /sbin/fsck.msdos
2025-09-09 10:09:36 Binary: /sbin/fsck.vfat
2025-09-09 10:09:36 Binary: /sbin/fsck.xfs
2025-09-09 10:09:36 Binary: /sbin/fsfreeze
2025-09-09 10:09:36 Binary: /sbin/fstab-decode
2025-09-09 10:09:36 Binary: /sbin/fstrim
2025-09-09 10:09:36 Binary: /sbin/gdisk
2025-09-09 10:09:36 Binary: /sbin/genccode
2025-09-09 10:09:36 Binary: /sbin/gencmn
2025-09-09 10:09:36 Binary: /sbin/genl
2025-09-09 10:09:36 Binary: /sbin/gennorm2
2025-09-09 10:09:36 Binary: /sbin/gensprep
2025-09-09 10:09:36 Binary: /sbin/getcap
2025-09-09 10:09:36 Binary: /sbin/getpcaps
2025-09-09 10:09:36 Binary: /sbin/getty
2025-09-09 10:09:36 Binary: /sbin/groupadd
2025-09-09 10:09:36 Binary: /sbin/groupdel
2025-09-09 10:09:36 Binary: /sbin/groupmems
2025-09-09 10:09:36 Binary: /sbin/groupmod
2025-09-09 10:09:36 Binary: /sbin/grpck
2025-09-09 10:09:36 Binary: /sbin/grpconv
2025-09-09 10:09:36 Binary: /sbin/grpunconv
2025-09-09 10:09:36 Binary: /sbin/grub-bios-setup
2025-09-09 10:09:36 Binary: /sbin/grub-install
2025-09-09 10:09:36 Binary: /sbin/grub-macbless
2025-09-09 10:09:36 Binary: /sbin/grub-mkconfig
2025-09-09 10:09:36 Binary: /sbin/grub-mkdevicemap
2025-09-09 10:09:36 Binary: /sbin/grub-probe
2025-09-09 10:09:36 Binary: /sbin/grub-reboot
2025-09-09 10:09:36 Binary: /sbin/grub-set-default
2025-09-09 10:09:36 Binary: /sbin/halt
2025-09-09 10:09:36 Binary: /sbin/hdparm
2025-09-09 10:09:36 Binary: /sbin/hwclock
2025-09-09 10:09:36 Binary: /sbin/hwinfo
2025-09-09 10:09:36 Binary: /sbin/i2c-stub-from-dump
2025-09-09 10:09:36 Binary: /sbin/i2cdetect
2025-09-09 10:09:36 Binary: /sbin/i2cdump
2025-09-09 10:09:36 Binary: /sbin/i2cget
2025-09-09 10:09:36 Binary: /sbin/i2cset
2025-09-09 10:09:36 Binary: /sbin/i2ctransfer
2025-09-09 10:09:36 Binary: /sbin/iconvconfig
2025-09-09 10:09:36 Binary: /sbin/icupkg
2025-09-09 10:09:36 Binary: /sbin/ifconfig
2025-09-09 10:09:36 Binary: /sbin/ifdown
2025-09-09 10:09:36 Binary: /sbin/ifquery
2025-09-09 10:09:36 Binary: /sbin/ifup
2025-09-09 10:09:36 Binary: /sbin/iio-sensor-proxy
2025-09-09 10:09:36 Binary: /sbin/init
2025-09-09 10:09:36 Binary: /sbin/insmod
2025-09-09 10:09:36 Binary: /sbin/install-menu
2025-09-09 10:09:36 Binary: /sbin/install-sgmlcatalog
2025-09-09 10:09:36 Binary: /sbin/installkernel
2025-09-09 10:09:36 Binary: /sbin/integritysetup
2025-09-09 10:09:36 Binary: /sbin/invoke-rc.d
2025-09-09 10:09:36 Binary: /sbin/ip
2025-09-09 10:09:36 Binary: /sbin/ip6tables
2025-09-09 10:09:36 Binary: /sbin/ip6tables-apply
2025-09-09 10:09:36 Binary: /sbin/ip6tables-legacy
2025-09-09 10:09:36 Binary: /sbin/ip6tables-legacy-restore
2025-09-09 10:09:36 Binary: /sbin/ip6tables-legacy-save
2025-09-09 10:09:36 Binary: /sbin/ip6tables-nft
2025-09-09 10:09:36 Binary: /sbin/ip6tables-nft-restore
2025-09-09 10:09:36 Binary: /sbin/ip6tables-nft-save
2025-09-09 10:09:36 Binary: /sbin/ip6tables-restore
2025-09-09 10:09:36 Binary: /sbin/ip6tables-restore-translate
2025-09-09 10:09:36 Binary: /sbin/ip6tables-save
2025-09-09 10:09:36 Binary: /sbin/ip6tables-translate
2025-09-09 10:09:36 Binary: /sbin/ipmaddr
2025-09-09 10:09:36 Binary: /sbin/ipp-usb
2025-09-09 10:09:36 Binary: /sbin/ippevepcl
2025-09-09 10:09:36 Binary: /sbin/ippeveprinter
2025-09-09 10:09:36 Binary: /sbin/ippeveps
2025-09-09 10:09:36 Binary: /sbin/iptables
2025-09-09 10:09:36 Binary: /sbin/iptables-apply
2025-09-09 10:09:36 Binary: /sbin/iptables-legacy
2025-09-09 10:09:36 Binary: /sbin/iptables-legacy-restore
2025-09-09 10:09:36 Binary: /sbin/iptables-legacy-save
2025-09-09 10:09:36 Binary: /sbin/iptables-nft
2025-09-09 10:09:36 Binary: /sbin/iptables-nft-restore
2025-09-09 10:09:36 Binary: /sbin/iptables-nft-save
2025-09-09 10:09:36 Binary: /sbin/iptables-restore
2025-09-09 10:09:36 Binary: /sbin/iptables-restore-translate
2025-09-09 10:09:36 Binary: /sbin/iptables-save
2025-09-09 10:09:36 Binary: /sbin/iptables-translate
2025-09-09 10:09:36 Binary: /sbin/iptunnel
2025-09-09 10:09:36 Binary: /sbin/isadump
2025-09-09 10:09:36 Binary: /sbin/isaset
2025-09-09 10:09:36 Binary: /sbin/isosize
2025-09-09 10:09:36 Binary: /sbin/ispell-autobuildhash
2025-09-09 10:09:36 Binary: /sbin/iucode-tool
2025-09-09 10:09:36 Binary: /sbin/iucode_tool
2025-09-09 10:09:36 Binary: /sbin/iw
2025-09-09 10:09:36 Binary: /sbin/iwconfig
2025-09-09 10:09:36 Binary: /sbin/iwevent
2025-09-09 10:09:36 Binary: /sbin/iwgetid
2025-09-09 10:09:36 Binary: /sbin/iwlist
2025-09-09 10:09:36 Binary: /sbin/iwpriv
2025-09-09 10:09:36 Binary: /sbin/iwspy
2025-09-09 10:09:36 Binary: /sbin/kbdrate
2025-09-09 10:09:36 Binary: /sbin/killall5
2025-09-09 10:09:36 Binary: /sbin/ldattach
2025-09-09 10:09:36 Binary: /sbin/ldconfig
2025-09-09 10:09:36 Binary: /sbin/libgvc6-config-update
2025-09-09 10:09:36 Binary: /sbin/lightdm
2025-09-09 10:09:36 Binary: /sbin/lightdm-gtk-greeter
2025-09-09 10:09:36 Binary: /sbin/locale-gen
2025-09-09 10:09:36 Binary: /sbin/logrotate
2025-09-09 10:09:36 Binary: /sbin/logsave
2025-09-09 10:09:36 Binary: /sbin/losetup
2025-09-09 10:09:36 Binary: /sbin/lpadmin
2025-09-09 10:09:36 Binary: /sbin/lpinfo
2025-09-09 10:09:36 Binary: /sbin/lpmove
2025-09-09 10:09:36 Binary: /sbin/lsmod
2025-09-09 10:09:36 Binary: /sbin/lvchange
2025-09-09 10:09:36 Binary: /sbin/lvconvert
2025-09-09 10:09:36 Binary: /sbin/lvcreate
2025-09-09 10:09:36 Binary: /sbin/lvdisplay
2025-09-09 10:09:36   Found known binary: lvdisplay (LVM tool) - /sbin/lvdisplay
2025-09-09 10:09:36 Binary: /sbin/lvextend
2025-09-09 10:09:36 Binary: /sbin/lvm
2025-09-09 10:09:36 Binary: /sbin/lvmconfig
2025-09-09 10:09:36 Binary: /sbin/lvmdiskscan
2025-09-09 10:09:36 Binary: /sbin/lvmdump
2025-09-09 10:09:36 Binary: /sbin/lvmpolld
2025-09-09 10:09:36 Binary: /sbin/lvmsadc
2025-09-09 10:09:36 Binary: /sbin/lvmsar
2025-09-09 10:09:36 Binary: /sbin/lvreduce
2025-09-09 10:09:36 Binary: /sbin/lvremove
2025-09-09 10:09:36 Binary: /sbin/lvrename
2025-09-09 10:09:36 Binary: /sbin/lvresize
2025-09-09 10:09:36 Binary: /sbin/lvs
2025-09-09 10:09:36 Binary: /sbin/lvscan
2025-09-09 10:09:36 Binary: /sbin/lynis
2025-09-09 10:09:36 Binary: /sbin/make-ssl-cert
2025-09-09 10:09:36 Binary: /sbin/mate-display-properties-install-systemwide
2025-09-09 10:09:36 Binary: /sbin/mate-power-backlight-helper
2025-09-09 10:09:36 Binary: /sbin/mdadm
2025-09-09 10:09:36 Binary: /sbin/mdmon
2025-09-09 10:09:36 Binary: /sbin/memtester
2025-09-09 10:09:36 Binary: /sbin/mii-tool
2025-09-09 10:09:36 Binary: /sbin/mkdosfs
2025-09-09 10:09:36 Binary: /sbin/mke2fs
2025-09-09 10:09:36 Binary: /sbin/mkfs
2025-09-09 10:09:36 Binary: /sbin/mkfs.bfs
2025-09-09 10:09:36 Binary: /sbin/mkfs.btrfs
2025-09-09 10:09:36 Binary: /sbin/mkfs.cramfs
2025-09-09 10:09:36 Binary: /sbin/mkfs.exfat
2025-09-09 10:09:36 Binary: /sbin/mkfs.ext2
2025-09-09 10:09:36 Binary: /sbin/mkfs.ext3
2025-09-09 10:09:36 Binary: /sbin/mkfs.ext4
2025-09-09 10:09:36 Binary: /sbin/mkfs.fat
2025-09-09 10:09:36 Binary: /sbin/mkfs.minix
2025-09-09 10:09:36 Binary: /sbin/mkfs.msdos
2025-09-09 10:09:36 Binary: /sbin/mkfs.ntfs
2025-09-09 10:09:36 Binary: /sbin/mkfs.vfat
2025-09-09 10:09:36 Binary: /sbin/mkfs.xfs
2025-09-09 10:09:36 Binary: /sbin/mkhomedir_helper
2025-09-09 10:09:36 Binary: /sbin/mkinitramfs
2025-09-09 10:09:36 Binary: /sbin/mklost+found
2025-09-09 10:09:36 Binary: /sbin/mkntfs
2025-09-09 10:09:36 Binary: /sbin/mkswap
2025-09-09 10:09:36 Binary: /sbin/modinfo
2025-09-09 10:09:36 Binary: /sbin/modprobe
2025-09-09 10:09:36 Binary: /sbin/mount.fuse
2025-09-09 10:09:36 Binary: /sbin/mount.fuse3
2025-09-09 10:09:36 Binary: /sbin/mount.lowntfs-3g
2025-09-09 10:09:36 Binary: /sbin/mount.ntfs
2025-09-09 10:09:36 Binary: /sbin/mount.ntfs-3g
2025-09-09 10:09:36 Binary: /sbin/mount.vboxsf
2025-09-09 10:09:36 Binary: /sbin/nameif
2025-09-09 10:09:36 Binary: /sbin/needrestart
2025-09-09 10:09:36   Found known binary: needrestart (System tool) - /sbin/needrestart
2025-09-09 10:09:36 Binary: /sbin/newusers
2025-09-09 10:09:36 Binary: /sbin/nfnl_osf
2025-09-09 10:09:36 Binary: /sbin/nft
2025-09-09 10:09:36 Binary: /sbin/nologin
2025-09-09 10:09:36 Binary: /sbin/ntfsclone
2025-09-09 10:09:36 Binary: /sbin/ntfscp
2025-09-09 10:09:36 Binary: /sbin/ntfslabel
2025-09-09 10:09:36 Binary: /sbin/ntfsresize
2025-09-09 10:09:36 Binary: /sbin/ntfsundelete
2025-09-09 10:09:36 Binary: /sbin/ntpdate
2025-09-09 10:09:36 Binary: /sbin/ntpdate-debian
2025-09-09 10:09:36 Binary: /sbin/on_ac_power
2025-09-09 10:09:36 Binary: /sbin/ownership
2025-09-09 10:09:36 Binary: /sbin/pam-auth-update
2025-09-09 10:09:36 Binary: /sbin/pam-tmpdir-helper
2025-09-09 10:09:36 Binary: /sbin/pam_getenv
2025-09-09 10:09:36 Binary: /sbin/pam_namespace_helper
2025-09-09 10:09:36 Binary: /sbin/pam_timestamp_check
2025-09-09 10:09:36 Binary: /sbin/paperconfig
2025-09-09 10:09:36 Binary: /sbin/parted
2025-09-09 10:09:36 Binary: /sbin/partprobe
2025-09-09 10:09:36 Binary: /sbin/pdata_tools
2025-09-09 10:09:36 Binary: /sbin/pivot_root
2025-09-09 10:09:36 Binary: /sbin/pkla-admin-identities
2025-09-09 10:09:36 Binary: /sbin/pkla-check-authorization
2025-09-09 10:09:36 Binary: /sbin/plipconfig
2025-09-09 10:09:36 Binary: /sbin/plymouth-set-default-theme
2025-09-09 10:09:36 Binary: /sbin/plymouthd
2025-09-09 10:09:36 Binary: /sbin/poweroff
2025-09-09 10:09:36 Binary: /sbin/powertop
2025-09-09 10:09:36 Binary: /sbin/pppd
2025-09-09 10:09:36 Binary: /sbin/pppdump
2025-09-09 10:09:36 Binary: /sbin/pppoe-discovery
2025-09-09 10:09:36 Binary: /sbin/pppstats
2025-09-09 10:09:36 Binary: /sbin/pvchange
2025-09-09 10:09:36 Binary: /sbin/pvck
2025-09-09 10:09:36 Binary: /sbin/pvcreate
2025-09-09 10:09:36 Binary: /sbin/pvdisplay
2025-09-09 10:09:36 Binary: /sbin/pvmove
2025-09-09 10:09:36 Binary: /sbin/pvremove
2025-09-09 10:09:36 Binary: /sbin/pvresize
2025-09-09 10:09:36 Binary: /sbin/pvs
2025-09-09 10:09:36 Binary: /sbin/pvscan
2025-09-09 10:09:36 Binary: /sbin/pwck
2025-09-09 10:09:36 Binary: /sbin/pwconv
2025-09-09 10:09:36 Binary: /sbin/pwhistory_helper
2025-09-09 10:09:36 Binary: /sbin/pwunconv
2025-09-09 10:09:36 Binary: /sbin/rarp
2025-09-09 10:09:36 Binary: /sbin/rcvboxadd
2025-09-09 10:09:36 Binary: /sbin/rcvboxadd-service
2025-09-09 10:09:36 Binary: /sbin/readprofile
2025-09-09 10:09:36 Binary: /sbin/reboot
2025-09-09 10:09:36 Binary: /sbin/remove-default-ispell
2025-09-09 10:09:36 Binary: /sbin/remove-default-wordlist
2025-09-09 10:09:36 Binary: /sbin/remove-shell
2025-09-09 10:09:36 Binary: /sbin/resize2fs
2025-09-09 10:09:36 Binary: /sbin/rmail
2025-09-09 10:09:36 Binary: /sbin/rmmod
2025-09-09 10:09:36 Binary: /sbin/rmt
2025-09-09 10:09:36 Binary: /sbin/rmt-tar
2025-09-09 10:09:36 Binary: /sbin/route
2025-09-09 10:09:36 Binary: /sbin/rsmtp
2025-09-09 10:09:36 Binary: /sbin/rsyslogd
2025-09-09 10:09:36 Binary: /sbin/rtacct
2025-09-09 10:09:36 Binary: /sbin/rtcwake
2025-09-09 10:09:36 Binary: /sbin/rtkitctl
2025-09-09 10:09:36 Binary: /sbin/rtmon
2025-09-09 10:09:36 Binary: /sbin/runlevel
2025-09-09 10:09:36 Binary: /sbin/runq
2025-09-09 10:09:36 Binary: /sbin/runuser
2025-09-09 10:09:36 Binary: /sbin/safe_finger
2025-09-09 10:09:36 Binary: /sbin/saned
2025-09-09 10:09:36 Binary: /sbin/select-default-ispell
2025-09-09 10:09:36 Binary: /sbin/select-default-wordlist
2025-09-09 10:09:36 Binary: /sbin/sendmail
2025-09-09 10:09:36 Binary: /sbin/sensors-detect
2025-09-09 10:09:36 Binary: /sbin/service
2025-09-09 10:09:36 Binary: /sbin/setcap
2025-09-09 10:09:36 Binary: /sbin/setvesablank
2025-09-09 10:09:36 Binary: /sbin/sfdisk
2025-09-09 10:09:36 Binary: /sbin/sgdisk
2025-09-09 10:09:36 Binary: /sbin/shadowconfig
2025-09-09 10:09:36 Binary: /sbin/shutdown
2025-09-09 10:09:36 Binary: /sbin/slattach
2025-09-09 10:09:36 Binary: /sbin/smartctl
2025-09-09 10:09:36 Binary: /sbin/smartd
2025-09-09 10:09:36 Binary: /sbin/spice-vdagentd
2025-09-09 10:09:36 Binary: /sbin/sshd
2025-09-09 10:09:36 Binary: /sbin/start-stop-daemon
2025-09-09 10:09:36 Binary: /sbin/su-to-root
2025-09-09 10:09:36 Binary: /sbin/sudo_logsrvd
2025-09-09 10:09:36 Binary: /sbin/sudo_sendlog
2025-09-09 10:09:36 Binary: /sbin/sulogin
2025-09-09 10:09:36 Binary: /sbin/swaplabel
2025-09-09 10:09:36 Binary: /sbin/swapoff
2025-09-09 10:09:36 Binary: /sbin/swapon
2025-09-09 10:09:36 Binary: /sbin/switch_root
2025-09-09 10:09:36 Binary: /sbin/synaptic
2025-09-09 10:09:36 Binary: /sbin/sync-available
2025-09-09 10:09:36 Binary: /sbin/sysctl
2025-09-09 10:09:36 Binary: /sbin/syslog2eximlog
2025-09-09 10:09:36 Binary: /sbin/tarcat
2025-09-09 10:09:36 Binary: /sbin/tc
2025-09-09 10:09:36 Binary: /sbin/tcpd
2025-09-09 10:09:36 Binary: /sbin/tcpdchk
2025-09-09 10:09:36 Binary: /sbin/tcpdmatch
2025-09-09 10:09:36 Binary: /sbin/telinit
2025-09-09 10:09:36 Binary: /sbin/thin_check
2025-09-09 10:09:36 Binary: /sbin/thin_delta
2025-09-09 10:09:36 Binary: /sbin/thin_dump
2025-09-09 10:09:36 Binary: /sbin/thin_ls
2025-09-09 10:09:36 Binary: /sbin/thin_metadata_size
2025-09-09 10:09:36 Binary: /sbin/thin_repair
2025-09-09 10:09:36 Binary: /sbin/thin_restore
2025-09-09 10:09:36 Binary: /sbin/thin_rmap
2025-09-09 10:09:36 Binary: /sbin/thin_trim
2025-09-09 10:09:36 Binary: /sbin/tipc
2025-09-09 10:09:36 Binary: /sbin/try-from
2025-09-09 10:09:36 Binary: /sbin/tune.exfat
2025-09-09 10:09:36 Binary: /sbin/tune2fs
2025-09-09 10:09:36 Binary: /sbin/ufw
2025-09-09 10:09:36 Binary: /sbin/umount.udisks2
2025-09-09 10:09:36 Binary: /sbin/unhide
2025-09-09 10:09:36 Binary: /sbin/unhide-linux
2025-09-09 10:09:36 Binary: /sbin/unhide-posix
2025-09-09 10:09:36 Binary: /sbin/unhide-tcp
2025-09-09 10:09:36 Binary: /sbin/unhide.rb
2025-09-09 10:09:36 Binary: /sbin/unhide_rb
2025-09-09 10:09:36 Binary: /sbin/unix_chkpwd
2025-09-09 10:09:36 Binary: /sbin/unix_update
2025-09-09 10:09:36 Binary: /sbin/update-ca-certificates
2025-09-09 10:09:36 Binary: /sbin/update-catalog
2025-09-09 10:09:36 Binary: /sbin/update-cracklib
2025-09-09 10:09:36 Binary: /sbin/update-default-aspell
2025-09-09 10:09:36 Binary: /sbin/update-default-ispell
2025-09-09 10:09:36 Binary: /sbin/update-default-wordlist
2025-09-09 10:09:36 Binary: /sbin/update-dictcommon-aspell
2025-09-09 10:09:36 Binary: /sbin/update-dictcommon-hunspell
2025-09-09 10:09:36 Binary: /sbin/update-exim4.conf
2025-09-09 10:09:36 Binary: /sbin/update-exim4.conf.template
2025-09-09 10:09:36 Binary: /sbin/update-exim4defaults
2025-09-09 10:09:36 Binary: /sbin/update-fonts-alias
2025-09-09 10:09:36 Binary: /sbin/update-fonts-dir
2025-09-09 10:09:36 Binary: /sbin/update-fonts-scale
2025-09-09 10:09:36 Binary: /sbin/update-grub
2025-09-09 10:09:36 Binary: /sbin/update-grub2
2025-09-09 10:09:36 Binary: /sbin/update-gsfontmap
2025-09-09 10:09:36 Binary: /sbin/update-icon-caches
2025-09-09 10:09:36 Binary: /sbin/update-inetd
2025-09-09 10:09:36 Binary: /sbin/update-initramfs
2025-09-09 10:09:36 Binary: /sbin/update-locale
2025-09-09 10:09:36 Binary: /sbin/update-mime
2025-09-09 10:09:36 Binary: /sbin/update-passwd
2025-09-09 10:09:36 Binary: /sbin/update-pciids
2025-09-09 10:09:36 Binary: /sbin/update-rc.d
2025-09-09 10:09:36 Binary: /sbin/update-shells
2025-09-09 10:09:36 Binary: /sbin/update-smart-drivedb
2025-09-09 10:09:36 Binary: /sbin/update-xmlcatalog
2025-09-09 10:09:36 Binary: /sbin/upgrade-from-grub-legacy
2025-09-09 10:09:36 Binary: /sbin/usb_modeswitch
2025-09-09 10:09:36 Binary: /sbin/usb_modeswitch_dispatcher
2025-09-09 10:09:36 Binary: /sbin/usbmuxd
2025-09-09 10:09:36 Binary: /sbin/useradd
2025-09-09 10:09:36 Binary: /sbin/userdel
2025-09-09 10:09:36 Binary: /sbin/usermod
2025-09-09 10:09:36 Binary: /sbin/uuidd
2025-09-09 10:09:36 Binary: /sbin/validlocale
2025-09-09 10:09:36 Binary: /sbin/vbox-greeter
2025-09-09 10:09:36 Binary: /sbin/vbox-uninstall-guest-additions
2025-09-09 10:09:36 Binary: /sbin/vcstime
2025-09-09 10:09:36 Binary: /sbin/vdpa
2025-09-09 10:09:36 Binary: /sbin/veritysetup
2025-09-09 10:09:36 Binary: /sbin/vgcfgbackup
2025-09-09 10:09:36 Binary: /sbin/vgcfgrestore
2025-09-09 10:09:36 Binary: /sbin/vgchange
2025-09-09 10:09:36 Binary: /sbin/vgck
2025-09-09 10:09:36 Binary: /sbin/vgconvert
2025-09-09 10:09:36 Binary: /sbin/vgcreate
2025-09-09 10:09:36 Binary: /sbin/vgdisplay
2025-09-09 10:09:36 Binary: /sbin/vgexport
2025-09-09 10:09:36 Binary: /sbin/vgextend
2025-09-09 10:09:36 Binary: /sbin/vgimport
2025-09-09 10:09:36 Binary: /sbin/vgimportclone
2025-09-09 10:09:36 Binary: /sbin/vgmerge
2025-09-09 10:09:36 Binary: /sbin/vgmknodes
2025-09-09 10:09:36 Binary: /sbin/vgreduce
2025-09-09 10:09:36 Binary: /sbin/vgremove
2025-09-09 10:09:36 Binary: /sbin/vgrename
2025-09-09 10:09:36 Binary: /sbin/vgs
2025-09-09 10:09:37 Binary: /sbin/vgscan
2025-09-09 10:09:37 Binary: /sbin/vgsplit
2025-09-09 10:09:37 Binary: /sbin/vigr
2025-09-09 10:09:37 Binary: /sbin/vipw
2025-09-09 10:09:37 Binary: /sbin/visudo
2025-09-09 10:09:37 Binary: /sbin/vpddecode
2025-09-09 10:09:37 Binary: /sbin/wipefs
2025-09-09 10:09:37 Binary: /sbin/wpa_action
2025-09-09 10:09:37 Binary: /sbin/wpa_cli
2025-09-09 10:09:37 Binary: /sbin/wpa_supplicant
2025-09-09 10:09:37 Binary: /sbin/xfs_admin
2025-09-09 10:09:37 Binary: /sbin/xfs_bmap
2025-09-09 10:09:37 Binary: /sbin/xfs_copy
2025-09-09 10:09:37 Binary: /sbin/xfs_db
2025-09-09 10:09:37 Binary: /sbin/xfs_estimate
2025-09-09 10:09:37 Binary: /sbin/xfs_freeze
2025-09-09 10:09:37 Binary: /sbin/xfs_fsr
2025-09-09 10:09:37 Binary: /sbin/xfs_growfs
2025-09-09 10:09:37 Binary: /sbin/xfs_info
2025-09-09 10:09:37 Binary: /sbin/xfs_io
2025-09-09 10:09:37 Binary: /sbin/xfs_logprint
2025-09-09 10:09:37 Binary: /sbin/xfs_mdrestore
2025-09-09 10:09:37 Binary: /sbin/xfs_metadump
2025-09-09 10:09:37 Binary: /sbin/xfs_mkfile
2025-09-09 10:09:37 Binary: /sbin/xfs_ncheck
2025-09-09 10:09:37 Binary: /sbin/xfs_quota
2025-09-09 10:09:37 Binary: /sbin/xfs_repair
2025-09-09 10:09:37 Binary: /sbin/xfs_rtcp
2025-09-09 10:09:37 Binary: /sbin/xfs_scrub
2025-09-09 10:09:37 Binary: /sbin/xfs_scrub_all
2025-09-09 10:09:37 Binary: /sbin/xfs_spaceman
2025-09-09 10:09:37 Binary: /sbin/xtables-legacy-multi
2025-09-09 10:09:37 Binary: /sbin/xtables-monitor
2025-09-09 10:09:37 Binary: /sbin/xtables-nft-multi
2025-09-09 10:09:37 Binary: /sbin/zic
2025-09-09 10:09:37 Binary: /sbin/zramctl
2025-09-09 10:09:37 ====
2025-09-09 10:09:37 Test: Checking binaries in directory /usr/bin
2025-09-09 10:09:37 Directory /usr/bin exists. Starting directory scanning...
2025-09-09 10:09:37 Binary: /usr/bin/7z
2025-09-09 10:09:37 Binary: /usr/bin/7za
2025-09-09 10:09:37 Binary: /usr/bin/7zr
2025-09-09 10:09:37 Binary: /usr/bin/FileCheck-14
2025-09-09 10:09:37 Binary: /usr/bin/GET
2025-09-09 10:09:37 Binary: /usr/bin/HEAD
2025-09-09 10:09:37 Binary: /usr/bin/JxrDecApp
2025-09-09 10:09:37 Binary: /usr/bin/JxrEncApp
2025-09-09 10:09:37 Binary: /usr/bin/Mail
2025-09-09 10:09:37 Binary: /usr/bin/POST
2025-09-09 10:09:37 Binary: /usr/bin/SOAPsh
2025-09-09 10:09:37 Binary: /usr/bin/VBoxAudioTest
2025-09-09 10:09:37 Binary: /usr/bin/VBoxClient
2025-09-09 10:09:37 Binary: /usr/bin/VBoxClient-all
2025-09-09 10:09:37 Binary: /usr/bin/VBoxControl
2025-09-09 10:09:37 Binary: /usr/bin/VBoxDRMClient
2025-09-09 10:09:37 Binary: /usr/bin/X
2025-09-09 10:09:37 Binary: /usr/bin/X11
2025-09-09 10:09:37 Binary: /usr/bin/Xorg
2025-09-09 10:09:37 Binary: /usr/bin/Xvfb
2025-09-09 10:09:37 Binary: /usr/bin/[
2025-09-09 10:09:37 Binary: /usr/bin/aa-easyprof
2025-09-09 10:09:37 Binary: /usr/bin/aa-enabled
2025-09-09 10:09:37 Binary: /usr/bin/aa-exec
2025-09-09 10:09:37 Binary: /usr/bin/aa-features-abi
2025-09-09 10:09:37 Binary: /usr/bin/ack
2025-09-09 10:09:37 Binary: /usr/bin/aclocal
2025-09-09 10:09:37 Binary: /usr/bin/aclocal-1.16
2025-09-09 10:09:37 Binary: /usr/bin/aconnect
2025-09-09 10:09:37 Binary: /usr/bin/acpibin
2025-09-09 10:09:37 Binary: /usr/bin/acpidump
2025-09-09 10:09:37 Binary: /usr/bin/acpiexec
2025-09-09 10:09:37 Binary: /usr/bin/acpihelp
2025-09-09 10:09:37 Binary: /usr/bin/acpisrc
2025-09-09 10:09:37 Binary: /usr/bin/acpixtract
2025-09-09 10:09:37 Binary: /usr/bin/acyclic
2025-09-09 10:09:37 Binary: /usr/bin/add-apt-repository
2025-09-09 10:09:37 Binary: /usr/bin/add-patch
2025-09-09 10:09:37 Binary: /usr/bin/addpart
2025-09-09 10:09:37 Binary: /usr/bin/addr2line
2025-09-09 10:09:37 Binary: /usr/bin/aide
2025-09-09 10:09:37 Binary: /usr/bin/airscan-discover
2025-09-09 10:09:37 Binary: /usr/bin/alsabat
2025-09-09 10:09:37 Binary: /usr/bin/alsaloop
2025-09-09 10:09:37 Binary: /usr/bin/alsamixer
2025-09-09 10:09:37 Binary: /usr/bin/alsatplg
2025-09-09 10:09:37 Binary: /usr/bin/alsaucm
2025-09-09 10:09:37 Binary: /usr/bin/amidi
2025-09-09 10:09:37 Binary: /usr/bin/amixer
2025-09-09 10:09:37 Binary: /usr/bin/annotate-output
2025-09-09 10:09:37 Binary: /usr/bin/anthy-agent
2025-09-09 10:09:37 Binary: /usr/bin/anthy-dic-tool
2025-09-09 10:09:37 Binary: /usr/bin/aplay
2025-09-09 10:09:37 Binary: /usr/bin/aplaymidi
2025-09-09 10:09:37 Binary: /usr/bin/appres
2025-09-09 10:09:37 Binary: /usr/bin/appstreamcli
2025-09-09 10:09:37 Binary: /usr/bin/apropos
2025-09-09 10:09:37 Binary: /usr/bin/apt
2025-09-09 10:09:37 Binary: /usr/bin/apt-add-repository
2025-09-09 10:09:37 Binary: /usr/bin/apt-cache
2025-09-09 10:09:37 Binary: /usr/bin/apt-cdrom
2025-09-09 10:09:37 Binary: /usr/bin/apt-config
2025-09-09 10:09:37 Binary: /usr/bin/apt-extracttemplates
2025-09-09 10:09:37 Binary: /usr/bin/apt-ftparchive
2025-09-09 10:09:37 Binary: /usr/bin/apt-get
2025-09-09 10:09:37 Binary: /usr/bin/apt-key
2025-09-09 10:09:37 Binary: /usr/bin/apt-listbugs
2025-09-09 10:09:37   Found known binary: apt-listbugs (System tool) - /usr/bin/apt-listbugs
2025-09-09 10:09:37 Binary: /usr/bin/apt-listchanges
2025-09-09 10:09:37   Found known binary: apt-listchanges (System tool) - /usr/bin/apt-listchanges
2025-09-09 10:09:37 Binary: /usr/bin/apt-mark
2025-09-09 10:09:37 Binary: /usr/bin/apt-sortpkgs
2025-09-09 10:09:37 Binary: /usr/bin/ar
2025-09-09 10:09:37 Binary: /usr/bin/arandr
2025-09-09 10:09:37 Binary: /usr/bin/arch
2025-09-09 10:09:37 Binary: /usr/bin/archpath
2025-09-09 10:09:37 Binary: /usr/bin/arecord
2025-09-09 10:09:37 Binary: /usr/bin/arecordmidi
2025-09-09 10:09:37 Binary: /usr/bin/as
2025-09-09 10:09:37 Binary: /usr/bin/aseqdump
2025-09-09 10:09:37 Binary: /usr/bin/aseqnet
2025-09-09 10:09:37 Binary: /usr/bin/aspell
2025-09-09 10:09:37 Binary: /usr/bin/aspell-import
2025-09-09 10:09:37 Binary: /usr/bin/atobm
2025-09-09 10:09:37 Binary: /usr/bin/atril
2025-09-09 10:09:37 Binary: /usr/bin/atril-previewer
2025-09-09 10:09:37 Binary: /usr/bin/atril-thumbnailer
2025-09-09 10:09:37 Binary: /usr/bin/aulast
2025-09-09 10:09:37 Binary: /usr/bin/aulastlog
2025-09-09 10:09:37 Binary: /usr/bin/ausyscall
2025-09-09 10:09:37 Binary: /usr/bin/autoconf
2025-09-09 10:09:37 Binary: /usr/bin/autoheader
2025-09-09 10:09:37 Binary: /usr/bin/autom4te
2025-09-09 10:09:37 Binary: /usr/bin/automake
2025-09-09 10:09:37 Binary: /usr/bin/automake-1.16
2025-09-09 10:09:37 Binary: /usr/bin/autopoint
2025-09-09 10:09:37 Binary: /usr/bin/autoreconf
2025-09-09 10:09:37 Binary: /usr/bin/autoscan
2025-09-09 10:09:37 Binary: /usr/bin/autoupdate
2025-09-09 10:09:37 Binary: /usr/bin/auvirt
2025-09-09 10:09:37 Binary: /usr/bin/avahi-browse
2025-09-09 10:09:37 Binary: /usr/bin/avahi-browse-domains
2025-09-09 10:09:37 Binary: /usr/bin/avahi-publish
2025-09-09 10:09:37 Binary: /usr/bin/avahi-publish-address
2025-09-09 10:09:37 Binary: /usr/bin/avahi-publish-service
2025-09-09 10:09:37 Binary: /usr/bin/avahi-resolve
2025-09-09 10:09:37 Binary: /usr/bin/avahi-resolve-address
2025-09-09 10:09:37 Binary: /usr/bin/avahi-resolve-host-name
2025-09-09 10:09:37 Binary: /usr/bin/avahi-set-host-name
2025-09-09 10:09:37 Binary: /usr/bin/awk
2025-09-09 10:09:37 Binary: /usr/bin/axfer
2025-09-09 10:09:37 Binary: /usr/bin/b2sum
2025-09-09 10:09:37 Binary: /usr/bin/base32
2025-09-09 10:09:37 Binary: /usr/bin/base64
2025-09-09 10:09:37 Binary: /usr/bin/basename
2025-09-09 10:09:37 Binary: /usr/bin/basenc
2025-09-09 10:09:37 Binary: /usr/bin/bash
2025-09-09 10:09:37 Binary: /usr/bin/bashbug
2025-09-09 10:09:37 Binary: /usr/bin/batcat
2025-09-09 10:09:37 Binary: /usr/bin/bc
2025-09-09 10:09:37 Binary: /usr/bin/bcomps
2025-09-09 10:09:37 Binary: /usr/bin/bdftopcf
2025-09-09 10:09:37 Binary: /usr/bin/bdftruncate
2025-09-09 10:09:37 Binary: /usr/bin/bidiv
2025-09-09 10:09:37 Binary: /usr/bin/bitmap
2025-09-09 10:09:37 Binary: /usr/bin/bluemoon
2025-09-09 10:09:37 Binary: /usr/bin/bluetoothctl
2025-09-09 10:09:37 Binary: /usr/bin/bmtoa
2025-09-09 10:09:37 Binary: /usr/bin/brave-browser
2025-09-09 10:09:37 Binary: /usr/bin/brave-browser-stable
2025-09-09 10:09:37 Binary: /usr/bin/broadwayd
2025-09-09 10:09:37 Binary: /usr/bin/bsd-mailx
2025-09-09 10:09:37 Binary: /usr/bin/btattach
2025-09-09 10:09:37 Binary: /usr/bin/btmgmt
2025-09-09 10:09:37 Binary: /usr/bin/btmon
2025-09-09 10:09:37 Binary: /usr/bin/btrfs
2025-09-09 10:09:37 Binary: /usr/bin/btrfs-convert
2025-09-09 10:09:37 Binary: /usr/bin/btrfs-find-root
2025-09-09 10:09:37 Binary: /usr/bin/btrfs-image
2025-09-09 10:09:37 Binary: /usr/bin/btrfs-map-logical
2025-09-09 10:09:37 Binary: /usr/bin/btrfs-select-super
2025-09-09 10:09:37 Binary: /usr/bin/btrfsck
2025-09-09 10:09:37 Binary: /usr/bin/btrfstune
2025-09-09 10:09:37 Binary: /usr/bin/bts
2025-09-09 10:09:37 Binary: /usr/bin/bugpoint-14
2025-09-09 10:09:37 Binary: /usr/bin/build-rdeps
2025-09-09 10:09:37 Binary: /usr/bin/buildhash
2025-09-09 10:09:37 Binary: /usr/bin/bundle3.1
2025-09-09 10:09:37 Binary: /usr/bin/bundler3.1
2025-09-09 10:09:37 Binary: /usr/bin/bunzip2
2025-09-09 10:09:37 Binary: /usr/bin/busctl
2025-09-09 10:09:37 Binary: /usr/bin/busybox
2025-09-09 10:09:37 Binary: /usr/bin/bwrap
2025-09-09 10:09:37 Binary: /usr/bin/bzcat
2025-09-09 10:09:37 Binary: /usr/bin/bzcmp
2025-09-09 10:09:37 Binary: /usr/bin/bzdiff
2025-09-09 10:09:37 Binary: /usr/bin/bzegrep
2025-09-09 10:09:37 Binary: /usr/bin/bzexe
2025-09-09 10:09:37 Binary: /usr/bin/bzfgrep
2025-09-09 10:09:37 Binary: /usr/bin/bzgrep
2025-09-09 10:09:37 Binary: /usr/bin/bzip2
2025-09-09 10:09:37 Binary: /usr/bin/bzip2recover
2025-09-09 10:09:37 Binary: /usr/bin/bzless
2025-09-09 10:09:37 Binary: /usr/bin/bzmore
2025-09-09 10:09:37 Binary: /usr/bin/c++
2025-09-09 10:09:37 Binary: /usr/bin/c++filt
2025-09-09 10:09:37 Binary: /usr/bin/c89
2025-09-09 10:09:37 Binary: /usr/bin/c89-gcc
2025-09-09 10:09:37 Binary: /usr/bin/c99
2025-09-09 10:09:37 Binary: /usr/bin/c99-gcc
2025-09-09 10:09:37 Binary: /usr/bin/c_rehash
2025-09-09 10:09:37 Binary: /usr/bin/caja
2025-09-09 10:09:37 Binary: /usr/bin/caja-autorun-software
2025-09-09 10:09:37 Binary: /usr/bin/caja-connect-server
2025-09-09 10:09:37 Binary: /usr/bin/caja-file-management-properties
2025-09-09 10:09:37 Binary: /usr/bin/cancel
2025-09-09 10:09:37 Binary: /usr/bin/captoinfo
2025-09-09 10:09:37 Binary: /usr/bin/cargo
2025-09-09 10:09:37 Binary: /usr/bin/cat
2025-09-09 10:09:37 Binary: /usr/bin/catman
2025-09-09 10:09:37 Binary: /usr/bin/cc
2025-09-09 10:09:37 Binary: /usr/bin/ccomps
2025-09-09 10:09:37 Binary: /usr/bin/cd-create-profile
2025-09-09 10:09:37 Binary: /usr/bin/cd-fix-profile
2025-09-09 10:09:37 Binary: /usr/bin/cd-iccdump
2025-09-09 10:09:37 Binary: /usr/bin/cd-it8
2025-09-09 10:09:37 Binary: /usr/bin/cgi-fcgi
2025-09-09 10:09:37 Binary: /usr/bin/chacl
2025-09-09 10:09:37 Binary: /usr/bin/chage
2025-09-09 10:09:37 Binary: /usr/bin/chardet
2025-09-09 10:09:37 Binary: /usr/bin/chardetect
2025-09-09 10:09:37 Binary: /usr/bin/chattr
2025-09-09 10:09:37 Binary: /usr/bin/chcon
2025-09-09 10:09:37 Binary: /usr/bin/chdist
2025-09-09 10:09:37 Binary: /usr/bin/checkbashisms
2025-09-09 10:09:37 Binary: /usr/bin/chfn
2025-09-09 10:09:37 Binary: /usr/bin/chgrp
2025-09-09 10:09:37 Binary: /usr/bin/chmod
2025-09-09 10:09:37 Binary: /usr/bin/choom
2025-09-09 10:09:37 Binary: /usr/bin/chown
2025-09-09 10:09:37 Binary: /usr/bin/chromium
2025-09-09 10:09:37 Binary: /usr/bin/chrt
2025-09-09 10:09:37 Binary: /usr/bin/chsh
2025-09-09 10:09:37 Binary: /usr/bin/chvt
2025-09-09 10:09:37 Binary: /usr/bin/cifsiostat
2025-09-09 10:09:37 Binary: /usr/bin/ciptool
2025-09-09 10:09:37 Binary: /usr/bin/circo
2025-09-09 10:09:37 Binary: /usr/bin/ckbcomp
2025-09-09 10:09:37 Binary: /usr/bin/cksum
2025-09-09 10:09:37 Binary: /usr/bin/clambc
2025-09-09 10:09:37 Binary: /usr/bin/clamconf
2025-09-09 10:09:37 Binary: /usr/bin/clamdscan
2025-09-09 10:09:37 Binary: /usr/bin/clamdtop
2025-09-09 10:09:37 Binary: /usr/bin/clamscan
2025-09-09 10:09:37 Binary: /usr/bin/clamsubmit
2025-09-09 10:09:37 Binary: /usr/bin/clear
2025-09-09 10:09:37 Binary: /usr/bin/clear_console
2025-09-09 10:09:37 Binary: /usr/bin/cluster
2025-09-09 10:09:37 Binary: /usr/bin/cmake
2025-09-09 10:09:37 Binary: /usr/bin/cmp
2025-09-09 10:09:37 Binary: /usr/bin/codepage
2025-09-09 10:09:37 Binary: /usr/bin/col
2025-09-09 10:09:37 Binary: /usr/bin/colcrt
2025-09-09 10:09:37 Binary: /usr/bin/colormgr
2025-09-09 10:09:37 Binary: /usr/bin/colrm
2025-09-09 10:09:37 Binary: /usr/bin/column
2025-09-09 10:09:37 Binary: /usr/bin/combinediff
2025-09-09 10:09:37 Binary: /usr/bin/comm
2025-09-09 10:09:37 Binary: /usr/bin/compose
2025-09-09 10:09:37 Binary: /usr/bin/corelist
2025-09-09 10:09:37 Binary: /usr/bin/count-14
2025-09-09 10:09:37 Binary: /usr/bin/cowpoke
2025-09-09 10:09:37 Binary: /usr/bin/cp
2025-09-09 10:09:37 Binary: /usr/bin/cpack
2025-09-09 10:09:37 Binary: /usr/bin/cpan
2025-09-09 10:09:37 Binary: /usr/bin/cpan5.36-x86_64-linux-gnu
2025-09-09 10:09:37 Binary: /usr/bin/cpanel_json_xs
2025-09-09 10:09:37 Binary: /usr/bin/cpio
2025-09-09 10:09:37 Binary: /usr/bin/cpio-filter
2025-09-09 10:09:37 Binary: /usr/bin/cpp
2025-09-09 10:09:37 Binary: /usr/bin/cpp-12
2025-09-09 10:09:37 Binary: /usr/bin/cpuid
2025-09-09 10:09:37 Binary: /usr/bin/cpuinfo2cpuid
2025-09-09 10:09:37 Binary: /usr/bin/crc32
2025-09-09 10:09:37 Binary: /usr/bin/crontab
2025-09-09 10:09:37 Binary: /usr/bin/csplit
2025-09-09 10:09:37 Binary: /usr/bin/ctags
2025-09-09 10:09:37 Binary: /usr/bin/ctags-exuberant
2025-09-09 10:09:37 Binary: /usr/bin/ctest
2025-09-09 10:09:37 Binary: /usr/bin/ctstat
2025-09-09 10:09:37 Binary: /usr/bin/cupstestppd
2025-09-09 10:09:37 Binary: /usr/bin/curl
2025-09-09 10:09:37 Binary: /usr/bin/cut
2025-09-09 10:09:37 Binary: /usr/bin/cvs-debc
2025-09-09 10:09:37 Binary: /usr/bin/cvs-debi
2025-09-09 10:09:37 Binary: /usr/bin/cvs-debrelease
2025-09-09 10:09:37 Binary: /usr/bin/cvs-debuild
2025-09-09 10:09:37 Binary: /usr/bin/cvt
2025-09-09 10:09:37 Binary: /usr/bin/cvtsudoers
2025-09-09 10:09:37 Binary: /usr/bin/dash
2025-09-09 10:09:37 Binary: /usr/bin/date
2025-09-09 10:09:37 Binary: /usr/bin/dbus-cleanup-sockets
2025-09-09 10:09:37 Binary: /usr/bin/dbus-daemon
2025-09-09 10:09:37 Binary: /usr/bin/dbus-launch
2025-09-09 10:09:37 Binary: /usr/bin/dbus-monitor
2025-09-09 10:09:37 Binary: /usr/bin/dbus-run-session
2025-09-09 10:09:37 Binary: /usr/bin/dbus-send
2025-09-09 10:09:37 Binary: /usr/bin/dbus-update-activation-environment
2025-09-09 10:09:37 Binary: /usr/bin/dbus-uuidgen
2025-09-09 10:09:37 Binary: /usr/bin/dch
2025-09-09 10:09:37 Binary: /usr/bin/dcmd
2025-09-09 10:09:37 Binary: /usr/bin/dconf
2025-09-09 10:09:37 Binary: /usr/bin/dcut
2025-09-09 10:09:37 Binary: /usr/bin/dd
2025-09-09 10:09:37 Binary: /usr/bin/dd-list
2025-09-09 10:09:37 Binary: /usr/bin/ddcmon
2025-09-09 10:09:37 Binary: /usr/bin/deallocvt
2025-09-09 10:09:37 Binary: /usr/bin/deb-janitor
2025-09-09 10:09:37 Binary: /usr/bin/deb-reversion
2025-09-09 10:09:37 Binary: /usr/bin/deb-systemd-helper
2025-09-09 10:09:37 Binary: /usr/bin/deb-systemd-invoke
2025-09-09 10:09:37 Binary: /usr/bin/deb-why-removed
2025-09-09 10:09:37 Binary: /usr/bin/debbisect
2025-09-09 10:09:37 Binary: /usr/bin/debc
2025-09-09 10:09:37 Binary: /usr/bin/debchange
2025-09-09 10:09:37 Binary: /usr/bin/debcheckout
2025-09-09 10:09:37 Binary: /usr/bin/debclean
2025-09-09 10:09:37 Binary: /usr/bin/debcommit
2025-09-09 10:09:37 Binary: /usr/bin/debconf
2025-09-09 10:09:37 Binary: /usr/bin/debconf-apt-progress
2025-09-09 10:09:37 Binary: /usr/bin/debconf-communicate
2025-09-09 10:09:37 Binary: /usr/bin/debconf-copydb
2025-09-09 10:09:37 Binary: /usr/bin/debconf-escape
2025-09-09 10:09:37 Binary: /usr/bin/debconf-gettextize
2025-09-09 10:09:37 Binary: /usr/bin/debconf-set-selections
2025-09-09 10:09:37 Binary: /usr/bin/debconf-show
2025-09-09 10:09:37 Binary: /usr/bin/debconf-updatepo
2025-09-09 10:09:37 Binary: /usr/bin/debdiff
2025-09-09 10:09:37 Binary: /usr/bin/debdiff-apply
2025-09-09 10:09:37 Binary: /usr/bin/debi
2025-09-09 10:09:37 Binary: /usr/bin/debian-reference
2025-09-09 10:09:37 Binary: /usr/bin/debootsnap
2025-09-09 10:09:37 Binary: /usr/bin/debpkg
2025-09-09 10:09:37 Binary: /usr/bin/debrebuild
2025-09-09 10:09:37 Binary: /usr/bin/debrelease
2025-09-09 10:09:37 Binary: /usr/bin/debrepro
2025-09-09 10:09:37 Binary: /usr/bin/debrsign
2025-09-09 10:09:37 Binary: /usr/bin/debsign
2025-09-09 10:09:37 Binary: /usr/bin/debsnap
2025-09-09 10:09:37 Binary: /usr/bin/debsums
2025-09-09 10:09:37 Binary: /usr/bin/debuild
2025-09-09 10:09:37 Binary: /usr/bin/decode-dimms
2025-09-09 10:09:37 Binary: /usr/bin/decode-edid
2025-09-09 10:09:37 Binary: /usr/bin/decode-vaio
2025-09-09 10:09:37 Binary: /usr/bin/defmt-c
2025-09-09 10:09:37 Binary: /usr/bin/defmt-sh
2025-09-09 10:09:37 Binary: /usr/bin/dehtmldiff
2025-09-09 10:09:37 Binary: /usr/bin/delaunay
2025-09-09 10:09:37 Binary: /usr/bin/delpart
2025-09-09 10:09:37 Binary: /usr/bin/dep3changelog
2025-09-09 10:09:37 Binary: /usr/bin/derb
2025-09-09 10:09:37 Binary: /usr/bin/desktop-file-edit
2025-09-09 10:09:37 Binary: /usr/bin/desktop-file-install
2025-09-09 10:09:37 Binary: /usr/bin/desktop-file-validate
2025-09-09 10:09:37 Binary: /usr/bin/desktop2menu
2025-09-09 10:09:37 Binary: /usr/bin/df
2025-09-09 10:09:37 Binary: /usr/bin/dfu-prefix
2025-09-09 10:09:37 Binary: /usr/bin/dfu-suffix
2025-09-09 10:09:37 Binary: /usr/bin/dfu-util
2025-09-09 10:09:37 Binary: /usr/bin/dfuse-pack
2025-09-09 10:09:37 Binary: /usr/bin/dget
2025-09-09 10:09:37 Binary: /usr/bin/dh
2025-09-09 10:09:37 Binary: /usr/bin/dh_assistant
2025-09-09 10:09:37 Binary: /usr/bin/dh_auto_build
2025-09-09 10:09:37 Binary: /usr/bin/dh_auto_clean
2025-09-09 10:09:37 Binary: /usr/bin/dh_auto_configure
2025-09-09 10:09:37 Binary: /usr/bin/dh_auto_install
2025-09-09 10:09:37 Binary: /usr/bin/dh_auto_test
2025-09-09 10:09:37 Binary: /usr/bin/dh_autoreconf
2025-09-09 10:09:37 Binary: /usr/bin/dh_autoreconf_clean
2025-09-09 10:09:37 Binary: /usr/bin/dh_autotools-dev_restoreconfig
2025-09-09 10:09:37 Binary: /usr/bin/dh_autotools-dev_updateconfig
2025-09-09 10:09:37 Binary: /usr/bin/dh_bash-completion
2025-09-09 10:09:37 Binary: /usr/bin/dh_bugfiles
2025-09-09 10:09:37 Binary: /usr/bin/dh_builddeb
2025-09-09 10:09:37 Binary: /usr/bin/dh_clean
2025-09-09 10:09:37 Binary: /usr/bin/dh_compress
2025-09-09 10:09:37 Binary: /usr/bin/dh_dwz
2025-09-09 10:09:37 Binary: /usr/bin/dh_fixperms
2025-09-09 10:09:37 Binary: /usr/bin/dh_gencontrol
2025-09-09 10:09:37 Binary: /usr/bin/dh_icons
2025-09-09 10:09:37 Binary: /usr/bin/dh_install
2025-09-09 10:09:37 Binary: /usr/bin/dh_installalternatives
2025-09-09 10:09:37 Binary: /usr/bin/dh_installcatalogs
2025-09-09 10:09:37 Binary: /usr/bin/dh_installchangelogs
2025-09-09 10:09:37 Binary: /usr/bin/dh_installcron
2025-09-09 10:09:37 Binary: /usr/bin/dh_installdeb
2025-09-09 10:09:37 Binary: /usr/bin/dh_installdebconf
2025-09-09 10:09:37 Binary: /usr/bin/dh_installdirs
2025-09-09 10:09:37 Binary: /usr/bin/dh_installdocs
2025-09-09 10:09:37 Binary: /usr/bin/dh_installemacsen
2025-09-09 10:09:37 Binary: /usr/bin/dh_installexamples
2025-09-09 10:09:37 Binary: /usr/bin/dh_installgsettings
2025-09-09 10:09:37 Binary: /usr/bin/dh_installifupdown
2025-09-09 10:09:37 Binary: /usr/bin/dh_installinfo
2025-09-09 10:09:37 Binary: /usr/bin/dh_installinit
2025-09-09 10:09:37 Binary: /usr/bin/dh_installinitramfs
2025-09-09 10:09:37 Binary: /usr/bin/dh_installlogcheck
2025-09-09 10:09:37 Binary: /usr/bin/dh_installlogrotate
2025-09-09 10:09:37 Binary: /usr/bin/dh_installman
2025-09-09 10:09:37 Binary: /usr/bin/dh_installmanpages
2025-09-09 10:09:37 Binary: /usr/bin/dh_installmenu
2025-09-09 10:09:37 Binary: /usr/bin/dh_installmime
2025-09-09 10:09:37 Binary: /usr/bin/dh_installmodules
2025-09-09 10:09:37 Binary: /usr/bin/dh_installpam
2025-09-09 10:09:37 Binary: /usr/bin/dh_installppp
2025-09-09 10:09:37 Binary: /usr/bin/dh_installsystemd
2025-09-09 10:09:37 Binary: /usr/bin/dh_installsystemduser
2025-09-09 10:09:37 Binary: /usr/bin/dh_installsysusers
2025-09-09 10:09:37 Binary: /usr/bin/dh_installtmpfiles
2025-09-09 10:09:37 Binary: /usr/bin/dh_installudev
2025-09-09 10:09:37 Binary: /usr/bin/dh_installwm
2025-09-09 10:09:37 Binary: /usr/bin/dh_installxfonts
2025-09-09 10:09:37 Binary: /usr/bin/dh_installxmlcatalogs
2025-09-09 10:09:37 Binary: /usr/bin/dh_link
2025-09-09 10:09:37 Binary: /usr/bin/dh_lintian
2025-09-09 10:09:37 Binary: /usr/bin/dh_listpackages
2025-09-09 10:09:37 Binary: /usr/bin/dh_makeshlibs
2025-09-09 10:09:37 Binary: /usr/bin/dh_md5sums
2025-09-09 10:09:37 Binary: /usr/bin/dh_missing
2025-09-09 10:09:37 Binary: /usr/bin/dh_movefiles
2025-09-09 10:09:37 Binary: /usr/bin/dh_numpy3
2025-09-09 10:09:37 Binary: /usr/bin/dh_perl
2025-09-09 10:09:37 Binary: /usr/bin/dh_perl_openssl
2025-09-09 10:09:37 Binary: /usr/bin/dh_prep
2025-09-09 10:09:37 Binary: /usr/bin/dh_python3-ply
2025-09-09 10:09:37 Binary: /usr/bin/dh_shlibdeps
2025-09-09 10:09:37 Binary: /usr/bin/dh_strip
2025-09-09 10:09:37 Binary: /usr/bin/dh_strip_nondeterminism
2025-09-09 10:09:37 Binary: /usr/bin/dh_systemd_enable
2025-09-09 10:09:37 Binary: /usr/bin/dh_systemd_start
2025-09-09 10:09:37 Binary: /usr/bin/dh_testdir
2025-09-09 10:09:37 Binary: /usr/bin/dh_testroot
2025-09-09 10:09:37 Binary: /usr/bin/dh_ucf
2025-09-09 10:09:37 Binary: /usr/bin/dh_update_autotools_config
2025-09-09 10:09:37 Binary: /usr/bin/dh_usrlocal
2025-09-09 10:09:37 Binary: /usr/bin/diff
2025-09-09 10:09:37 Binary: /usr/bin/diff2patches
2025-09-09 10:09:37 Binary: /usr/bin/diff3
2025-09-09 10:09:37 Binary: /usr/bin/diffimg
2025-09-09 10:09:37 Binary: /usr/bin/diffstat
2025-09-09 10:09:37 Binary: /usr/bin/dijkstra
2025-09-09 10:09:37 Binary: /usr/bin/dir
2025-09-09 10:09:37 Binary: /usr/bin/dircolors
2025-09-09 10:09:37 Binary: /usr/bin/dirmngr
2025-09-09 10:09:37 Binary: /usr/bin/dirmngr-client
2025-09-09 10:09:37 Binary: /usr/bin/dirname
2025-09-09 10:09:37 Binary: /usr/bin/dm-tool
2025-09-09 10:09:37 Binary: /usr/bin/dmesg
2025-09-09 10:09:37 Binary: /usr/bin/dnsdomainname
2025-09-09 10:09:37 Binary: /usr/bin/domainname
2025-09-09 10:09:37 Binary: /usr/bin/dot
2025-09-09 10:09:37 Binary: /usr/bin/dot2gxl
2025-09-09 10:09:37 Binary: /usr/bin/dot_builtins
2025-09-09 10:09:37 Binary: /usr/bin/dotlockfile
2025-09-09 10:09:37 Binary: /usr/bin/dotty
2025-09-09 10:09:37 Binary: /usr/bin/dpkg
2025-09-09 10:09:37 Binary: /usr/bin/dpkg-architecture
2025-09-09 10:09:37 Binary: /usr/bin/dpkg-buildflags
2025-09-09 10:09:37 Binary: /usr/bin/dpkg-buildpackage
2025-09-09 10:09:37 Binary: /usr/bin/dpkg-checkbuilddeps
2025-09-09 10:09:37 Binary: /usr/bin/dpkg-checkdeps
2025-09-09 10:09:37 Binary: /usr/bin/dpkg-deb
2025-09-09 10:09:37 Binary: /usr/bin/dpkg-depcheck
2025-09-09 10:09:37 Binary: /usr/bin/dpkg-distaddfile
2025-09-09 10:09:37 Binary: /usr/bin/dpkg-divert
2025-09-09 10:09:37 Binary: /usr/bin/dpkg-genbuilddeps
2025-09-09 10:09:37 Binary: /usr/bin/dpkg-genbuildinfo
2025-09-09 10:09:37 Binary: /usr/bin/dpkg-genchanges
2025-09-09 10:09:37 Binary: /usr/bin/dpkg-gencontrol
2025-09-09 10:09:37 Binary: /usr/bin/dpkg-gensymbols
2025-09-09 10:09:37 Binary: /usr/bin/dpkg-maintscript-helper
2025-09-09 10:09:37 Binary: /usr/bin/dpkg-mergechangelogs
2025-09-09 10:09:37 Binary: /usr/bin/dpkg-name
2025-09-09 10:09:37 Binary: /usr/bin/dpkg-parsechangelog
2025-09-09 10:09:37 Binary: /usr/bin/dpkg-query
2025-09-09 10:09:37 Binary: /usr/bin/dpkg-realpath
2025-09-09 10:09:37 Binary: /usr/bin/dpkg-ruby
2025-09-09 10:09:37 Binary: /usr/bin/dpkg-scanpackages
2025-09-09 10:09:37 Binary: /usr/bin/dpkg-scansources
2025-09-09 10:09:37 Binary: /usr/bin/dpkg-shlibdeps
2025-09-09 10:09:37 Binary: /usr/bin/dpkg-source
2025-09-09 10:09:37 Binary: /usr/bin/dpkg-split
2025-09-09 10:09:37 Binary: /usr/bin/dpkg-statoverride
2025-09-09 10:09:37 Binary: /usr/bin/dpkg-trigger
2025-09-09 10:09:37 Binary: /usr/bin/dpkg-vendor
2025-09-09 10:09:37 Binary: /usr/bin/dput
2025-09-09 10:09:37 Binary: /usr/bin/driverless
2025-09-09 10:09:37 Binary: /usr/bin/driverless-fax
2025-09-09 10:09:37 Binary: /usr/bin/dscextract
2025-09-09 10:09:37 Binary: /usr/bin/dscverify
2025-09-09 10:09:37 Binary: /usr/bin/dsymutil-14
2025-09-09 10:09:37 Binary: /usr/bin/du
2025-09-09 10:09:37 Binary: /usr/bin/dumpkeys
2025-09-09 10:09:37 Binary: /usr/bin/dvipdf
2025-09-09 10:09:37 Binary: /usr/bin/dwp
2025-09-09 10:09:37 Binary: /usr/bin/dwz
2025-09-09 10:09:37 Binary: /usr/bin/echo
2025-09-09 10:09:37 Binary: /usr/bin/edgepaint
2025-09-09 10:09:37 Binary: /usr/bin/edid-decode
2025-09-09 10:09:37 Binary: /usr/bin/edit
2025-09-09 10:09:37 Binary: /usr/bin/edit-patch
2025-09-09 10:09:37 Binary: /usr/bin/editdiff
2025-09-09 10:09:37 Binary: /usr/bin/editor
2025-09-09 10:09:37 Binary: /usr/bin/editres
2025-09-09 10:09:37 Binary: /usr/bin/eglinfo
2025-09-09 10:09:37 Binary: /usr/bin/eglinfo.x86_64-linux-gnu
2025-09-09 10:09:37 Binary: /usr/bin/egrep
2025-09-09 10:09:37 Binary: /usr/bin/eject
2025-09-09 10:09:37 Binary: /usr/bin/elfedit
2025-09-09 10:09:37 Binary: /usr/bin/enc2xs
2025-09-09 10:09:37 Binary: /usr/bin/encguess
2025-09-09 10:09:37 Binary: /usr/bin/enchant-2
2025-09-09 10:09:37 Binary: /usr/bin/enchant-lsmod-2
2025-09-09 10:09:37 Binary: /usr/bin/engrampa
2025-09-09 10:09:37 Binary: /usr/bin/env
2025-09-09 10:09:37 Binary: /usr/bin/envsubst
2025-09-09 10:09:37 Binary: /usr/bin/eom
2025-09-09 10:09:37 Binary: /usr/bin/eps2eps
2025-09-09 10:09:37 Binary: /usr/bin/eqn
2025-09-09 10:09:37 Binary: /usr/bin/equivs-build
2025-09-09 10:09:37 Binary: /usr/bin/equivs-control
2025-09-09 10:09:37 Binary: /usr/bin/erb
2025-09-09 10:09:37 Binary: /usr/bin/erb3.1
2025-09-09 10:09:37 Binary: /usr/bin/es2_info
2025-09-09 10:09:37 Binary: /usr/bin/es2_info.x86_64-linux-gnu
2025-09-09 10:09:37 Binary: /usr/bin/es2gears_wayland
2025-09-09 10:09:37 Binary: /usr/bin/es2gears_wayland.x86_64-linux-gnu
2025-09-09 10:09:37 Binary: /usr/bin/es2gears_x11
2025-09-09 10:09:37 Binary: /usr/bin/es2gears_x11.x86_64-linux-gnu
2025-09-09 10:09:37 Binary: /usr/bin/es2tri
2025-09-09 10:09:37 Binary: /usr/bin/es2tri.x86_64-linux-gnu
2025-09-09 10:09:37 Binary: /usr/bin/espdiff
2025-09-09 10:09:37 Binary: /usr/bin/etags
2025-09-09 10:09:37 Binary: /usr/bin/ex
2025-09-09 10:09:37 Binary: /usr/bin/expand
2025-09-09 10:09:37 Binary: /usr/bin/expiry
2025-09-09 10:09:37 Binary: /usr/bin/expr
2025-09-09 10:09:37 Binary: /usr/bin/f2py
2025-09-09 10:09:37 Binary: /usr/bin/f2py3
2025-09-09 10:09:37 Binary: /usr/bin/f2py3.11
2025-09-09 10:09:37 Binary: /usr/bin/factor
2025-09-09 10:09:38 Binary: /usr/bin/fail2ban-client
2025-09-09 10:09:38 Binary: /usr/bin/fail2ban-python
2025-09-09 10:09:38 Binary: /usr/bin/fail2ban-regex
2025-09-09 10:09:38 Binary: /usr/bin/fail2ban-server
2025-09-09 10:09:38   Found known binary: fail2ban-server (Security tool) - /usr/bin/fail2ban-server
2025-09-09 10:09:38 Binary: /usr/bin/fail2ban-testcases
2025-09-09 10:09:38 Binary: /usr/bin/faillog
2025-09-09 10:09:38 Binary: /usr/bin/faked-sysv
2025-09-09 10:09:38 Binary: /usr/bin/faked-tcp
2025-09-09 10:09:38 Binary: /usr/bin/fakeroot
2025-09-09 10:09:38 Binary: /usr/bin/fakeroot-sysv
2025-09-09 10:09:38 Binary: /usr/bin/fakeroot-tcp
2025-09-09 10:09:38 Binary: /usr/bin/fallocate
2025-09-09 10:09:38 Binary: /usr/bin/false
2025-09-09 10:09:38 Binary: /usr/bin/fbterm
2025-09-09 10:09:38 Binary: /usr/bin/fc-cache
2025-09-09 10:09:38 Binary: /usr/bin/fc-cat
2025-09-09 10:09:38 Binary: /usr/bin/fc-conflist
2025-09-09 10:09:38 Binary: /usr/bin/fc-list
2025-09-09 10:09:38 Binary: /usr/bin/fc-match
2025-09-09 10:09:38 Binary: /usr/bin/fc-pattern
2025-09-09 10:09:38 Binary: /usr/bin/fc-query
2025-09-09 10:09:38 Binary: /usr/bin/fc-scan
2025-09-09 10:09:38 Binary: /usr/bin/fc-validate
2025-09-09 10:09:38 Binary: /usr/bin/fcitx-config-gtk3
2025-09-09 10:09:38 Binary: /usr/bin/fdp
2025-09-09 10:09:38 Binary: /usr/bin/ffmpeg
2025-09-09 10:09:38 Binary: /usr/bin/ffmpegthumbnailer
2025-09-09 10:09:38 Binary: /usr/bin/ffplay
2025-09-09 10:09:38 Binary: /usr/bin/ffprobe
2025-09-09 10:09:38 Binary: /usr/bin/fgconsole
2025-09-09 10:09:38 Binary: /usr/bin/fgrep
2025-09-09 10:09:38 Binary: /usr/bin/file
2025-09-09 10:09:38 Binary: /usr/bin/file2brl
2025-09-09 10:09:38 Binary: /usr/bin/filterdiff
2025-09-09 10:09:38 Binary: /usr/bin/filterm
2025-09-09 10:09:38 Binary: /usr/bin/fincore
2025-09-09 10:09:38 Binary: /usr/bin/find
2025-09-09 10:09:38 Binary: /usr/bin/findaffix
2025-09-09 10:09:38 Binary: /usr/bin/findmnt
2025-09-09 10:09:38 Binary: /usr/bin/findrule
2025-09-09 10:09:38 Binary: /usr/bin/firecfg
2025-09-09 10:09:38 Binary: /usr/bin/firefox
2025-09-09 10:09:38 Binary: /usr/bin/firefox-esr
2025-09-09 10:09:38 Binary: /usr/bin/firejail
2025-09-09 10:09:38 Binary: /usr/bin/firemon
2025-09-09 10:09:38 Binary: /usr/bin/fixcvsdiff
2025-09-09 10:09:38 Binary: /usr/bin/flipdiff
2025-09-09 10:09:38 Binary: /usr/bin/flock
2025-09-09 10:09:38 Binary: /usr/bin/fmt
2025-09-09 10:09:38 Binary: /usr/bin/fold
2025-09-09 10:09:38 Binary: /usr/bin/fonttosfnt
2025-09-09 10:09:38 Binary: /usr/bin/foomatic-rip
2025-09-09 10:09:38 Binary: /usr/bin/free
2025-09-09 10:09:38 Binary: /usr/bin/freshclam
2025-09-09 10:09:38 Binary: /usr/bin/funzip
2025-09-09 10:09:38 Binary: /usr/bin/fuser
2025-09-09 10:09:38 Binary: /usr/bin/fusermount
2025-09-09 10:09:38 Binary: /usr/bin/fusermount3
2025-09-09 10:09:38 Binary: /usr/bin/g++
2025-09-09 10:09:38 Binary: /usr/bin/g++-12
2025-09-09 10:09:38 Binary: /usr/bin/gamma4scanimage
2025-09-09 10:09:38 Binary: /usr/bin/gapplication
2025-09-09 10:09:38 Binary: /usr/bin/gatttool
2025-09-09 10:09:38 Binary: /usr/bin/gc
2025-09-09 10:09:38 Binary: /usr/bin/gcc
2025-09-09 10:09:38 Binary: /usr/bin/gcc-12
2025-09-09 10:09:38 Binary: /usr/bin/gcc-ar
2025-09-09 10:09:38 Binary: /usr/bin/gcc-ar-12
2025-09-09 10:09:38 Binary: /usr/bin/gcc-nm
2025-09-09 10:09:38 Binary: /usr/bin/gcc-nm-12
2025-09-09 10:09:38 Binary: /usr/bin/gcc-ranlib
2025-09-09 10:09:38 Binary: /usr/bin/gcc-ranlib-12
2025-09-09 10:09:38 Binary: /usr/bin/gcov
2025-09-09 10:09:38 Binary: /usr/bin/gcov-12
2025-09-09 10:09:38 Binary: /usr/bin/gcov-dump
2025-09-09 10:09:38 Binary: /usr/bin/gcov-dump-12
2025-09-09 10:09:38 Binary: /usr/bin/gcov-tool
2025-09-09 10:09:38 Binary: /usr/bin/gcov-tool-12
2025-09-09 10:09:38 Binary: /usr/bin/gcr-viewer
2025-09-09 10:09:38 Binary: /usr/bin/gdbus
2025-09-09 10:09:38 Binary: /usr/bin/gdialog
2025-09-09 10:09:38 Binary: /usr/bin/gdk-pixbuf-csource
2025-09-09 10:09:38 Binary: /usr/bin/gdk-pixbuf-pixdata
2025-09-09 10:09:38 Binary: /usr/bin/gdk-pixbuf-thumbnailer
2025-09-09 10:09:38 Binary: /usr/bin/gem
2025-09-09 10:09:38 Binary: /usr/bin/gem3.1
2025-09-09 10:09:38 Binary: /usr/bin/genbrk
2025-09-09 10:09:38 Binary: /usr/bin/gencat
2025-09-09 10:09:38 Binary: /usr/bin/gencfu
2025-09-09 10:09:38 Binary: /usr/bin/gencnval
2025-09-09 10:09:38 Binary: /usr/bin/gendict
2025-09-09 10:09:38 Binary: /usr/bin/genrb
2025-09-09 10:09:38 Binary: /usr/bin/geqn
2025-09-09 10:09:38 Binary: /usr/bin/get-edid
2025-09-09 10:09:38 Binary: /usr/bin/getbuildlog
2025-09-09 10:09:38 Binary: /usr/bin/getconf
2025-09-09 10:09:38 Binary: /usr/bin/getent
2025-09-09 10:09:38 Binary: /usr/bin/getfacl
2025-09-09 10:09:38 Binary: /usr/bin/getkeycodes
2025-09-09 10:09:38 Binary: /usr/bin/getopt
2025-09-09 10:09:38 Binary: /usr/bin/gettext
2025-09-09 10:09:38 Binary: /usr/bin/gettext.sh
2025-09-09 10:09:38 Binary: /usr/bin/gettextize
2025-09-09 10:09:38 Binary: /usr/bin/ghostscript
2025-09-09 10:09:38 Binary: /usr/bin/gimp
2025-09-09 10:09:38 Binary: /usr/bin/gimp-2.10
2025-09-09 10:09:38 Binary: /usr/bin/gimp-console
2025-09-09 10:09:38 Binary: /usr/bin/gimp-console-2.10
2025-09-09 10:09:38 Binary: /usr/bin/gimp-test-clipboard-2.0
2025-09-09 10:09:38 Binary: /usr/bin/gio
2025-09-09 10:09:38 Binary: /usr/bin/gio-querymodules
2025-09-09 10:09:38 Binary: /usr/bin/git
2025-09-09 10:09:38 Binary: /usr/bin/git-deborig
2025-09-09 10:09:38 Binary: /usr/bin/git-receive-pack
2025-09-09 10:09:38 Binary: /usr/bin/git-shell
2025-09-09 10:09:38 Binary: /usr/bin/git-upload-archive
2025-09-09 10:09:38 Binary: /usr/bin/git-upload-pack
2025-09-09 10:09:38 Binary: /usr/bin/gitdiff
2025-09-09 10:09:38 Binary: /usr/bin/gitdiffview
2025-09-09 10:09:38 Binary: /usr/bin/gitlab-api-v4
2025-09-09 10:09:38 Binary: /usr/bin/glib-compile-schemas
2025-09-09 10:09:38 Binary: /usr/bin/glxdemo
2025-09-09 10:09:38 Binary: /usr/bin/glxdemo.x86_64-linux-gnu
2025-09-09 10:09:38 Binary: /usr/bin/glxgears
2025-09-09 10:09:38 Binary: /usr/bin/glxgears.x86_64-linux-gnu
2025-09-09 10:09:38 Binary: /usr/bin/glxheads
2025-09-09 10:09:38 Binary: /usr/bin/glxheads.x86_64-linux-gnu
2025-09-09 10:09:38 Binary: /usr/bin/glxinfo
2025-09-09 10:09:38 Binary: /usr/bin/glxinfo.x86_64-linux-gnu
2025-09-09 10:09:38 Binary: /usr/bin/gmake
2025-09-09 10:09:38 Binary: /usr/bin/gml2gv
2025-09-09 10:09:38 Binary: /usr/bin/gnome-help
2025-09-09 10:09:38 Binary: /usr/bin/gnome-keyring
2025-09-09 10:09:38 Binary: /usr/bin/gnome-keyring-3
2025-09-09 10:09:38 Binary: /usr/bin/gnome-keyring-daemon
2025-09-09 10:09:38 Binary: /usr/bin/gnome-www-browser
2025-09-09 10:09:38 Binary: /usr/bin/gold
2025-09-09 10:09:38 Binary: /usr/bin/goldendict
2025-09-09 10:09:38 Binary: /usr/bin/google-authenticator
2025-09-09 10:09:38 Binary: /usr/bin/gp-archive
2025-09-09 10:09:38 Binary: /usr/bin/gp-collect-app
2025-09-09 10:09:38 Binary: /usr/bin/gp-display-html
2025-09-09 10:09:38 Binary: /usr/bin/gp-display-src
2025-09-09 10:09:38 Binary: /usr/bin/gp-display-text
2025-09-09 10:09:38 Binary: /usr/bin/gpasswd
2025-09-09 10:09:38 Binary: /usr/bin/gpg
2025-09-09 10:09:38 Binary: /usr/bin/gpg-agent
2025-09-09 10:09:38 Binary: /usr/bin/gpg-connect-agent
2025-09-09 10:09:38 Binary: /usr/bin/gpg-wks-server
2025-09-09 10:09:38 Binary: /usr/bin/gpg-zip
2025-09-09 10:09:38 Binary: /usr/bin/gpg2
2025-09-09 10:09:38 Binary: /usr/bin/gpgcompose
2025-09-09 10:09:38 Binary: /usr/bin/gpgconf
2025-09-09 10:09:38 Binary: /usr/bin/gpgparsemail
2025-09-09 10:09:38 Binary: /usr/bin/gpgsm
2025-09-09 10:09:38 Binary: /usr/bin/gpgsplit
2025-09-09 10:09:38 Binary: /usr/bin/gpgtar
2025-09-09 10:09:38 Binary: /usr/bin/gpgv
2025-09-09 10:09:38 Binary: /usr/bin/gpic
2025-09-09 10:09:38 Binary: /usr/bin/gprof
2025-09-09 10:09:38 Binary: /usr/bin/gprofng
2025-09-09 10:09:38 Binary: /usr/bin/graphml2gv
2025-09-09 10:09:38 Binary: /usr/bin/grep
2025-09-09 10:09:38 Binary: /usr/bin/grep-aptavail
2025-09-09 10:09:38 Binary: /usr/bin/grep-available
2025-09-09 10:09:38 Binary: /usr/bin/grep-dctrl
2025-09-09 10:09:38 Binary: /usr/bin/grep-debtags
2025-09-09 10:09:38 Binary: /usr/bin/grep-excuses
2025-09-09 10:09:38 Binary: /usr/bin/grep-status
2025-09-09 10:09:38 Binary: /usr/bin/grepdiff
2025-09-09 10:09:38 Binary: /usr/bin/gresource
2025-09-09 10:09:38 Binary: /usr/bin/groff
2025-09-09 10:09:38 Binary: /usr/bin/grog
2025-09-09 10:09:38 Binary: /usr/bin/grops
2025-09-09 10:09:38 Binary: /usr/bin/grotty
2025-09-09 10:09:38 Binary: /usr/bin/groups
2025-09-09 10:09:38 Binary: /usr/bin/grub-editenv
2025-09-09 10:09:38 Binary: /usr/bin/grub-file
2025-09-09 10:09:38 Binary: /usr/bin/grub-fstest
2025-09-09 10:09:38 Binary: /usr/bin/grub-glue-efi
2025-09-09 10:09:38 Binary: /usr/bin/grub-kbdcomp
2025-09-09 10:09:38 Binary: /usr/bin/grub-menulst2cfg
2025-09-09 10:09:38 Binary: /usr/bin/grub-mkfont
2025-09-09 10:09:38 Binary: /usr/bin/grub-mkimage
2025-09-09 10:09:38 Binary: /usr/bin/grub-mklayout
2025-09-09 10:09:38 Binary: /usr/bin/grub-mknetdir
2025-09-09 10:09:38 Binary: /usr/bin/grub-mkpasswd-pbkdf2
2025-09-09 10:09:38 Binary: /usr/bin/grub-mkrelpath
2025-09-09 10:09:38 Binary: /usr/bin/grub-mkrescue
2025-09-09 10:09:38 Binary: /usr/bin/grub-mkstandalone
2025-09-09 10:09:38 Binary: /usr/bin/grub-mount
2025-09-09 10:09:38 Binary: /usr/bin/grub-ntldr-img
2025-09-09 10:09:38 Binary: /usr/bin/grub-render-label
2025-09-09 10:09:38 Binary: /usr/bin/grub-script-check
2025-09-09 10:09:38 Binary: /usr/bin/grub-syslinux2cfg
2025-09-09 10:09:38 Binary: /usr/bin/gs
2025-09-09 10:09:38 Binary: /usr/bin/gsbj
2025-09-09 10:09:38 Binary: /usr/bin/gsdj
2025-09-09 10:09:38 Binary: /usr/bin/gsdj500
2025-09-09 10:09:38 Binary: /usr/bin/gsettings
2025-09-09 10:09:38 Binary: /usr/bin/gslj
2025-09-09 10:09:38 Binary: /usr/bin/gslp
2025-09-09 10:09:38 Binary: /usr/bin/gsnd
2025-09-09 10:09:38 Binary: /usr/bin/gtbl
2025-09-09 10:09:38 Binary: /usr/bin/gtf
2025-09-09 10:09:38 Binary: /usr/bin/gtk-builder-tool
2025-09-09 10:09:38 Binary: /usr/bin/gtk-encode-symbolic-svg
2025-09-09 10:09:38 Binary: /usr/bin/gtk-launch
2025-09-09 10:09:38 Binary: /usr/bin/gtk-query-settings
2025-09-09 10:09:38 Binary: /usr/bin/gtk-update-icon-cache
2025-09-09 10:09:38 Binary: /usr/bin/gtk4-broadwayd
2025-09-09 10:09:38 Binary: /usr/bin/gtk4-builder-tool
2025-09-09 10:09:38 Binary: /usr/bin/gtk4-encode-symbolic-svg
2025-09-09 10:09:38 Binary: /usr/bin/gtk4-launch
2025-09-09 10:09:38 Binary: /usr/bin/gtk4-query-settings
2025-09-09 10:09:38 Binary: /usr/bin/gtk4-update-icon-cache
2025-09-09 10:09:38 Binary: /usr/bin/gts-config
2025-09-09 10:09:38 Binary: /usr/bin/gts2dxf
2025-09-09 10:09:38 Binary: /usr/bin/gts2oogl
2025-09-09 10:09:38 Binary: /usr/bin/gts2stl
2025-09-09 10:09:38 Binary: /usr/bin/gts2xyz
2025-09-09 10:09:38 Binary: /usr/bin/gtscheck
2025-09-09 10:09:38 Binary: /usr/bin/gtscompare
2025-09-09 10:09:38 Binary: /usr/bin/gtstemplate
2025-09-09 10:09:38 Binary: /usr/bin/gunzip
2025-09-09 10:09:38 Binary: /usr/bin/gv2gml
2025-09-09 10:09:38 Binary: /usr/bin/gv2gxl
2025-09-09 10:09:38 Binary: /usr/bin/gvcolor
2025-09-09 10:09:38 Binary: /usr/bin/gvgen
2025-09-09 10:09:38 Binary: /usr/bin/gvmap
2025-09-09 10:09:38 Binary: /usr/bin/gvmap.sh
2025-09-09 10:09:38 Binary: /usr/bin/gvpack
2025-09-09 10:09:38 Binary: /usr/bin/gvpr
2025-09-09 10:09:38 Binary: /usr/bin/gxl2dot
2025-09-09 10:09:38 Binary: /usr/bin/gxl2gv
2025-09-09 10:09:38 Binary: /usr/bin/gzexe
2025-09-09 10:09:38 Binary: /usr/bin/gzip
2025-09-09 10:09:38 Binary: /usr/bin/h2ph
2025-09-09 10:09:38 Binary: /usr/bin/h2xs
2025-09-09 10:09:38 Binary: /usr/bin/hardening-check
2025-09-09 10:09:38 Binary: /usr/bin/hardlink
2025-09-09 10:09:38 Binary: /usr/bin/hardn
2025-09-09 10:09:38 Binary: /usr/bin/hardn-api
2025-09-09 10:09:38 Binary: /usr/bin/hardn-xdr
2025-09-09 10:09:38 Binary: /usr/bin/hciattach
2025-09-09 10:09:38 Binary: /usr/bin/hciconfig
2025-09-09 10:09:38 Binary: /usr/bin/hcitool
2025-09-09 10:09:38 Binary: /usr/bin/hd
2025-09-09 10:09:38 Binary: /usr/bin/head
2025-09-09 10:09:38 Binary: /usr/bin/helpztags
2025-09-09 10:09:38 Binary: /usr/bin/hex2hcd
2025-09-09 10:09:38 Binary: /usr/bin/hexdump
2025-09-09 10:09:38 Binary: /usr/bin/hostid
2025-09-09 10:09:38 Binary: /usr/bin/hostname
2025-09-09 10:09:38 Binary: /usr/bin/hostnamectl
2025-09-09 10:09:38 Binary: /usr/bin/hspell
2025-09-09 10:09:38 Binary: /usr/bin/hspell-gui
2025-09-09 10:09:38 Binary: /usr/bin/hspell-gui-heb
2025-09-09 10:09:38 Binary: /usr/bin/hspell-i
2025-09-09 10:09:38 Binary: /usr/bin/htop
2025-09-09 10:09:38 Binary: /usr/bin/httpclient
2025-09-09 10:09:38 Binary: /usr/bin/hunspell
2025-09-09 10:09:38 Binary: /usr/bin/hw-probe
2025-09-09 10:09:38 Binary: /usr/bin/i386
2025-09-09 10:09:38 Binary: /usr/bin/iasl
2025-09-09 10:09:38 Binary: /usr/bin/ibus
2025-09-09 10:09:38 Binary: /usr/bin/ibus-daemon
2025-09-09 10:09:38 Binary: /usr/bin/ibus-setup
2025-09-09 10:09:38 Binary: /usr/bin/ibus-setup-hangul
2025-09-09 10:09:38 Binary: /usr/bin/ical
2025-09-09 10:09:38 Binary: /usr/bin/iceauth
2025-09-09 10:09:38 Binary: /usr/bin/ico
2025-09-09 10:09:38 Binary: /usr/bin/icombine
2025-09-09 10:09:38 Binary: /usr/bin/iconv
2025-09-09 10:09:38 Binary: /usr/bin/icuexportdata
2025-09-09 10:09:38 Binary: /usr/bin/icuinfo
2025-09-09 10:09:38 Binary: /usr/bin/id
2025-09-09 10:09:38 Binary: /usr/bin/idate
2025-09-09 10:09:38 Binary: /usr/bin/iecset
2025-09-09 10:09:38 Binary: /usr/bin/ifnames
2025-09-09 10:09:38 Binary: /usr/bin/ijoin
2025-09-09 10:09:38 Binary: /usr/bin/im-config
2025-09-09 10:09:38 Binary: /usr/bin/im-launch
2025-09-09 10:09:38 Binary: /usr/bin/indi_dsi_ccd
2025-09-09 10:09:38 Binary: /usr/bin/infocmp
2025-09-09 10:09:38 Binary: /usr/bin/infotocap
2025-09-09 10:09:38 Binary: /usr/bin/install
2025-09-09 10:09:38 Binary: /usr/bin/install-menu
2025-09-09 10:09:38 Binary: /usr/bin/install-printerdriver
2025-09-09 10:09:38 Binary: /usr/bin/instmodsh
2025-09-09 10:09:38 Binary: /usr/bin/intel-virtual-output
2025-09-09 10:09:38 Binary: /usr/bin/interdiff
2025-09-09 10:09:38 Binary: /usr/bin/ionice
2025-09-09 10:09:38 Binary: /usr/bin/iostat
2025-09-09 10:09:38 Binary: /usr/bin/ip
2025-09-09 10:09:38 Binary: /usr/bin/ipcmk
2025-09-09 10:09:38 Binary: /usr/bin/ipcrm
2025-09-09 10:09:38 Binary: /usr/bin/ipcs
2025-09-09 10:09:38 Binary: /usr/bin/ippfind
2025-09-09 10:09:38 Binary: /usr/bin/ipptool
2025-09-09 10:09:38 Binary: /usr/bin/ipraytime
2025-09-09 10:09:38 Binary: /usr/bin/iptables-xml
2025-09-09 10:09:38 Binary: /usr/bin/irb
2025-09-09 10:09:38 Binary: /usr/bin/irb3.1
2025-09-09 10:09:38 Binary: /usr/bin/ireminder
2025-09-09 10:09:38 Binary: /usr/bin/ischroot
2025-09-09 10:09:38 Binary: /usr/bin/isdv4-serial-debugger
2025-09-09 10:09:38 Binary: /usr/bin/isdv4-serial-inputattach
2025-09-09 10:09:38 Binary: /usr/bin/ispell
2025-09-09 10:09:38 Binary: /usr/bin/ispell-wrapper
2025-09-09 10:09:38 Binary: /usr/bin/ispell.real
2025-09-09 10:09:38 Binary: /usr/bin/isympy
2025-09-09 10:09:38 Binary: /usr/bin/isympy3
2025-09-09 10:09:38 Binary: /usr/bin/jailcheck
2025-09-09 10:09:38 Binary: /usr/bin/join
2025-09-09 10:09:38 Binary: /usr/bin/join-dctrl
2025-09-09 10:09:38 Binary: /usr/bin/journalctl
2025-09-09 10:09:38 Binary: /usr/bin/json_pp
2025-09-09 10:09:38 Binary: /usr/bin/json_xs
2025-09-09 10:09:38 Binary: /usr/bin/kasumi
2025-09-09 10:09:38 Binary: /usr/bin/kbd_mode
2025-09-09 10:09:38 Binary: /usr/bin/kbdinfo
2025-09-09 10:09:38 Binary: /usr/bin/kbxutil
2025-09-09 10:09:38 Binary: /usr/bin/kernel-install
2025-09-09 10:09:38 Binary: /usr/bin/kill
2025-09-09 10:09:38 Binary: /usr/bin/killall
2025-09-09 10:09:38 Binary: /usr/bin/kmod
2025-09-09 10:09:38 Binary: /usr/bin/koi8rxterm
2025-09-09 10:09:38 Binary: /usr/bin/konwert
2025-09-09 10:09:38 Binary: /usr/bin/l2ping
2025-09-09 10:09:38 Binary: /usr/bin/l2test
2025-09-09 10:09:38 Binary: /usr/bin/last
2025-09-09 10:09:38 Binary: /usr/bin/lastb
2025-09-09 10:09:38 Binary: /usr/bin/lastlog
2025-09-09 10:09:38 Binary: /usr/bin/lcf
2025-09-09 10:09:38 Binary: /usr/bin/ld
2025-09-09 10:09:38 Binary: /usr/bin/ld.bfd
2025-09-09 10:09:38 Binary: /usr/bin/ld.gold
2025-09-09 10:09:38 Binary: /usr/bin/ld.so
2025-09-09 10:09:38 Binary: /usr/bin/ldd
2025-09-09 10:09:38 Binary: /usr/bin/lefty
2025-09-09 10:09:38 Binary: /usr/bin/less
2025-09-09 10:09:38 Binary: /usr/bin/lessecho
2025-09-09 10:09:38 Binary: /usr/bin/lessfile
2025-09-09 10:09:38 Binary: /usr/bin/lesskey
2025-09-09 10:09:38 Binary: /usr/bin/lesspipe
2025-09-09 10:09:38 Binary: /usr/bin/lexgrog
2025-09-09 10:09:38 Binary: /usr/bin/lgrep
2025-09-09 10:09:38 Binary: /usr/bin/libnetcfg
2025-09-09 10:09:38 Binary: /usr/bin/libtoolize
2025-09-09 10:09:38 Binary: /usr/bin/licensecheck
2025-09-09 10:09:38 Binary: /usr/bin/link
2025-09-09 10:09:38 Binary: /usr/bin/lintian
2025-09-09 10:09:38 Binary: /usr/bin/lintian-annotate-hints
2025-09-09 10:09:38 Binary: /usr/bin/lintian-explain-tags
2025-09-09 10:09:38 Binary: /usr/bin/lintian-info
2025-09-09 10:09:38 Binary: /usr/bin/linux-boot-prober
2025-09-09 10:09:38 Binary: /usr/bin/linux-check-removal
2025-09-09 10:09:38 Binary: /usr/bin/linux-update-symlinks
2025-09-09 10:09:38 Binary: /usr/bin/linux-version
2025-09-09 10:09:38 Binary: /usr/bin/linux32
2025-09-09 10:09:38 Binary: /usr/bin/linux64
2025-09-09 10:09:38 Binary: /usr/bin/list-unreleased
2025-09-09 10:09:38 Binary: /usr/bin/listres
2025-09-09 10:09:38 Binary: /usr/bin/llc-14
2025-09-09 10:09:38 Binary: /usr/bin/lli-14
2025-09-09 10:09:38 Binary: /usr/bin/lli-child-target-14
2025-09-09 10:09:38 Binary: /usr/bin/llvm-PerfectShuffle-14
2025-09-09 10:09:38 Binary: /usr/bin/llvm-addr2line-14
2025-09-09 10:09:38 Binary: /usr/bin/llvm-ar-14
2025-09-09 10:09:38 Binary: /usr/bin/llvm-as-14
2025-09-09 10:09:38 Binary: /usr/bin/llvm-bcanalyzer-14
2025-09-09 10:09:38 Binary: /usr/bin/llvm-bitcode-strip-14
2025-09-09 10:09:38 Binary: /usr/bin/llvm-c-test-14
2025-09-09 10:09:38 Binary: /usr/bin/llvm-cat-14
2025-09-09 10:09:38 Binary: /usr/bin/llvm-cfi-verify-14
2025-09-09 10:09:38 Binary: /usr/bin/llvm-config-14
2025-09-09 10:09:38 Binary: /usr/bin/llvm-cov-14
2025-09-09 10:09:38 Binary: /usr/bin/llvm-cvtres-14
2025-09-09 10:09:38 Binary: /usr/bin/llvm-cxxdump-14
2025-09-09 10:09:38 Binary: /usr/bin/llvm-cxxfilt-14
2025-09-09 10:09:38 Binary: /usr/bin/llvm-cxxmap-14
2025-09-09 10:09:38 Binary: /usr/bin/llvm-debuginfod-find-14
2025-09-09 10:09:38 Binary: /usr/bin/llvm-diff-14
2025-09-09 10:09:38 Binary: /usr/bin/llvm-dis-14
2025-09-09 10:09:38 Binary: /usr/bin/llvm-dlltool-14
2025-09-09 10:09:38 Binary: /usr/bin/llvm-dwarfdump-14
2025-09-09 10:09:38 Binary: /usr/bin/llvm-dwp-14
2025-09-09 10:09:38 Binary: /usr/bin/llvm-exegesis-14
2025-09-09 10:09:38 Binary: /usr/bin/llvm-extract-14
2025-09-09 10:09:38 Binary: /usr/bin/llvm-gsymutil-14
2025-09-09 10:09:38 Binary: /usr/bin/llvm-ifs-14
2025-09-09 10:09:38 Binary: /usr/bin/llvm-install-name-tool-14
2025-09-09 10:09:38 Binary: /usr/bin/llvm-jitlink-14
2025-09-09 10:09:38 Binary: /usr/bin/llvm-jitlink-executor-14
2025-09-09 10:09:38 Binary: /usr/bin/llvm-lib-14
2025-09-09 10:09:38 Binary: /usr/bin/llvm-libtool-darwin-14
2025-09-09 10:09:38 Binary: /usr/bin/llvm-link-14
2025-09-09 10:09:38 Binary: /usr/bin/llvm-lipo-14
2025-09-09 10:09:38 Binary: /usr/bin/llvm-lto-14
2025-09-09 10:09:38 Binary: /usr/bin/llvm-lto2-14
2025-09-09 10:09:38 Binary: /usr/bin/llvm-mc-14
2025-09-09 10:09:38 Binary: /usr/bin/llvm-mca-14
2025-09-09 10:09:38 Binary: /usr/bin/llvm-ml-14
2025-09-09 10:09:38 Binary: /usr/bin/llvm-modextract-14
2025-09-09 10:09:38 Binary: /usr/bin/llvm-mt-14
2025-09-09 10:09:38 Binary: /usr/bin/llvm-nm-14
2025-09-09 10:09:38 Binary: /usr/bin/llvm-objcopy-14
2025-09-09 10:09:38 Binary: /usr/bin/llvm-objdump-14
2025-09-09 10:09:38 Binary: /usr/bin/llvm-opt-report-14
2025-09-09 10:09:38 Binary: /usr/bin/llvm-otool-14
2025-09-09 10:09:38 Binary: /usr/bin/llvm-pdbutil-14
2025-09-09 10:09:38 Binary: /usr/bin/llvm-profdata-14
2025-09-09 10:09:38 Binary: /usr/bin/llvm-profgen-14
2025-09-09 10:09:38 Binary: /usr/bin/llvm-ranlib-14
2025-09-09 10:09:38 Binary: /usr/bin/llvm-rc-14
2025-09-09 10:09:38 Binary: /usr/bin/llvm-readelf-14
2025-09-09 10:09:38 Binary: /usr/bin/llvm-readobj-14
2025-09-09 10:09:38 Binary: /usr/bin/llvm-reduce-14
2025-09-09 10:09:38 Binary: /usr/bin/llvm-rtdyld-14
2025-09-09 10:09:38 Binary: /usr/bin/llvm-sim-14
2025-09-09 10:09:38 Binary: /usr/bin/llvm-size-14
2025-09-09 10:09:38 Binary: /usr/bin/llvm-split-14
2025-09-09 10:09:38 Binary: /usr/bin/llvm-stress-14
2025-09-09 10:09:38 Binary: /usr/bin/llvm-strings-14
2025-09-09 10:09:38 Binary: /usr/bin/llvm-strip-14
2025-09-09 10:09:38 Binary: /usr/bin/llvm-symbolizer-14
2025-09-09 10:09:38 Binary: /usr/bin/llvm-tapi-diff-14
2025-09-09 10:09:38 Binary: /usr/bin/llvm-tblgen-14
2025-09-09 10:09:38 Binary: /usr/bin/llvm-tli-checker-14
2025-09-09 10:09:38 Binary: /usr/bin/llvm-undname-14
2025-09-09 10:09:38 Binary: /usr/bin/llvm-windres-14
2025-09-09 10:09:38 Binary: /usr/bin/llvm-xray-14
2025-09-09 10:09:38 Binary: /usr/bin/ln
2025-09-09 10:09:38 Binary: /usr/bin/lneato
2025-09-09 10:09:38 Binary: /usr/bin/lnstat
2025-09-09 10:09:38 Binary: /usr/bin/loadkeys
2025-09-09 10:09:38 Binary: /usr/bin/loadunimap
2025-09-09 10:09:38 Binary: /usr/bin/locale
2025-09-09 10:09:38 Binary: /usr/bin/localectl
2025-09-09 10:09:38 Binary: /usr/bin/localedef
2025-09-09 10:09:38 Binary: /usr/bin/logger
2025-09-09 10:09:38 Binary: /usr/bin/login
2025-09-09 10:09:38 Binary: /usr/bin/loginctl
2025-09-09 10:09:38 Binary: /usr/bin/logname
2025-09-09 10:09:38 Binary: /usr/bin/look
2025-09-09 10:09:38 Binary: /usr/bin/lowntfs-3g
2025-09-09 10:09:38 Binary: /usr/bin/lp
2025-09-09 10:09:38 Binary: /usr/bin/lpoptions
2025-09-09 10:09:38 Binary: /usr/bin/lpstat
2025-09-09 10:09:38 Binary: /usr/bin/ls
2025-09-09 10:09:38 Binary: /usr/bin/lsattr
2025-09-09 10:09:38 Binary: /usr/bin/lsb_release
2025-09-09 10:09:38 Binary: /usr/bin/lsblk
2025-09-09 10:09:38 Binary: /usr/bin/lscpu
2025-09-09 10:09:38 Binary: /usr/bin/lsdiff
2025-09-09 10:09:38 Binary: /usr/bin/lsfd
2025-09-09 10:09:38 Binary: /usr/bin/lsinitramfs
2025-09-09 10:09:38 Binary: /usr/bin/lsipc
2025-09-09 10:09:38 Binary: /usr/bin/lsirq
2025-09-09 10:09:38 Binary: /usr/bin/lslocks
2025-09-09 10:09:38 Binary: /usr/bin/lslogins
2025-09-09 10:09:38 Binary: /usr/bin/lsmem
2025-09-09 10:09:38 Binary: /usr/bin/lsmod
2025-09-09 10:09:38 Binary: /usr/bin/lsns
2025-09-09 10:09:38 Binary: /usr/bin/lsof
2025-09-09 10:09:38 Binary: /usr/bin/lspci
2025-09-09 10:09:38 Binary: /usr/bin/lspgpot
2025-09-09 10:09:38 Binary: /usr/bin/lspower
2025-09-09 10:09:38 Binary: /usr/bin/lsusb
2025-09-09 10:09:38 Binary: /usr/bin/ltnu
2025-09-09 10:09:38 Binary: /usr/bin/lto-dump
2025-09-09 10:09:38 Binary: /usr/bin/lto-dump-12
2025-09-09 10:09:38 Binary: /usr/bin/luit
2025-09-09 10:09:38 Binary: /usr/bin/lv
2025-09-09 10:09:38 Binary: /usr/bin/lwp-download
2025-09-09 10:09:38 Binary: /usr/bin/lwp-dump
2025-09-09 10:09:38 Binary: /usr/bin/lwp-mirror
2025-09-09 10:09:38 Binary: /usr/bin/lwp-request
2025-09-09 10:09:38 Binary: /usr/bin/lxterm
2025-09-09 10:09:38 Binary: /usr/bin/lynx
2025-09-09 10:09:38 Binary: /usr/bin/lzcat
2025-09-09 10:09:38 Binary: /usr/bin/lzcmp
2025-09-09 10:09:38 Binary: /usr/bin/lzdiff
2025-09-09 10:09:38 Binary: /usr/bin/lzegrep
2025-09-09 10:09:38 Binary: /usr/bin/lzfgrep
2025-09-09 10:09:38 Binary: /usr/bin/lzgrep
2025-09-09 10:09:38 Binary: /usr/bin/lzip
2025-09-09 10:09:38 Binary: /usr/bin/lzip-compressor
2025-09-09 10:09:38 Binary: /usr/bin/lzip-decompressor
2025-09-09 10:09:38 Binary: /usr/bin/lzip.plzip
2025-09-09 10:09:38 Binary: /usr/bin/lzless
2025-09-09 10:09:38 Binary: /usr/bin/lzma
2025-09-09 10:09:38 Binary: /usr/bin/lzmainfo
2025-09-09 10:09:38 Binary: /usr/bin/lzmore
2025-09-09 10:09:38 Binary: /usr/bin/lzop
2025-09-09 10:09:38 Binary: /usr/bin/m17n-db
2025-09-09 10:09:38 Binary: /usr/bin/m4
2025-09-09 10:09:38 Binary: /usr/bin/mail
2025-09-09 10:09:38 Binary: /usr/bin/mailq
2025-09-09 10:09:38 Binary: /usr/bin/mailx
2025-09-09 10:09:38 Binary: /usr/bin/make
2025-09-09 10:09:38 Binary: /usr/bin/make-first-existing-target
2025-09-09 10:09:38 Binary: /usr/bin/makeconv
2025-09-09 10:09:38 Binary: /usr/bin/man
2025-09-09 10:09:38 Binary: /usr/bin/man-recode
2025-09-09 10:09:38 Binary: /usr/bin/mandb
2025-09-09 10:09:38 Binary: /usr/bin/manpage-alert
2025-09-09 10:09:38 Binary: /usr/bin/manpath
2025-09-09 10:09:38 Binary: /usr/bin/mapscrn
2025-09-09 10:09:38 Binary: /usr/bin/marco
2025-09-09 10:09:38 Binary: /usr/bin/marco-message
2025-09-09 10:09:38 Binary: /usr/bin/marco-theme-viewer
2025-09-09 10:09:38 Binary: /usr/bin/marco-window-demo
2025-09-09 10:09:38 Binary: /usr/bin/mass-bug
2025-09-09 10:09:38 Binary: /usr/bin/masscan
2025-09-09 10:09:38 Binary: /usr/bin/mate-about
2025-09-09 10:09:38 Binary: /usr/bin/mate-about-me
2025-09-09 10:09:38 Binary: /usr/bin/mate-appearance-properties
2025-09-09 10:09:38 Binary: /usr/bin/mate-at-properties
2025-09-09 10:09:38 Binary: /usr/bin/mate-calc
2025-09-09 10:09:38 Binary: /usr/bin/mate-calc-cmd
2025-09-09 10:09:38 Binary: /usr/bin/mate-calculator
2025-09-09 10:09:38 Binary: /usr/bin/mate-color-select
2025-09-09 10:09:38 Binary: /usr/bin/mate-control-center
2025-09-09 10:09:38 Binary: /usr/bin/mate-cpufreq-selector
2025-09-09 10:09:38 Binary: /usr/bin/mate-default-applications-properties
2025-09-09 10:09:38 Binary: /usr/bin/mate-desktop-item-edit
2025-09-09 10:09:38 Binary: /usr/bin/mate-dictionary
2025-09-09 10:09:38 Binary: /usr/bin/mate-disk-image-mounter
2025-09-09 10:09:38 Binary: /usr/bin/mate-disk-usage-analyzer
2025-09-09 10:09:38 Binary: /usr/bin/mate-display-properties
2025-09-09 10:09:38 Binary: /usr/bin/mate-font-viewer
2025-09-09 10:09:38 Binary: /usr/bin/mate-keybinding-properties
2025-09-09 10:09:38 Binary: /usr/bin/mate-keyboard-properties
2025-09-09 10:09:38 Binary: /usr/bin/mate-mouse-properties
2025-09-09 10:09:38 Binary: /usr/bin/mate-network-properties
2025-09-09 10:09:38 Binary: /usr/bin/mate-notification-properties
2025-09-09 10:09:38 Binary: /usr/bin/mate-panel
2025-09-09 10:09:38 Binary: /usr/bin/mate-panel-screenshot
2025-09-09 10:09:38 Binary: /usr/bin/mate-panel-test-applets
2025-09-09 10:09:38 Binary: /usr/bin/mate-power-manager
2025-09-09 10:09:38 Binary: /usr/bin/mate-power-preferences
2025-09-09 10:09:38 Binary: /usr/bin/mate-power-statistics
2025-09-09 10:09:38 Binary: /usr/bin/mate-screensaver
2025-09-09 10:09:38 Binary: /usr/bin/mate-screensaver-command
2025-09-09 10:09:39 Binary: /usr/bin/mate-screensaver-preferences
2025-09-09 10:09:39 Binary: /usr/bin/mate-screenshot
2025-09-09 10:09:39 Binary: /usr/bin/mate-search-tool
2025-09-09 10:09:39 Binary: /usr/bin/mate-session
2025-09-09 10:09:39 Binary: /usr/bin/mate-session-inhibit
2025-09-09 10:09:39 Binary: /usr/bin/mate-session-properties
2025-09-09 10:09:39 Binary: /usr/bin/mate-session-save
2025-09-09 10:09:39 Binary: /usr/bin/mate-settings-daemon
2025-09-09 10:09:39 Binary: /usr/bin/mate-system-log
2025-09-09 10:09:39 Binary: /usr/bin/mate-system-monitor
2025-09-09 10:09:39 Binary: /usr/bin/mate-terminal
2025-09-09 10:09:39 Binary: /usr/bin/mate-terminal.wrapper
2025-09-09 10:09:39 Binary: /usr/bin/mate-thumbnail-font
2025-09-09 10:09:39 Binary: /usr/bin/mate-time-admin
2025-09-09 10:09:39 Binary: /usr/bin/mate-typing-monitor
2025-09-09 10:09:39 Binary: /usr/bin/mate-volume-control
2025-09-09 10:09:39 Binary: /usr/bin/mate-volume-control-status-icon
2025-09-09 10:09:39 Binary: /usr/bin/mate-window-properties
2025-09-09 10:09:39 Binary: /usr/bin/mate-wm
2025-09-09 10:09:39 Binary: /usr/bin/mawk
2025-09-09 10:09:39 Binary: /usr/bin/mbim-network
2025-09-09 10:09:39 Binary: /usr/bin/mbimcli
2025-09-09 10:09:39 Binary: /usr/bin/mcookie
2025-09-09 10:09:39 Binary: /usr/bin/md5sum
2025-09-09 10:09:39 Binary: /usr/bin/md5sum.textutils
2025-09-09 10:09:39 Binary: /usr/bin/mech-dump
2025-09-09 10:09:39 Binary: /usr/bin/memusage
2025-09-09 10:09:39 Binary: /usr/bin/memusagestat
2025-09-09 10:09:39 Binary: /usr/bin/mergechanges
2025-09-09 10:09:39 Binary: /usr/bin/mesa-overlay-control.py
2025-09-09 10:09:39 Binary: /usr/bin/mesg
2025-09-09 10:09:39 Binary: /usr/bin/migrate-pubring-from-classic-gpg
2025-09-09 10:09:39 Binary: /usr/bin/mimeopen
2025-09-09 10:09:39 Binary: /usr/bin/mimetype
2025-09-09 10:09:39 Binary: /usr/bin/mingle
2025-09-09 10:09:39 Binary: /usr/bin/mk-build-deps
2025-09-09 10:09:39 Binary: /usr/bin/mk-origtargz
2025-09-09 10:09:39 Binary: /usr/bin/mk_modmap
2025-09-09 10:09:39 Binary: /usr/bin/mkdir
2025-09-09 10:09:39 Binary: /usr/bin/mkfifo
2025-09-09 10:09:39 Binary: /usr/bin/mkfontdir
2025-09-09 10:09:39 Binary: /usr/bin/mkfontscale
2025-09-09 10:09:39 Binary: /usr/bin/mknod
2025-09-09 10:09:39 Binary: /usr/bin/mkpasswd
2025-09-09 10:09:39 Binary: /usr/bin/mktemp
2025-09-09 10:09:39 Binary: /usr/bin/mlcc
2025-09-09 10:09:39 Binary: /usr/bin/mlclient
2025-09-09 10:09:39 Binary: /usr/bin/mlterm
2025-09-09 10:09:39 Binary: /usr/bin/mm2gv
2025-09-09 10:09:39 Binary: /usr/bin/mmcli
2025-09-09 10:09:39 Binary: /usr/bin/monitor-sensor
2025-09-09 10:09:39 Binary: /usr/bin/more
2025-09-09 10:09:39 Binary: /usr/bin/mount
2025-09-09 10:09:39   Fount known binary: mount (File system tool) - /usr/bin/mount
2025-09-09 10:09:39 Binary: /usr/bin/mountpoint
2025-09-09 10:09:39 Binary: /usr/bin/mpris-proxy
2025-09-09 10:09:39 Binary: /usr/bin/mpstat
2025-09-09 10:09:39 Binary: /usr/bin/msd-datetime-mechanism
2025-09-09 10:09:39 Binary: /usr/bin/msd-locate-pointer
2025-09-09 10:09:39 Binary: /usr/bin/msgattrib
2025-09-09 10:09:39 Binary: /usr/bin/msgcat
2025-09-09 10:09:39 Binary: /usr/bin/msgcmp
2025-09-09 10:09:39 Binary: /usr/bin/msgcomm
2025-09-09 10:09:39 Binary: /usr/bin/msgconv
2025-09-09 10:09:39 Binary: /usr/bin/msgen
2025-09-09 10:09:39 Binary: /usr/bin/msgexec
2025-09-09 10:09:39 Binary: /usr/bin/msgfilter
2025-09-09 10:09:39 Binary: /usr/bin/msgfmt
2025-09-09 10:09:39 Binary: /usr/bin/msggrep
2025-09-09 10:09:39 Binary: /usr/bin/msginit
2025-09-09 10:09:39 Binary: /usr/bin/msgmerge
2025-09-09 10:09:39 Binary: /usr/bin/msgunfmt
2025-09-09 10:09:39 Binary: /usr/bin/msguniq
2025-09-09 10:09:39 Binary: /usr/bin/mt
2025-09-09 10:09:39 Binary: /usr/bin/mt-gnu
2025-09-09 10:09:39 Binary: /usr/bin/mtrace
2025-09-09 10:09:39 Binary: /usr/bin/multispell
2025-09-09 10:09:39 Binary: /usr/bin/munchlist
2025-09-09 10:09:39 Binary: /usr/bin/mv
2025-09-09 10:09:39 Binary: /usr/bin/namecheck
2025-09-09 10:09:39 Binary: /usr/bin/namei
2025-09-09 10:09:39 Binary: /usr/bin/nano
2025-09-09 10:09:39 Binary: /usr/bin/nawk
2025-09-09 10:09:39 Binary: /usr/bin/nc
2025-09-09 10:09:39 Binary: /usr/bin/nc.openbsd
2025-09-09 10:09:39 Binary: /usr/bin/ncurses5-config
2025-09-09 10:09:39 Binary: /usr/bin/ncurses6-config
2025-09-09 10:09:39 Binary: /usr/bin/ncursesw5-config
2025-09-09 10:09:39 Binary: /usr/bin/ncursesw6-config
2025-09-09 10:09:39 Binary: /usr/bin/neato
2025-09-09 10:09:39 Binary: /usr/bin/neqn
2025-09-09 10:09:39 Binary: /usr/bin/netcat
2025-09-09 10:09:39 Binary: /usr/bin/netstat
2025-09-09 10:09:39 Binary: /usr/bin/networkctl
2025-09-09 10:09:39 Binary: /usr/bin/newaliases
2025-09-09 10:09:39 Binary: /usr/bin/newgrp
2025-09-09 10:09:39 Binary: /usr/bin/ngettext
2025-09-09 10:09:39 Binary: /usr/bin/nice
2025-09-09 10:09:39 Binary: /usr/bin/ninja
2025-09-09 10:09:39 Binary: /usr/bin/nisdomainname
2025-09-09 10:09:39 Binary: /usr/bin/nkf
2025-09-09 10:09:39 Binary: /usr/bin/nl
2025-09-09 10:09:39 Binary: /usr/bin/nm
2025-09-09 10:09:39 Binary: /usr/bin/nm-applet
2025-09-09 10:09:39 Binary: /usr/bin/nm-connection-editor
2025-09-09 10:09:39 Binary: /usr/bin/nm-online
2025-09-09 10:09:39 Binary: /usr/bin/nmap
2025-09-09 10:09:39 Binary: /usr/bin/nmcli
2025-09-09 10:09:39 Binary: /usr/bin/nmtui
2025-09-09 10:09:39 Binary: /usr/bin/nmtui-connect
2025-09-09 10:09:39 Binary: /usr/bin/nmtui-edit
2025-09-09 10:09:39 Binary: /usr/bin/nmtui-hostname
2025-09-09 10:09:39 Binary: /usr/bin/nmudiff
2025-09-09 10:09:39 Binary: /usr/bin/nohup
2025-09-09 10:09:39 Binary: /usr/bin/nop
2025-09-09 10:09:39 Binary: /usr/bin/normalizer
2025-09-09 10:09:39 Binary: /usr/bin/not-14
2025-09-09 10:09:39 Binary: /usr/bin/nping
2025-09-09 10:09:39 Binary: /usr/bin/nproc
2025-09-09 10:09:39 Binary: /usr/bin/nroff
2025-09-09 10:09:39 Binary: /usr/bin/nsenter
2025-09-09 10:09:39 Binary: /usr/bin/nstat
2025-09-09 10:09:39 Binary: /usr/bin/ntfs-3g
2025-09-09 10:09:39 Binary: /usr/bin/ntfs-3g.probe
2025-09-09 10:09:39 Binary: /usr/bin/ntfscat
2025-09-09 10:09:39 Binary: /usr/bin/ntfscluster
2025-09-09 10:09:39 Binary: /usr/bin/ntfscmp
2025-09-09 10:09:39 Binary: /usr/bin/ntfsdecrypt
2025-09-09 10:09:39 Binary: /usr/bin/ntfsfallocate
2025-09-09 10:09:39 Binary: /usr/bin/ntfsfix
2025-09-09 10:09:39 Binary: /usr/bin/ntfsinfo
2025-09-09 10:09:39 Binary: /usr/bin/ntfsls
2025-09-09 10:09:39 Binary: /usr/bin/ntfsmove
2025-09-09 10:09:39 Binary: /usr/bin/ntfsrecover
2025-09-09 10:09:39 Binary: /usr/bin/ntfssecaudit
2025-09-09 10:09:39 Binary: /usr/bin/ntfstruncate
2025-09-09 10:09:39 Binary: /usr/bin/ntfsusermap
2025-09-09 10:09:39 Binary: /usr/bin/ntfswipe
2025-09-09 10:09:39 Binary: /usr/bin/ntpdig
2025-09-09 10:09:39 Binary: /usr/bin/numfmt
2025-09-09 10:09:39 Binary: /usr/bin/nvim
2025-09-09 10:09:39 Binary: /usr/bin/obexctl
2025-09-09 10:09:39 Binary: /usr/bin/obj2yaml-14
2025-09-09 10:09:39 Binary: /usr/bin/objcopy
2025-09-09 10:09:39 Binary: /usr/bin/objdump
2025-09-09 10:09:39 Binary: /usr/bin/oclock
2025-09-09 10:09:39 Binary: /usr/bin/od
2025-09-09 10:09:39 Binary: /usr/bin/on_ac_power
2025-09-09 10:09:39 Binary: /usr/bin/open
2025-09-09 10:09:39 Binary: /usr/bin/opencc
2025-09-09 10:09:39 Binary: /usr/bin/opencc_dict
2025-09-09 10:09:39 Binary: /usr/bin/opencc_phrase_extract
2025-09-09 10:09:39 Binary: /usr/bin/openssl
2025-09-09 10:09:39 Binary: /usr/bin/openvt
2025-09-09 10:09:39 Binary: /usr/bin/opt-14
2025-09-09 10:09:39 Binary: /usr/bin/orca
2025-09-09 10:09:39 Binary: /usr/bin/orca-dm-wrapper
2025-09-09 10:09:39 Binary: /usr/bin/origtargz
2025-09-09 10:09:39 Binary: /usr/bin/os-prober
2025-09-09 10:09:39 Binary: /usr/bin/osage
2025-09-09 10:09:39 Binary: /usr/bin/p11-kit
2025-09-09 10:09:39 Binary: /usr/bin/p7zip
2025-09-09 10:09:39 Binary: /usr/bin/pa-info
2025-09-09 10:09:39 Binary: /usr/bin/pacat
2025-09-09 10:09:39 Binary: /usr/bin/pacmd
2025-09-09 10:09:39 Binary: /usr/bin/pactl
2025-09-09 10:09:39 Binary: /usr/bin/padsp
2025-09-09 10:09:39 Binary: /usr/bin/pager
2025-09-09 10:09:39 Binary: /usr/bin/pamon
2025-09-09 10:09:39 Binary: /usr/bin/paperconf
2025-09-09 10:09:39 Binary: /usr/bin/paplay
2025-09-09 10:09:39 Binary: /usr/bin/parec
2025-09-09 10:09:39 Binary: /usr/bin/parecord
2025-09-09 10:09:39 Binary: /usr/bin/parse-edid
2025-09-09 10:09:39 Binary: /usr/bin/partx
2025-09-09 10:09:39 Binary: /usr/bin/pass
2025-09-09 10:09:39 Binary: /usr/bin/passwd
2025-09-09 10:09:39 Binary: /usr/bin/paste
2025-09-09 10:09:39 Binary: /usr/bin/pasuspender
2025-09-09 10:09:39 Binary: /usr/bin/patch
2025-09-09 10:09:39 Binary: /usr/bin/patchview
2025-09-09 10:09:39 Binary: /usr/bin/patchwork
2025-09-09 10:09:39 Binary: /usr/bin/pathchk
2025-09-09 10:09:39 Binary: /usr/bin/pax11publish
2025-09-09 10:09:39 Binary: /usr/bin/pbzip2
2025-09-09 10:09:39 Binary: /usr/bin/pdb3
2025-09-09 10:09:39 Binary: /usr/bin/pdb3.11
2025-09-09 10:09:39 Binary: /usr/bin/pdf2dsc
2025-09-09 10:09:39 Binary: /usr/bin/pdf2ps
2025-09-09 10:09:39 Binary: /usr/bin/pdfattach
2025-09-09 10:09:39 Binary: /usr/bin/pdfdetach
2025-09-09 10:09:39 Binary: /usr/bin/pdffonts
2025-09-09 10:09:39 Binary: /usr/bin/pdfimages
2025-09-09 10:09:39 Binary: /usr/bin/pdfinfo
2025-09-09 10:09:39 Binary: /usr/bin/pdfseparate
2025-09-09 10:09:39 Binary: /usr/bin/pdfsig
2025-09-09 10:09:39 Binary: /usr/bin/pdftocairo
2025-09-09 10:09:39 Binary: /usr/bin/pdftohtml
2025-09-09 10:09:39 Binary: /usr/bin/pdftoppm
2025-09-09 10:09:39 Binary: /usr/bin/pdftops
2025-09-09 10:09:39 Binary: /usr/bin/pdftotext
2025-09-09 10:09:39 Binary: /usr/bin/pdfunite
2025-09-09 10:09:39 Binary: /usr/bin/peekfd
2025-09-09 10:09:39 Binary: /usr/bin/perl
2025-09-09 10:09:39 Binary: /usr/bin/perl5.36-x86_64-linux-gnu
2025-09-09 10:09:39 Binary: /usr/bin/perl5.36.0
2025-09-09 10:09:39 Binary: /usr/bin/perlbug
2025-09-09 10:09:39 Binary: /usr/bin/perldoc
2025-09-09 10:09:39 Binary: /usr/bin/perli11ndoc
2025-09-09 10:09:39 Binary: /usr/bin/perlivp
2025-09-09 10:09:39 Binary: /usr/bin/perlthanks
2025-09-09 10:09:39 Binary: /usr/bin/pf2afm
2025-09-09 10:09:39 Binary: /usr/bin/pfbtopfa
2025-09-09 10:09:39 Binary: /usr/bin/pgrep
2025-09-09 10:09:39 Binary: /usr/bin/pic
2025-09-09 10:09:39 Binary: /usr/bin/pico
2025-09-09 10:09:39 Binary: /usr/bin/piconv
2025-09-09 10:09:39 Binary: /usr/bin/pidof
2025-09-09 10:09:39 Binary: /usr/bin/pidstat
2025-09-09 10:09:39 Binary: /usr/bin/pidwait
2025-09-09 10:09:39 Binary: /usr/bin/pinentry
2025-09-09 10:09:39 Binary: /usr/bin/pinentry-curses
2025-09-09 10:09:39 Binary: /usr/bin/pinentry-gnome3
2025-09-09 10:09:39 Binary: /usr/bin/pinentry-x11
2025-09-09 10:09:39 Binary: /usr/bin/ping
2025-09-09 10:09:39 Binary: /usr/bin/ping4
2025-09-09 10:09:39 Binary: /usr/bin/ping6
2025-09-09 10:09:39 Binary: /usr/bin/pinky
2025-09-09 10:09:39 Binary: /usr/bin/pip
2025-09-09 10:09:39 Binary: /usr/bin/pip3
2025-09-09 10:09:39 Binary: /usr/bin/pip3.11
2025-09-09 10:09:39 Binary: /usr/bin/pixz
2025-09-09 10:09:39 Binary: /usr/bin/pkaction
2025-09-09 10:09:39 Binary: /usr/bin/pkcheck
2025-09-09 10:09:39 Binary: /usr/bin/pkcon
2025-09-09 10:09:39 Binary: /usr/bin/pkexec
2025-09-09 10:09:39 Binary: /usr/bin/pkg-config
2025-09-09 10:09:39 Binary: /usr/bin/pkgconf
2025-09-09 10:09:39 Binary: /usr/bin/pkgdata
2025-09-09 10:09:39 Binary: /usr/bin/pkill
2025-09-09 10:09:39 Binary: /usr/bin/pkmon
2025-09-09 10:09:39 Binary: /usr/bin/pkttyagent
2025-09-09 10:09:39 Binary: /usr/bin/pl2pm
2025-09-09 10:09:39 Binary: /usr/bin/pldd
2025-09-09 10:09:39 Binary: /usr/bin/plog
2025-09-09 10:09:39 Binary: /usr/bin/plotchangelog
2025-09-09 10:09:39 Binary: /usr/bin/pluma
2025-09-09 10:09:39 Binary: /usr/bin/plymouth
2025-09-09 10:09:39 Binary: /usr/bin/plzip
2025-09-09 10:09:39 Binary: /usr/bin/pmap
2025-09-09 10:09:39 Binary: /usr/bin/po2debconf
2025-09-09 10:09:39 Binary: /usr/bin/pod2html
2025-09-09 10:09:39 Binary: /usr/bin/pod2man
2025-09-09 10:09:39 Binary: /usr/bin/pod2text
2025-09-09 10:09:39 Binary: /usr/bin/pod2usage
2025-09-09 10:09:39 Binary: /usr/bin/podchecker
2025-09-09 10:09:39 Binary: /usr/bin/podebconf-display-po
2025-09-09 10:09:39 Binary: /usr/bin/podebconf-report-po
2025-09-09 10:09:39 Binary: /usr/bin/podselect
2025-09-09 10:09:39 Binary: /usr/bin/poff
2025-09-09 10:09:39 Binary: /usr/bin/pon
2025-09-09 10:09:39 Binary: /usr/bin/ppdc
2025-09-09 10:09:39 Binary: /usr/bin/ppdhtml
2025-09-09 10:09:39 Binary: /usr/bin/ppdi
2025-09-09 10:09:39 Binary: /usr/bin/ppdmerge
2025-09-09 10:09:39 Binary: /usr/bin/ppdpo
2025-09-09 10:09:39 Binary: /usr/bin/pphs
2025-09-09 10:09:39 Binary: /usr/bin/pr
2025-09-09 10:09:39 Binary: /usr/bin/precat
2025-09-09 10:09:39 Binary: /usr/bin/preconv
2025-09-09 10:09:39 Binary: /usr/bin/presage_demo
2025-09-09 10:09:39 Binary: /usr/bin/presage_demo_text
2025-09-09 10:09:39 Binary: /usr/bin/presage_simulator
2025-09-09 10:09:39 Binary: /usr/bin/preunzip
2025-09-09 10:09:39 Binary: /usr/bin/prezip
2025-09-09 10:09:39 Binary: /usr/bin/prezip-bin
2025-09-09 10:09:39 Binary: /usr/bin/print
2025-09-09 10:09:39 Binary: /usr/bin/printafm
2025-09-09 10:09:39 Binary: /usr/bin/printenv
2025-09-09 10:09:39 Binary: /usr/bin/printf
2025-09-09 10:09:39 Binary: /usr/bin/pristine-bz2
2025-09-09 10:09:39 Binary: /usr/bin/pristine-gz
2025-09-09 10:09:39 Binary: /usr/bin/pristine-tar
2025-09-09 10:09:39 Binary: /usr/bin/pristine-xz
2025-09-09 10:09:39 Binary: /usr/bin/prlimit
2025-09-09 10:09:39 Binary: /usr/bin/prove
2025-09-09 10:09:39 Binary: /usr/bin/prtstat
2025-09-09 10:09:39 Binary: /usr/bin/prune
2025-09-09 10:09:39 Binary: /usr/bin/ps
2025-09-09 10:09:39 Binary: /usr/bin/ps2ascii
2025-09-09 10:09:39 Binary: /usr/bin/ps2epsi
2025-09-09 10:09:39 Binary: /usr/bin/ps2pdf
2025-09-09 10:09:39 Binary: /usr/bin/ps2pdf12
2025-09-09 10:09:39 Binary: /usr/bin/ps2pdf13
2025-09-09 10:09:39 Binary: /usr/bin/ps2pdf14
2025-09-09 10:09:39 Binary: /usr/bin/ps2pdfwr
2025-09-09 10:09:39 Binary: /usr/bin/ps2ps
2025-09-09 10:09:39 Binary: /usr/bin/ps2ps2
2025-09-09 10:09:39 Binary: /usr/bin/ps2txt
2025-09-09 10:09:39 Binary: /usr/bin/psfaddtable
2025-09-09 10:09:39 Binary: /usr/bin/psfgettable
2025-09-09 10:09:39 Binary: /usr/bin/psfstriptable
2025-09-09 10:09:39 Binary: /usr/bin/psfxtable
2025-09-09 10:09:39 Binary: /usr/bin/pslog
2025-09-09 10:09:39 Binary: /usr/bin/pstree
2025-09-09 10:09:39 Binary: /usr/bin/pstree.x11
2025-09-09 10:09:39 Binary: /usr/bin/ptar
2025-09-09 10:09:39 Binary: /usr/bin/ptardiff
2025-09-09 10:09:39 Binary: /usr/bin/ptargrep
2025-09-09 10:09:39 Binary: /usr/bin/ptked
2025-09-09 10:09:39 Binary: /usr/bin/ptksh
2025-09-09 10:09:39 Binary: /usr/bin/pts-subscribe
2025-09-09 10:09:39 Binary: /usr/bin/pts-unsubscribe
2025-09-09 10:09:39 Binary: /usr/bin/ptx
2025-09-09 10:09:39 Binary: /usr/bin/pulseaudio
2025-09-09 10:09:39 Binary: /usr/bin/pwd
2025-09-09 10:09:39 Binary: /usr/bin/pwdx
2025-09-09 10:09:39 Binary: /usr/bin/py3clean
2025-09-09 10:09:39 Binary: /usr/bin/py3compile
2025-09-09 10:09:39 Binary: /usr/bin/py3versions
2025-09-09 10:09:39 Binary: /usr/bin/pydoc3
2025-09-09 10:09:39 Binary: /usr/bin/pydoc3.11
2025-09-09 10:09:39 Binary: /usr/bin/pygettext3
2025-09-09 10:09:39 Binary: /usr/bin/pygettext3.11
2025-09-09 10:09:39 Binary: /usr/bin/pygmentize
2025-09-09 10:09:39 Binary: /usr/bin/python3
2025-09-09 10:09:39 Binary: /usr/bin/python3-config
2025-09-09 10:09:39 Binary: /usr/bin/python3-unidiff
2025-09-09 10:09:39 Binary: /usr/bin/python3.11
2025-09-09 10:09:39 Binary: /usr/bin/python3.11-config
2025-09-09 10:09:39 Binary: /usr/bin/pythran
2025-09-09 10:09:39 Binary: /usr/bin/pythran-config
2025-09-09 10:09:39 Binary: /usr/bin/pzstd
2025-09-09 10:09:39 Binary: /usr/bin/qmi-firmware-update
2025-09-09 10:09:39 Binary: /usr/bin/qmi-network
2025-09-09 10:09:39 Binary: /usr/bin/qmicli
2025-09-09 10:09:39 Binary: /usr/bin/qrencode
2025-09-09 10:09:39 Binary: /usr/bin/qt-faststart
2025-09-09 10:09:39 Binary: /usr/bin/racc3.1
2025-09-09 10:09:39 Binary: /usr/bin/rake
2025-09-09 10:09:39 Binary: /usr/bin/rake3.1
2025-09-09 10:09:39 Binary: /usr/bin/ranlib
2025-09-09 10:09:39 Binary: /usr/bin/rbash
2025-09-09 10:09:39 Binary: /usr/bin/rbs3.1
2025-09-09 10:09:39 Binary: /usr/bin/rc-alert
2025-09-09 10:09:39 Binary: /usr/bin/rctest
2025-09-09 10:09:39 Binary: /usr/bin/rdbg3.1
2025-09-09 10:09:39 Binary: /usr/bin/rdebsums
2025-09-09 10:09:39 Binary: /usr/bin/rdma
2025-09-09 10:09:39 Binary: /usr/bin/rdoc
2025-09-09 10:09:39 Binary: /usr/bin/rdoc3.1
2025-09-09 10:09:39 Binary: /usr/bin/re
2025-09-09 10:09:39 Binary: /usr/bin/readelf
2025-09-09 10:09:39 Binary: /usr/bin/readlink
2025-09-09 10:09:39 Binary: /usr/bin/realpath
2025-09-09 10:09:39 Binary: /usr/bin/recode-sr-latin
2025-09-09 10:09:39 Binary: /usr/bin/recountdiff
2025-09-09 10:09:39 Binary: /usr/bin/rediff
2025-09-09 10:09:39 Binary: /usr/bin/rename.ul
2025-09-09 10:09:39 Binary: /usr/bin/rendercheck
2025-09-09 10:09:39 Binary: /usr/bin/renice
2025-09-09 10:09:39 Binary: /usr/bin/reproducible-check
2025-09-09 10:09:39 Binary: /usr/bin/reset
2025-09-09 10:09:39 Binary: /usr/bin/resize
2025-09-09 10:09:39 Binary: /usr/bin/resizecons
2025-09-09 10:09:39 Binary: /usr/bin/resizepart
2025-09-09 10:09:39 Binary: /usr/bin/rev
2025-09-09 10:09:39 Binary: /usr/bin/rfcomm
2025-09-09 10:09:39 Binary: /usr/bin/rg
2025-09-09 10:09:39 Binary: /usr/bin/rgrep
2025-09-09 10:09:39 Binary: /usr/bin/ri
2025-09-09 10:09:39 Binary: /usr/bin/ri3.1
2025-09-09 10:09:39 Binary: /usr/bin/rkhunter
2025-09-09 10:09:39 Binary: /usr/bin/rm
2025-09-09 10:09:39 Binary: /usr/bin/rmadison
2025-09-09 10:09:39 Binary: /usr/bin/rmdir
2025-09-09 10:09:39 Binary: /usr/bin/rmsgcat
2025-09-09 10:09:39 Binary: /usr/bin/rmsgfmt
2025-09-09 10:09:39 Binary: /usr/bin/rmsginit
2025-09-09 10:09:39 Binary: /usr/bin/rmsgmerge
2025-09-09 10:09:39 Binary: /usr/bin/rnano
2025-09-09 10:09:39 Binary: /usr/bin/routel
2025-09-09 10:09:39 Binary: /usr/bin/rpcgen
2025-09-09 10:09:39 Binary: /usr/bin/rstart
2025-09-09 10:09:39 Binary: /usr/bin/rstartd
2025-09-09 10:09:39 Binary: /usr/bin/rtstat
2025-09-09 10:09:39 Binary: /usr/bin/ruby
2025-09-09 10:09:39 Binary: /usr/bin/ruby3.1
2025-09-09 10:09:39 Binary: /usr/bin/run-mailcap
2025-09-09 10:09:39 Binary: /usr/bin/run-parts
2025-09-09 10:09:39 Binary: /usr/bin/run-with-aspell
2025-09-09 10:09:39 Binary: /usr/bin/runcon
2025-09-09 10:09:39 Binary: /usr/bin/rust-clang
2025-09-09 10:09:39 Binary: /usr/bin/rust-lld
2025-09-09 10:09:39 Binary: /usr/bin/rust-llvm-dwp
2025-09-09 10:09:39 Binary: /usr/bin/rustc
2025-09-09 10:09:39 Binary: /usr/bin/rustdoc
2025-09-09 10:09:39 Binary: /usr/bin/rview
2025-09-09 10:09:39 Binary: /usr/bin/rvim
2025-09-09 10:09:39 Binary: /usr/bin/rxgettext
2025-09-09 10:09:39 Binary: /usr/bin/sadf
2025-09-09 10:09:39 Binary: /usr/bin/sadt
2025-09-09 10:09:39 Binary: /usr/bin/salsa
2025-09-09 10:09:39 Binary: /usr/bin/sane-find-scanner
2025-09-09 10:09:39 Binary: /usr/bin/sanstats-14
2025-09-09 10:09:39 Binary: /usr/bin/sar
2025-09-09 10:09:39 Binary: /usr/bin/sar.sysstat
2025-09-09 10:09:39 Binary: /usr/bin/savelog
2025-09-09 10:09:39 Binary: /usr/bin/scalar
2025-09-09 10:09:39 Binary: /usr/bin/scanimage
2025-09-09 10:09:39 Binary: /usr/bin/sccmap
2025-09-09 10:09:39 Binary: /usr/bin/scel2org5
2025-09-09 10:09:39 Binary: /usr/bin/scp
2025-09-09 10:09:39 Binary: /usr/bin/scp-dbus-service
2025-09-09 10:09:39 Binary: /usr/bin/screendump
2025-09-09 10:09:39 Binary: /usr/bin/script
2025-09-09 10:09:39 Binary: /usr/bin/scriptlive
2025-09-09 10:09:39 Binary: /usr/bin/scriptreplay
2025-09-09 10:09:39 Binary: /usr/bin/sdiff
2025-09-09 10:09:39 Binary: /usr/bin/sdptool
2025-09-09 10:09:39 Binary: /usr/bin/sed
2025-09-09 10:09:39 Binary: /usr/bin/see
2025-09-09 10:09:39 Binary: /usr/bin/select-default-iwrap
2025-09-09 10:09:39 Binary: /usr/bin/select-editor
2025-09-09 10:09:39 Binary: /usr/bin/sensible-browser
2025-09-09 10:09:39 Binary: /usr/bin/sensible-editor
2025-09-09 10:09:39 Binary: /usr/bin/sensible-pager
2025-09-09 10:09:39 Binary: /usr/bin/sensors
2025-09-09 10:09:39 Binary: /usr/bin/sensors-conf-convert
2025-09-09 10:09:39 Binary: /usr/bin/seq
2025-09-09 10:09:39 Binary: /usr/bin/sessreg
2025-09-09 10:09:39 Binary: /usr/bin/setarch
2025-09-09 10:09:39 Binary: /usr/bin/setfacl
2025-09-09 10:09:39 Binary: /usr/bin/setfont
2025-09-09 10:09:39 Binary: /usr/bin/setkeycodes
2025-09-09 10:09:39 Binary: /usr/bin/setleds
2025-09-09 10:09:39 Binary: /usr/bin/setlogcons
2025-09-09 10:09:39 Binary: /usr/bin/setmetamode
2025-09-09 10:09:39 Binary: /usr/bin/setpci
2025-09-09 10:09:39 Binary: /usr/bin/setpriv
2025-09-09 10:09:39 Binary: /usr/bin/setsid
2025-09-09 10:09:39 Binary: /usr/bin/setterm
2025-09-09 10:09:39 Binary: /usr/bin/setupcon
2025-09-09 10:09:39 Binary: /usr/bin/setvtrgb
2025-09-09 10:09:39 Binary: /usr/bin/setxkbmap
2025-09-09 10:09:39 Binary: /usr/bin/sfdp
2025-09-09 10:09:39 Binary: /usr/bin/sftp
2025-09-09 10:09:39 Binary: /usr/bin/sg
2025-09-09 10:09:39 Binary: /usr/bin/sh
2025-09-09 10:09:39 Binary: /usr/bin/sha1sum
2025-09-09 10:09:39 Binary: /usr/bin/sha224sum
2025-09-09 10:09:39 Binary: /usr/bin/sha256sum
2025-09-09 10:09:39 Binary: /usr/bin/sha384sum
2025-09-09 10:09:39 Binary: /usr/bin/sha512sum
2025-09-09 10:09:39 Binary: /usr/bin/shasum
2025-09-09 10:09:39 Binary: /usr/bin/shell-quote
2025-09-09 10:09:39 Binary: /usr/bin/showconsolefont
2025-09-09 10:09:39 Binary: /usr/bin/showkey
2025-09-09 10:09:39 Binary: /usr/bin/showrgb
2025-09-09 10:09:39 Binary: /usr/bin/shred
2025-09-09 10:09:39 Binary: /usr/bin/shuf
2025-09-09 10:09:39 Binary: /usr/bin/sigtool
2025-09-09 10:09:39 Binary: /usr/bin/size
2025-09-09 10:09:39 Binary: /usr/bin/skill
2025-09-09 10:09:39 Binary: /usr/bin/slabtop
2025-09-09 10:09:39 Binary: /usr/bin/sleep
2025-09-09 10:09:39 Binary: /usr/bin/slogin
2025-09-09 10:09:39 Binary: /usr/bin/smproxy
2025-09-09 10:09:39 Binary: /usr/bin/snice
2025-09-09 10:09:39 Binary: /usr/bin/soelim
2025-09-09 10:09:39 Binary: /usr/bin/sort
2025-09-09 10:09:39 Binary: /usr/bin/sort-dctrl
2025-09-09 10:09:39 Binary: /usr/bin/sotruss
2025-09-09 10:09:39 Binary: /usr/bin/spd-conf
2025-09-09 10:09:39 Binary: /usr/bin/spd-say
2025-09-09 10:09:39 Binary: /usr/bin/spdsend
2025-09-09 10:09:39 Binary: /usr/bin/speaker-test
2025-09-09 10:09:39 Binary: /usr/bin/speech-dispatcher
2025-09-09 10:09:39 Binary: /usr/bin/spellintian
2025-09-09 10:09:39 Binary: /usr/bin/spice-vdagent
2025-09-09 10:09:39 Binary: /usr/bin/splain
2025-09-09 10:09:39 Binary: /usr/bin/split
2025-09-09 10:09:39 Binary: /usr/bin/split-file-14
2025-09-09 10:09:39 Binary: /usr/bin/splitdiff
2025-09-09 10:09:39 Binary: /usr/bin/splitfont
2025-09-09 10:09:39 Binary: /usr/bin/sprof
2025-09-09 10:09:39 Binary: /usr/bin/sqlite3
2025-09-09 10:09:39 Binary: /usr/bin/ss
2025-09-09 10:09:39 Binary: /usr/bin/ssh
2025-09-09 10:09:39 Binary: /usr/bin/ssh-add
2025-09-09 10:09:39 Binary: /usr/bin/ssh-agent
2025-09-09 10:09:39 Binary: /usr/bin/ssh-argv0
2025-09-09 10:09:39 Binary: /usr/bin/ssh-askpass
2025-09-09 10:09:39 Binary: /usr/bin/ssh-copy-id
2025-09-09 10:09:39 Binary: /usr/bin/ssh-keygen
2025-09-09 10:09:39 Binary: /usr/bin/ssh-keyscan
2025-09-09 10:09:39 Binary: /usr/bin/start-pulseaudio-x11
2025-09-09 10:09:39 Binary: /usr/bin/startx
2025-09-09 10:09:39 Binary: /usr/bin/stat
2025-09-09 10:09:39 Binary: /usr/bin/stdbuf
2025-09-09 10:09:39 Binary: /usr/bin/stl2gts
2025-09-09 10:09:39 Binary: /usr/bin/strace
2025-09-09 10:09:39 Binary: /usr/bin/strace-log-merge
2025-09-09 10:09:39 Binary: /usr/bin/streamzip
2025-09-09 10:09:39 Binary: /usr/bin/strfile
2025-09-09 10:09:39 Binary: /usr/bin/strings
2025-09-09 10:09:39 Binary: /usr/bin/strip
2025-09-09 10:09:39 Binary: /usr/bin/stty
2025-09-09 10:09:39 Binary: /usr/bin/stubmaker
2025-09-09 10:09:39 Binary: /usr/bin/su
2025-09-09 10:09:39 Binary: /usr/bin/su-to-root
2025-09-09 10:09:39 Binary: /usr/bin/sudo
2025-09-09 10:09:39 Binary: /usr/bin/sudoedit
2025-09-09 10:09:39 Binary: /usr/bin/sudoreplay
2025-09-09 10:09:39 Binary: /usr/bin/sum
2025-09-09 10:09:39 Binary: /usr/bin/suricata
2025-09-09 10:09:39 Binary: /usr/bin/suricata-update
2025-09-09 10:09:39 Binary: /usr/bin/suricatactl
2025-09-09 10:09:39 Binary: /usr/bin/suricatasc
2025-09-09 10:09:39 Binary: /usr/bin/suspicious-source
2025-09-09 10:09:39 Binary: /usr/bin/svndiff
2025-09-09 10:09:39 Binary: /usr/bin/svndiffview
2025-09-09 10:09:39 Binary: /usr/bin/svnpath
2025-09-09 10:09:39 Binary: /usr/bin/swath
2025-09-09 10:09:39 Binary: /usr/bin/synaptic-pkexec
2025-09-09 10:09:39 Binary: /usr/bin/sync
2025-09-09 10:09:39 Binary: /usr/bin/system-config-printer
2025-09-09 10:09:39 Binary: /usr/bin/system-config-printer-applet
2025-09-09 10:09:39 Binary: /usr/bin/systemctl
2025-09-09 10:09:39 Binary: /usr/bin/systemd
2025-09-09 10:09:39 Binary: /usr/bin/systemd-analyze
2025-09-09 10:09:39 Binary: /usr/bin/systemd-ask-password
2025-09-09 10:09:39 Binary: /usr/bin/systemd-cat
2025-09-09 10:09:39 Binary: /usr/bin/systemd-cgls
2025-09-09 10:09:39 Binary: /usr/bin/systemd-cgtop
2025-09-09 10:09:39 Binary: /usr/bin/systemd-creds
2025-09-09 10:09:39 Binary: /usr/bin/systemd-cryptenroll
2025-09-09 10:09:39 Binary: /usr/bin/systemd-delta
2025-09-09 10:09:39 Binary: /usr/bin/systemd-detect-virt
2025-09-09 10:09:39 Binary: /usr/bin/systemd-escape
2025-09-09 10:09:40 Binary: /usr/bin/systemd-firstboot
2025-09-09 10:09:40 Binary: /usr/bin/systemd-hwdb
2025-09-09 10:09:40 Binary: /usr/bin/systemd-id128
2025-09-09 10:09:40 Binary: /usr/bin/systemd-inhibit
2025-09-09 10:09:40 Binary: /usr/bin/systemd-machine-id-setup
2025-09-09 10:09:40 Binary: /usr/bin/systemd-mount
2025-09-09 10:09:40 Binary: /usr/bin/systemd-notify
2025-09-09 10:09:40 Binary: /usr/bin/systemd-path
2025-09-09 10:09:40 Binary: /usr/bin/systemd-repart
2025-09-09 10:09:40 Binary: /usr/bin/systemd-run
2025-09-09 10:09:40 Binary: /usr/bin/systemd-socket-activate
2025-09-09 10:09:40 Binary: /usr/bin/systemd-stdio-bridge
2025-09-09 10:09:40 Binary: /usr/bin/systemd-sysext
2025-09-09 10:09:40 Binary: /usr/bin/systemd-sysusers
2025-09-09 10:09:40 Binary: /usr/bin/systemd-tmpfiles
2025-09-09 10:09:40 Binary: /usr/bin/systemd-tty-ask-password-agent
2025-09-09 10:09:40 Binary: /usr/bin/systemd-umount
2025-09-09 10:09:40 Binary: /usr/bin/t1ascii
2025-09-09 10:09:40 Binary: /usr/bin/t1asm
2025-09-09 10:09:40 Binary: /usr/bin/t1binary
2025-09-09 10:09:40 Binary: /usr/bin/t1disasm
2025-09-09 10:09:40 Binary: /usr/bin/t1mac
2025-09-09 10:09:40 Binary: /usr/bin/t1unmac
2025-09-09 10:09:40 Binary: /usr/bin/tabs
2025-09-09 10:09:40 Binary: /usr/bin/tac
2025-09-09 10:09:40 Binary: /usr/bin/tagpending
2025-09-09 10:09:40 Binary: /usr/bin/tail
2025-09-09 10:09:40 Binary: /usr/bin/tapestat
2025-09-09 10:09:40 Binary: /usr/bin/tar
2025-09-09 10:09:40 Binary: /usr/bin/tasksel
2025-09-09 10:09:40 Binary: /usr/bin/taskset
2025-09-09 10:09:40 Binary: /usr/bin/tbl
2025-09-09 10:09:40 Binary: /usr/bin/tbl-dctrl
2025-09-09 10:09:40 Binary: /usr/bin/tee
2025-09-09 10:09:40 Binary: /usr/bin/tempfile
2025-09-09 10:09:40 Binary: /usr/bin/test
2025-09-09 10:09:40 Binary: /usr/bin/text2ngram
2025-09-09 10:09:40 Binary: /usr/bin/tic
2025-09-09 10:09:40 Binary: /usr/bin/time
2025-09-09 10:09:40 Binary: /usr/bin/timedatectl
2025-09-09 10:09:40 Binary: /usr/bin/timeout
2025-09-09 10:09:40 Binary: /usr/bin/tkjpeg
2025-09-09 10:09:40 Binary: /usr/bin/tload
2025-09-09 10:09:40 Binary: /usr/bin/tmispell
2025-09-09 10:09:40 Binary: /usr/bin/toe
2025-09-09 10:09:40 Binary: /usr/bin/top
2025-09-09 10:09:40 Binary: /usr/bin/touch
2025-09-09 10:09:40 Binary: /usr/bin/tput
2025-09-09 10:09:40 Binary: /usr/bin/tr
2025-09-09 10:09:40 Binary: /usr/bin/transform
2025-09-09 10:09:40 Binary: /usr/bin/transition-check
2025-09-09 10:09:40 Binary: /usr/bin/transset
2025-09-09 10:09:40 Binary: /usr/bin/tred
2025-09-09 10:09:40 Binary: /usr/bin/tree
2025-09-09 10:09:40 Binary: /usr/bin/troff
2025-09-09 10:09:40 Binary: /usr/bin/trs
2025-09-09 10:09:40 Binary: /usr/bin/true
2025-09-09 10:09:40 Binary: /usr/bin/truncate
2025-09-09 10:09:40 Binary: /usr/bin/trust
2025-09-09 10:09:40 Binary: /usr/bin/tryaffix
2025-09-09 10:09:40 Binary: /usr/bin/tset
2025-09-09 10:09:40 Binary: /usr/bin/tsort
2025-09-09 10:09:40 Binary: /usr/bin/tty
2025-09-09 10:09:40 Binary: /usr/bin/twopi
2025-09-09 10:09:40 Binary: /usr/bin/txiterm
2025-09-09 10:09:40 Binary: /usr/bin/typeprof3.1
2025-09-09 10:09:40 Binary: /usr/bin/tzselect
2025-09-09 10:09:40 Binary: /usr/bin/ucf
2025-09-09 10:09:40 Binary: /usr/bin/ucfq
2025-09-09 10:09:40 Binary: /usr/bin/ucfr
2025-09-09 10:09:40 Binary: /usr/bin/uclampset
2025-09-09 10:09:40 Binary: /usr/bin/uconv
2025-09-09 10:09:40 Binary: /usr/bin/ucs2any
2025-09-09 10:09:40 Binary: /usr/bin/udevadm
2025-09-09 10:09:40 Binary: /usr/bin/udisksctl
2025-09-09 10:09:40 Binary: /usr/bin/uim-chardict-qt5
2025-09-09 10:09:40 Binary: /usr/bin/uim-fep
2025-09-09 10:09:40 Binary: /usr/bin/uim-fep-tick
2025-09-09 10:09:40 Binary: /usr/bin/uim-help
2025-09-09 10:09:40 Binary: /usr/bin/uim-im-switcher-gtk
2025-09-09 10:09:40 Binary: /usr/bin/uim-im-switcher-gtk3
2025-09-09 10:09:40 Binary: /usr/bin/uim-im-switcher-qt5
2025-09-09 10:09:40 Binary: /usr/bin/uim-input-pad-ja
2025-09-09 10:09:40 Binary: /usr/bin/uim-input-pad-ja-gtk3
2025-09-09 10:09:40 Binary: /usr/bin/uim-m17nlib-relink-icons
2025-09-09 10:09:40 Binary: /usr/bin/uim-module-manager
2025-09-09 10:09:40 Binary: /usr/bin/uim-pref-gtk
2025-09-09 10:09:40 Binary: /usr/bin/uim-pref-gtk3
2025-09-09 10:09:40 Binary: /usr/bin/uim-pref-qt5
2025-09-09 10:09:40 Binary: /usr/bin/uim-sh
2025-09-09 10:09:40 Binary: /usr/bin/uim-toolbar
2025-09-09 10:09:40 Binary: /usr/bin/uim-toolbar-gtk
2025-09-09 10:09:40 Binary: /usr/bin/uim-toolbar-gtk-systray
2025-09-09 10:09:40 Binary: /usr/bin/uim-toolbar-gtk3
2025-09-09 10:09:40 Binary: /usr/bin/uim-toolbar-gtk3-systray
2025-09-09 10:09:40 Binary: /usr/bin/uim-toolbar-qt5
2025-09-09 10:09:40 Binary: /usr/bin/uim-xim
2025-09-09 10:09:40 Binary: /usr/bin/ul
2025-09-09 10:09:40 Binary: /usr/bin/umax_pp
2025-09-09 10:09:40 Binary: /usr/bin/umount
2025-09-09 10:09:40 Binary: /usr/bin/uname
2025-09-09 10:09:40 Binary: /usr/bin/unattended-upgrade
2025-09-09 10:09:40 Binary: /usr/bin/unattended-upgrades
2025-09-09 10:09:40 Binary: /usr/bin/uncompress
2025-09-09 10:09:40 Binary: /usr/bin/unexpand
2025-09-09 10:09:40 Binary: /usr/bin/unflatten
2025-09-09 10:09:40 Binary: /usr/bin/unicode_start
2025-09-09 10:09:40 Binary: /usr/bin/unicode_stop
2025-09-09 10:09:40 Binary: /usr/bin/uniq
2025-09-09 10:09:40 Binary: /usr/bin/unlink
2025-09-09 10:09:40 Binary: /usr/bin/unlzma
2025-09-09 10:09:40 Binary: /usr/bin/unmkinitramfs
2025-09-09 10:09:40 Binary: /usr/bin/unshare
2025-09-09 10:09:40 Binary: /usr/bin/unstr
2025-09-09 10:09:40 Binary: /usr/bin/unwrapdiff
2025-09-09 10:09:40 Binary: /usr/bin/unxrandr
2025-09-09 10:09:40 Binary: /usr/bin/unxz
2025-09-09 10:09:40 Binary: /usr/bin/unzip
2025-09-09 10:09:40 Binary: /usr/bin/unzipsfx
2025-09-09 10:09:40 Binary: /usr/bin/unzstd
2025-09-09 10:09:40 Binary: /usr/bin/update-alternatives
2025-09-09 10:09:40 Binary: /usr/bin/update-desktop-database
2025-09-09 10:09:40 Binary: /usr/bin/update-menus
2025-09-09 10:09:40 Binary: /usr/bin/update-mime-database
2025-09-09 10:09:40 Binary: /usr/bin/update-perl-sax-parsers
2025-09-09 10:09:40 Binary: /usr/bin/update_rubygems
2025-09-09 10:09:40 Binary: /usr/bin/upower
2025-09-09 10:09:40 Binary: /usr/bin/uptime
2025-09-09 10:09:40 Binary: /usr/bin/usb-devices
2025-09-09 10:09:40 Binary: /usr/bin/usbhid-dump
2025-09-09 10:09:40 Binary: /usr/bin/usbreset
2025-09-09 10:09:40 Binary: /usr/bin/uscan
2025-09-09 10:09:40 Binary: /usr/bin/users
2025-09-09 10:09:40 Binary: /usr/bin/utmpdump
2025-09-09 10:09:40 Binary: /usr/bin/uuidgen
2025-09-09 10:09:40 Binary: /usr/bin/uuidparse
2025-09-09 10:09:40 Binary: /usr/bin/uupdate
2025-09-09 10:09:40 Binary: /usr/bin/uxterm
2025-09-09 10:09:40 Binary: /usr/bin/vainfo
2025-09-09 10:09:40 Binary: /usr/bin/vdir
2025-09-09 10:09:40 Binary: /usr/bin/vdpauinfo
2025-09-09 10:09:40 Binary: /usr/bin/verify-uselistorder-14
2025-09-09 10:09:40 Binary: /usr/bin/vi
2025-09-09 10:09:40 Binary: /usr/bin/view
2025-09-09 10:09:40 Binary: /usr/bin/viewres
2025-09-09 10:09:40 Binary: /usr/bin/vim
2025-09-09 10:09:40 Binary: /usr/bin/vim.basic
2025-09-09 10:09:40 Binary: /usr/bin/vim.tiny
2025-09-09 10:09:40 Binary: /usr/bin/vimdiff
2025-09-09 10:09:40 Binary: /usr/bin/vimdot
2025-09-09 10:09:40 Binary: /usr/bin/vimtutor
2025-09-09 10:09:40 Binary: /usr/bin/vkcube
2025-09-09 10:09:40 Binary: /usr/bin/vkcube-wayland
2025-09-09 10:09:40 Binary: /usr/bin/vkcubepp
2025-09-09 10:09:40 Binary: /usr/bin/vmstat
2025-09-09 10:09:40 Binary: /usr/bin/vmwarectrl
2025-09-09 10:09:40 Binary: /usr/bin/vulkaninfo
2025-09-09 10:09:40 Binary: /usr/bin/w
2025-09-09 10:09:40 Binary: /usr/bin/wall
2025-09-09 10:09:40 Binary: /usr/bin/watch
2025-09-09 10:09:40 Binary: /usr/bin/watchgnupg
2025-09-09 10:09:40 Binary: /usr/bin/wc
2025-09-09 10:09:40 Binary: /usr/bin/wdctl
2025-09-09 10:09:40 Binary: /usr/bin/wdiff
2025-09-09 10:09:40 Binary: /usr/bin/wget
2025-09-09 10:09:40 Binary: /usr/bin/what-patch
2025-09-09 10:09:40 Binary: /usr/bin/whatis
2025-09-09 10:09:40 Binary: /usr/bin/whereis
2025-09-09 10:09:40 Binary: /usr/bin/which
2025-09-09 10:09:40 Binary: /usr/bin/which.debianutils
2025-09-09 10:09:40 Binary: /usr/bin/whiptail
2025-09-09 10:09:40 Binary: /usr/bin/who
2025-09-09 10:09:40 Binary: /usr/bin/who-permits-upload
2025-09-09 10:09:40 Binary: /usr/bin/who-uploads
2025-09-09 10:09:40 Binary: /usr/bin/whoami
2025-09-09 10:09:40 Binary: /usr/bin/whodepends
2025-09-09 10:09:40 Binary: /usr/bin/whois
2025-09-09 10:09:40 Binary: /usr/bin/widget
2025-09-09 10:09:40 Binary: /usr/bin/wl-copy
2025-09-09 10:09:40 Binary: /usr/bin/wl-paste
2025-09-09 10:09:40 Binary: /usr/bin/wnpp-alert
2025-09-09 10:09:40 Binary: /usr/bin/wnpp-check
2025-09-09 10:09:40 Binary: /usr/bin/word-list-compress
2025-09-09 10:09:40 Binary: /usr/bin/wpa_passphrase
2025-09-09 10:09:40 Binary: /usr/bin/wrap-and-sort
2025-09-09 10:09:40 Binary: /usr/bin/write
2025-09-09 10:09:40 Binary: /usr/bin/www-browser
2025-09-09 10:09:40 Binary: /usr/bin/x-session-manager
2025-09-09 10:09:40 Binary: /usr/bin/x-terminal-emulator
2025-09-09 10:09:40 Binary: /usr/bin/x-window-manager
2025-09-09 10:09:40 Binary: /usr/bin/x-www-browser
2025-09-09 10:09:40 Binary: /usr/bin/x11perf
2025-09-09 10:09:40 Binary: /usr/bin/x11perfcomp
2025-09-09 10:09:40 Binary: /usr/bin/x86_64
2025-09-09 10:09:40 Binary: /usr/bin/x86_64-linux-gnu-addr2line
2025-09-09 10:09:40 Binary: /usr/bin/x86_64-linux-gnu-ar
2025-09-09 10:09:40 Binary: /usr/bin/x86_64-linux-gnu-as
2025-09-09 10:09:40 Binary: /usr/bin/x86_64-linux-gnu-c++filt
2025-09-09 10:09:40 Binary: /usr/bin/x86_64-linux-gnu-cpp
2025-09-09 10:09:40 Binary: /usr/bin/x86_64-linux-gnu-cpp-12
2025-09-09 10:09:40 Binary: /usr/bin/x86_64-linux-gnu-dwp
2025-09-09 10:09:40 Binary: /usr/bin/x86_64-linux-gnu-elfedit
2025-09-09 10:09:40 Binary: /usr/bin/x86_64-linux-gnu-g++
2025-09-09 10:09:40 Binary: /usr/bin/x86_64-linux-gnu-g++-12
2025-09-09 10:09:40 Binary: /usr/bin/x86_64-linux-gnu-gcc
2025-09-09 10:09:40 Binary: /usr/bin/x86_64-linux-gnu-gcc-12
2025-09-09 10:09:40 Binary: /usr/bin/x86_64-linux-gnu-gcc-ar
2025-09-09 10:09:40 Binary: /usr/bin/x86_64-linux-gnu-gcc-ar-12
2025-09-09 10:09:40 Binary: /usr/bin/x86_64-linux-gnu-gcc-nm
2025-09-09 10:09:40 Binary: /usr/bin/x86_64-linux-gnu-gcc-nm-12
2025-09-09 10:09:40 Binary: /usr/bin/x86_64-linux-gnu-gcc-ranlib
2025-09-09 10:09:40 Binary: /usr/bin/x86_64-linux-gnu-gcc-ranlib-12
2025-09-09 10:09:40 Binary: /usr/bin/x86_64-linux-gnu-gcov
2025-09-09 10:09:40 Binary: /usr/bin/x86_64-linux-gnu-gcov-12
2025-09-09 10:09:40 Binary: /usr/bin/x86_64-linux-gnu-gcov-dump
2025-09-09 10:09:40 Binary: /usr/bin/x86_64-linux-gnu-gcov-dump-12
2025-09-09 10:09:40 Binary: /usr/bin/x86_64-linux-gnu-gcov-tool
2025-09-09 10:09:40 Binary: /usr/bin/x86_64-linux-gnu-gcov-tool-12
2025-09-09 10:09:40 Binary: /usr/bin/x86_64-linux-gnu-gold
2025-09-09 10:09:40 Binary: /usr/bin/x86_64-linux-gnu-gp-archive
2025-09-09 10:09:40 Binary: /usr/bin/x86_64-linux-gnu-gp-collect-app
2025-09-09 10:09:40 Binary: /usr/bin/x86_64-linux-gnu-gp-display-html
2025-09-09 10:09:40 Binary: /usr/bin/x86_64-linux-gnu-gp-display-src
2025-09-09 10:09:40 Binary: /usr/bin/x86_64-linux-gnu-gp-display-text
2025-09-09 10:09:40 Binary: /usr/bin/x86_64-linux-gnu-gprof
2025-09-09 10:09:40 Binary: /usr/bin/x86_64-linux-gnu-gprofng
2025-09-09 10:09:40 Binary: /usr/bin/x86_64-linux-gnu-ld
2025-09-09 10:09:40 Binary: /usr/bin/x86_64-linux-gnu-ld.bfd
2025-09-09 10:09:40 Binary: /usr/bin/x86_64-linux-gnu-ld.gold
2025-09-09 10:09:40 Binary: /usr/bin/x86_64-linux-gnu-lto-dump
2025-09-09 10:09:40 Binary: /usr/bin/x86_64-linux-gnu-lto-dump-12
2025-09-09 10:09:40 Binary: /usr/bin/x86_64-linux-gnu-nm
2025-09-09 10:09:40 Binary: /usr/bin/x86_64-linux-gnu-objcopy
2025-09-09 10:09:40 Binary: /usr/bin/x86_64-linux-gnu-objdump
2025-09-09 10:09:40 Binary: /usr/bin/x86_64-linux-gnu-pkg-config
2025-09-09 10:09:40 Binary: /usr/bin/x86_64-linux-gnu-pkgconf
2025-09-09 10:09:40 Binary: /usr/bin/x86_64-linux-gnu-python3-config
2025-09-09 10:09:40 Binary: /usr/bin/x86_64-linux-gnu-python3.11-config
2025-09-09 10:09:40 Binary: /usr/bin/x86_64-linux-gnu-ranlib
2025-09-09 10:09:40 Binary: /usr/bin/x86_64-linux-gnu-readelf
2025-09-09 10:09:40 Binary: /usr/bin/x86_64-linux-gnu-size
2025-09-09 10:09:40 Binary: /usr/bin/x86_64-linux-gnu-strings
2025-09-09 10:09:40 Binary: /usr/bin/x86_64-linux-gnu-strip
2025-09-09 10:09:40 Binary: /usr/bin/xargs
2025-09-09 10:09:40 Binary: /usr/bin/xauth
2025-09-09 10:09:40 Binary: /usr/bin/xbiff
2025-09-09 10:09:40 Binary: /usr/bin/xbrlapi
2025-09-09 10:09:40 Binary: /usr/bin/xcalc
2025-09-09 10:09:40 Binary: /usr/bin/xclip
2025-09-09 10:09:40 Binary: /usr/bin/xclip-copyfile
2025-09-09 10:09:40 Binary: /usr/bin/xclip-cutfile
2025-09-09 10:09:40 Binary: /usr/bin/xclip-pastefile
2025-09-09 10:09:40 Binary: /usr/bin/xclipboard
2025-09-09 10:09:40 Binary: /usr/bin/xclock
2025-09-09 10:09:40 Binary: /usr/bin/xcmsdb
2025-09-09 10:09:40 Binary: /usr/bin/xconsole
2025-09-09 10:09:40 Binary: /usr/bin/xcursorgen
2025-09-09 10:09:40 Binary: /usr/bin/xcutsel
2025-09-09 10:09:40 Binary: /usr/bin/xdelta
2025-09-09 10:09:40 Binary: /usr/bin/xdelta3
2025-09-09 10:09:40 Binary: /usr/bin/xdg-dbus-proxy
2025-09-09 10:09:40 Binary: /usr/bin/xdg-desktop-icon
2025-09-09 10:09:40 Binary: /usr/bin/xdg-desktop-menu
2025-09-09 10:09:40 Binary: /usr/bin/xdg-email
2025-09-09 10:09:40 Binary: /usr/bin/xdg-icon-resource
2025-09-09 10:09:40 Binary: /usr/bin/xdg-mime
2025-09-09 10:09:40 Binary: /usr/bin/xdg-open
2025-09-09 10:09:40 Binary: /usr/bin/xdg-screensaver
2025-09-09 10:09:40 Binary: /usr/bin/xdg-settings
2025-09-09 10:09:40 Binary: /usr/bin/xdg-user-dir
2025-09-09 10:09:40 Binary: /usr/bin/xdg-user-dirs-update
2025-09-09 10:09:40 Binary: /usr/bin/xditview
2025-09-09 10:09:40 Binary: /usr/bin/xdotool
2025-09-09 10:09:40 Binary: /usr/bin/xdpyinfo
2025-09-09 10:09:40 Binary: /usr/bin/xdriinfo
2025-09-09 10:09:40 Binary: /usr/bin/xedit
2025-09-09 10:09:40 Binary: /usr/bin/xev
2025-09-09 10:09:40 Binary: /usr/bin/xeyes
2025-09-09 10:09:40 Binary: /usr/bin/xfd
2025-09-09 10:09:40 Binary: /usr/bin/xfontsel
2025-09-09 10:09:40 Binary: /usr/bin/xgamma
2025-09-09 10:09:40 Binary: /usr/bin/xgc
2025-09-09 10:09:40 Binary: /usr/bin/xgettext
2025-09-09 10:09:40 Binary: /usr/bin/xhost
2025-09-09 10:09:40 Binary: /usr/bin/xinit
2025-09-09 10:09:40 Binary: /usr/bin/xinput
2025-09-09 10:09:40 Binary: /usr/bin/xiterm+thai
2025-09-09 10:09:40 Binary: /usr/bin/xkbbell
2025-09-09 10:09:40 Binary: /usr/bin/xkbcomp
2025-09-09 10:09:40 Binary: /usr/bin/xkbevd
2025-09-09 10:09:40 Binary: /usr/bin/xkbprint
2025-09-09 10:09:40 Binary: /usr/bin/xkbset
2025-09-09 10:09:40 Binary: /usr/bin/xkbset-gui
2025-09-09 10:09:40 Binary: /usr/bin/xkbvleds
2025-09-09 10:09:40 Binary: /usr/bin/xkbwatch
2025-09-09 10:09:40 Binary: /usr/bin/xkeystone
2025-09-09 10:09:40 Binary: /usr/bin/xkill
2025-09-09 10:09:40 Binary: /usr/bin/xload
2025-09-09 10:09:40 Binary: /usr/bin/xlogo
2025-09-09 10:09:40 Binary: /usr/bin/xlsatoms
2025-09-09 10:09:40 Binary: /usr/bin/xlsclients
2025-09-09 10:09:40 Binary: /usr/bin/xlsfonts
2025-09-09 10:09:40 Binary: /usr/bin/xmag
2025-09-09 10:09:40 Binary: /usr/bin/xman
2025-09-09 10:09:40 Binary: /usr/bin/xmessage
2025-09-09 10:09:40 Binary: /usr/bin/xml2-config
2025-09-09 10:09:40 Binary: /usr/bin/xmodmap
2025-09-09 10:09:40 Binary: /usr/bin/xmore
2025-09-09 10:09:40 Binary: /usr/bin/xprop
2025-09-09 10:09:40 Binary: /usr/bin/xrandr
2025-09-09 10:09:40 Binary: /usr/bin/xrdb
2025-09-09 10:09:40 Binary: /usr/bin/xrefresh
2025-09-09 10:09:40 Binary: /usr/bin/xsel
2025-09-09 10:09:40 Binary: /usr/bin/xset
2025-09-09 10:09:40 Binary: /usr/bin/xsetmode
2025-09-09 10:09:40 Binary: /usr/bin/xsetpointer
2025-09-09 10:09:40 Binary: /usr/bin/xsetroot
2025-09-09 10:09:40 Binary: /usr/bin/xsetwacom
2025-09-09 10:09:40 Binary: /usr/bin/xslate
2025-09-09 10:09:40 Binary: /usr/bin/xsm
2025-09-09 10:09:40 Binary: /usr/bin/xstdcmap
2025-09-09 10:09:40 Binary: /usr/bin/xsubpp
2025-09-09 10:09:40 Binary: /usr/bin/xterm
2025-09-09 10:09:40 Binary: /usr/bin/xvfb-run
2025-09-09 10:09:40 Binary: /usr/bin/xvidtune
2025-09-09 10:09:40 Binary: /usr/bin/xvinfo
2025-09-09 10:09:40 Binary: /usr/bin/xwd
2025-09-09 10:09:40 Binary: /usr/bin/xwininfo
2025-09-09 10:09:40 Binary: /usr/bin/xwud
2025-09-09 10:09:40 Binary: /usr/bin/xxd
2025-09-09 10:09:40 Binary: /usr/bin/xxkb
2025-09-09 10:09:40 Binary: /usr/bin/xz
2025-09-09 10:09:40 Binary: /usr/bin/xzcat
2025-09-09 10:09:40 Binary: /usr/bin/xzcmp
2025-09-09 10:09:40 Binary: /usr/bin/xzdiff
2025-09-09 10:09:40 Binary: /usr/bin/xzegrep
2025-09-09 10:09:40 Binary: /usr/bin/xzfgrep
2025-09-09 10:09:40 Binary: /usr/bin/xzgrep
2025-09-09 10:09:40 Binary: /usr/bin/xzless
2025-09-09 10:09:40 Binary: /usr/bin/xzmore
2025-09-09 10:09:40 Binary: /usr/bin/yaml-bench-14
2025-09-09 10:09:40 Binary: /usr/bin/yaml2obj-14
2025-09-09 10:09:40 Binary: /usr/bin/yara
2025-09-09 10:09:40 Binary: /usr/bin/yarac
2025-09-09 10:09:40 Binary: /usr/bin/yelp
2025-09-09 10:09:40 Binary: /usr/bin/yes
2025-09-09 10:09:40 Binary: /usr/bin/ypdomainname
2025-09-09 10:09:40 Binary: /usr/bin/zcat
2025-09-09 10:09:40 Binary: /usr/bin/zcmp
2025-09-09 10:09:40 Binary: /usr/bin/zdiff
2025-09-09 10:09:40 Binary: /usr/bin/zdump
2025-09-09 10:09:40 Binary: /usr/bin/zegrep
2025-09-09 10:09:40 Binary: /usr/bin/zenity
2025-09-09 10:09:40 Binary: /usr/bin/zfgrep
2025-09-09 10:09:40 Binary: /usr/bin/zforce
2025-09-09 10:09:40 Binary: /usr/bin/zgrep
2025-09-09 10:09:40 Binary: /usr/bin/zgz
2025-09-09 10:09:40 Binary: /usr/bin/zhcon
2025-09-09 10:09:40 Binary: /usr/bin/zip
2025-09-09 10:09:40 Binary: /usr/bin/zipcloak
2025-09-09 10:09:40 Binary: /usr/bin/zipdetails
2025-09-09 10:09:40 Binary: /usr/bin/zipgrep
2025-09-09 10:09:40 Binary: /usr/bin/zipinfo
2025-09-09 10:09:40 Binary: /usr/bin/zipnote
2025-09-09 10:09:40 Binary: /usr/bin/zipsplit
2025-09-09 10:09:40 Binary: /usr/bin/zless
2025-09-09 10:09:40 Binary: /usr/bin/zmore
2025-09-09 10:09:40 Binary: /usr/bin/znew
2025-09-09 10:09:40 Binary: /usr/bin/zstd
2025-09-09 10:09:40 Binary: /usr/bin/zstdcat
2025-09-09 10:09:40 Binary: /usr/bin/zstdgrep
2025-09-09 10:09:40 Binary: /usr/bin/zstdless
2025-09-09 10:09:40 Binary: /usr/bin/zstdmt
2025-09-09 10:09:40 ====
2025-09-09 10:09:40 Test: Checking binaries in directory /usr/sbin
2025-09-09 10:09:40 Directory /usr/sbin exists. Starting directory scanning...
2025-09-09 10:09:40 Binary: /usr/sbin/ModemManager
2025-09-09 10:09:40 Binary: /usr/sbin/NetworkManager
2025-09-09 10:09:40 Binary: /usr/sbin/VBoxService
2025-09-09 10:09:40 Binary: /usr/sbin/aa-audit
2025-09-09 10:09:40 Binary: /usr/sbin/aa-autodep
2025-09-09 10:09:40 Binary: /usr/sbin/aa-cleanprof
2025-09-09 10:09:40 Binary: /usr/sbin/aa-complain
2025-09-09 10:09:40 Binary: /usr/sbin/aa-decode
2025-09-09 10:09:40 Binary: /usr/sbin/aa-disable
2025-09-09 10:09:40 Binary: /usr/sbin/aa-enforce
2025-09-09 10:09:40 Binary: /usr/sbin/aa-genprof
2025-09-09 10:09:40 Binary: /usr/sbin/aa-logprof
2025-09-09 10:09:40 Binary: /usr/sbin/aa-mergeprof
2025-09-09 10:09:40 Binary: /usr/sbin/aa-remove-unknown
2025-09-09 10:09:40 Binary: /usr/sbin/aa-status
2025-09-09 10:09:40 Binary: /usr/sbin/aa-teardown
2025-09-09 10:09:40 Binary: /usr/sbin/aa-unconfined
2025-09-09 10:09:40 Binary: /usr/sbin/aa-update-browser
2025-09-09 10:09:40 Binary: /usr/sbin/accessdb
2025-09-09 10:09:40 Binary: /usr/sbin/add-shell
2025-09-09 10:09:40 Binary: /usr/sbin/addgnupghome
2025-09-09 10:09:40 Binary: /usr/sbin/addgroup
2025-09-09 10:09:40 Binary: /usr/sbin/adduser
2025-09-09 10:09:40 Binary: /usr/sbin/agetty
2025-09-09 10:09:40 Binary: /usr/sbin/aideinit
2025-09-09 10:09:40 Binary: /usr/sbin/alsa-info
2025-09-09 10:09:40 Binary: /usr/sbin/alsabat-test
2025-09-09 10:09:40 Binary: /usr/sbin/alsactl
2025-09-09 10:09:40 Binary: /usr/sbin/anacron
2025-09-09 10:09:40 Binary: /usr/sbin/apparmor_parser
2025-09-09 10:09:40 Binary: /usr/sbin/apparmor_status
2025-09-09 10:09:40 Binary: /usr/sbin/applygnupgdefaults
2025-09-09 10:09:40 Binary: /usr/sbin/apt-listbugs
2025-09-09 10:09:40   Found known binary: apt-listbugs (System tool) - /usr/sbin/apt-listbugs
2025-09-09 10:09:40 Binary: /usr/sbin/arp
2025-09-09 10:09:40 Binary: /usr/sbin/arpd
2025-09-09 10:09:40 Binary: /usr/sbin/arptables
2025-09-09 10:09:40 Binary: /usr/sbin/arptables-nft
2025-09-09 10:09:40 Binary: /usr/sbin/arptables-nft-restore
2025-09-09 10:09:40 Binary: /usr/sbin/arptables-nft-save
2025-09-09 10:09:40 Binary: /usr/sbin/arptables-restore
2025-09-09 10:09:40 Binary: /usr/sbin/arptables-save
2025-09-09 10:09:40 Binary: /usr/sbin/aspell-autobuildhash
2025-09-09 10:09:40 Binary: /usr/sbin/atmel_fwl
2025-09-09 10:09:40 Binary: /usr/sbin/audisp-syslog
2025-09-09 10:09:40 Binary: /usr/sbin/auditctl
2025-09-09 10:09:40 Binary: /usr/sbin/auditd
2025-09-09 10:09:40 Binary: /usr/sbin/augenrules
2025-09-09 10:09:40 Binary: /usr/sbin/aureport
2025-09-09 10:09:40 Binary: /usr/sbin/ausearch
2025-09-09 10:09:40 Binary: /usr/sbin/autrace
2025-09-09 10:09:40 Binary: /usr/sbin/avahi-autoipd
2025-09-09 10:09:40 Binary: /usr/sbin/avahi-daemon
2025-09-09 10:09:40 Binary: /usr/sbin/badblocks
2025-09-09 10:09:40 Binary: /usr/sbin/biosdecode
2025-09-09 10:09:40 Binary: /usr/sbin/blkdeactivate
2025-09-09 10:09:40 Binary: /usr/sbin/blkdiscard
2025-09-09 10:09:40 Binary: /usr/sbin/blkid
2025-09-09 10:09:40 Binary: /usr/sbin/blkzone
2025-09-09 10:09:40 Binary: /usr/sbin/blockdev
2025-09-09 10:09:40 Binary: /usr/sbin/bluetoothd
2025-09-09 10:09:40 Binary: /usr/sbin/bridge
2025-09-09 10:09:40 Binary: /usr/sbin/cache_check
2025-09-09 10:09:40 Binary: /usr/sbin/cache_dump
2025-09-09 10:09:40 Binary: /usr/sbin/cache_metadata_size
2025-09-09 10:09:40 Binary: /usr/sbin/cache_repair
2025-09-09 10:09:40 Binary: /usr/sbin/cache_restore
2025-09-09 10:09:40 Binary: /usr/sbin/cache_writeback
2025-09-09 10:09:40 Binary: /usr/sbin/capsh
2025-09-09 10:09:40 Binary: /usr/sbin/cfdisk
2025-09-09 10:09:40 Binary: /usr/sbin/cgdisk
2025-09-09 10:09:40 Binary: /usr/sbin/chat
2025-09-09 10:09:40 Binary: /usr/sbin/chcpu
2025-09-09 10:09:40 Binary: /usr/sbin/chgpasswd
2025-09-09 10:09:40 Binary: /usr/sbin/chklastlog
2025-09-09 10:09:40 Binary: /usr/sbin/chkrootkit
2025-09-09 10:09:40 Binary: /usr/sbin/chkrootkit-daily
2025-09-09 10:09:40 Binary: /usr/sbin/chkwtmp
2025-09-09 10:09:40 Binary: /usr/sbin/chmem
2025-09-09 10:09:40 Binary: /usr/sbin/chpasswd
2025-09-09 10:09:40 Binary: /usr/sbin/chroot
2025-09-09 10:09:40 Binary: /usr/sbin/clamd
2025-09-09 10:09:40 Binary: /usr/sbin/clamonacc
2025-09-09 10:09:40 Binary: /usr/sbin/cpgr
2025-09-09 10:09:40 Binary: /usr/sbin/cppw
2025-09-09 10:09:40 Binary: /usr/sbin/cracklib-check
2025-09-09 10:09:40 Binary: /usr/sbin/cracklib-format
2025-09-09 10:09:40 Binary: /usr/sbin/cracklib-packer
2025-09-09 10:09:40 Binary: /usr/sbin/cracklib-unpacker
2025-09-09 10:09:40 Binary: /usr/sbin/create-cracklib-dict
2025-09-09 10:09:40 Binary: /usr/sbin/cron
2025-09-09 10:09:40 Binary: /usr/sbin/cryptsetup
2025-09-09 10:09:40   Found known binary: cryptsetup (Encryption tool) - /usr/sbin/cryptsetup
2025-09-09 10:09:40 Binary: /usr/sbin/ctrlaltdel
2025-09-09 10:09:40 Binary: /usr/sbin/cups-browsed
2025-09-09 10:09:40 Binary: /usr/sbin/cupsaccept
2025-09-09 10:09:40 Binary: /usr/sbin/cupsctl
2025-09-09 10:09:40 Binary: /usr/sbin/cupsd
2025-09-09 10:09:40 Binary: /usr/sbin/cupsdisable
2025-09-09 10:09:40 Binary: /usr/sbin/cupsenable
2025-09-09 10:09:40 Binary: /usr/sbin/cupsfilter
2025-09-09 10:09:40 Binary: /usr/sbin/cupsreject
2025-09-09 10:09:40 Binary: /usr/sbin/dcb
2025-09-09 10:09:40 Binary: /usr/sbin/debugfs
2025-09-09 10:09:40 Binary: /usr/sbin/delgroup
2025-09-09 10:09:40 Binary: /usr/sbin/deluser
2025-09-09 10:09:40 Binary: /usr/sbin/depmod
2025-09-09 10:09:40 Binary: /usr/sbin/devlink
2025-09-09 10:09:40 Binary: /usr/sbin/dhclient
2025-09-09 10:09:40 Binary: /usr/sbin/dhclient-script
2025-09-09 10:09:40 Binary: /usr/sbin/dkms
2025-09-09 10:09:40 Binary: /usr/sbin/dmeventd
2025-09-09 10:09:40 Binary: /usr/sbin/dmidecode
2025-09-09 10:09:40 Binary: /usr/sbin/dmsetup
2025-09-09 10:09:40 Binary: /usr/sbin/dmstats
2025-09-09 10:09:40 Binary: /usr/sbin/dnsmasq
2025-09-09 10:09:40 Binary: /usr/sbin/dosfsck
2025-09-09 10:09:40 Binary: /usr/sbin/dosfslabel
2025-09-09 10:09:40 Binary: /usr/sbin/dpkg-fsys-usrunmess
2025-09-09 10:09:40 Binary: /usr/sbin/dpkg-preconfigure
2025-09-09 10:09:40 Binary: /usr/sbin/dpkg-reconfigure
2025-09-09 10:09:40 Binary: /usr/sbin/dump.exfat
2025-09-09 10:09:40 Binary: /usr/sbin/dumpe2fs
2025-09-09 10:09:40 Binary: /usr/sbin/e2freefrag
2025-09-09 10:09:40 Binary: /usr/sbin/e2fsck
2025-09-09 10:09:40 Binary: /usr/sbin/e2image
2025-09-09 10:09:40 Binary: /usr/sbin/e2label
2025-09-09 10:09:40 Binary: /usr/sbin/e2mmpstatus
2025-09-09 10:09:40 Binary: /usr/sbin/e2scrub
2025-09-09 10:09:40 Binary: /usr/sbin/e2scrub_all
2025-09-09 10:09:40 Binary: /usr/sbin/e2undo
2025-09-09 10:09:40 Binary: /usr/sbin/e4crypt
2025-09-09 10:09:40 Binary: /usr/sbin/e4defrag
2025-09-09 10:09:40 Binary: /usr/sbin/ebtables
2025-09-09 10:09:40 Binary: /usr/sbin/ebtables-nft
2025-09-09 10:09:40 Binary: /usr/sbin/ebtables-nft-restore
2025-09-09 10:09:40 Binary: /usr/sbin/ebtables-nft-save
2025-09-09 10:09:40 Binary: /usr/sbin/ebtables-restore
2025-09-09 10:09:40 Binary: /usr/sbin/ebtables-save
2025-09-09 10:09:40 Binary: /usr/sbin/ebtables-translate
2025-09-09 10:09:40 Binary: /usr/sbin/era_check
2025-09-09 10:09:40 Binary: /usr/sbin/era_dump
2025-09-09 10:09:40 Binary: /usr/sbin/era_invalidate
2025-09-09 10:09:40 Binary: /usr/sbin/era_restore
2025-09-09 10:09:40 Binary: /usr/sbin/escapesrc
2025-09-09 10:09:40 Binary: /usr/sbin/ethtool
2025-09-09 10:09:40 Binary: /usr/sbin/exfat2img
2025-09-09 10:09:40 Binary: /usr/sbin/exfatlabel
2025-09-09 10:09:40 Binary: /usr/sbin/exicyclog
2025-09-09 10:09:40 Binary: /usr/sbin/exigrep
2025-09-09 10:09:40 Binary: /usr/sbin/exim
2025-09-09 10:09:40 Binary: /usr/sbin/exim4
2025-09-09 10:09:40 Binary: /usr/sbin/exim_checkaccess
2025-09-09 10:09:40 Binary: /usr/sbin/exim_convert4r4
2025-09-09 10:09:40 Binary: /usr/sbin/exim_dbmbuild
2025-09-09 10:09:40 Binary: /usr/sbin/exim_dumpdb
2025-09-09 10:09:40 Binary: /usr/sbin/exim_fixdb
2025-09-09 10:09:40 Binary: /usr/sbin/exim_lock
2025-09-09 10:09:40 Binary: /usr/sbin/exim_tidydb
2025-09-09 10:09:40 Binary: /usr/sbin/eximstats
2025-09-09 10:09:40 Binary: /usr/sbin/exinext
2025-09-09 10:09:40 Binary: /usr/sbin/exipick
2025-09-09 10:09:40 Binary: /usr/sbin/exiqgrep
2025-09-09 10:09:40 Binary: /usr/sbin/exiqsumm
2025-09-09 10:09:40 Binary: /usr/sbin/exiwhat
2025-09-09 10:09:40 Binary: /usr/sbin/faillock
2025-09-09 10:09:41 Binary: /usr/sbin/fatlabel
2025-09-09 10:09:41 Binary: /usr/sbin/fdisk
2025-09-09 10:09:41 Binary: /usr/sbin/filefrag
2025-09-09 10:09:41 Binary: /usr/sbin/findfs
2025-09-09 10:09:41 Binary: /usr/sbin/fixparts
2025-09-09 10:09:41 Binary: /usr/sbin/fsadm
2025-09-09 10:09:41 Binary: /usr/sbin/fsck
2025-09-09 10:09:41 Binary: /usr/sbin/fsck.btrfs
2025-09-09 10:09:41 Binary: /usr/sbin/fsck.cramfs
2025-09-09 10:09:41 Binary: /usr/sbin/fsck.exfat
2025-09-09 10:09:41 Binary: /usr/sbin/fsck.ext2
2025-09-09 10:09:41 Binary: /usr/sbin/fsck.ext3
2025-09-09 10:09:41 Binary: /usr/sbin/fsck.ext4
2025-09-09 10:09:41 Binary: /usr/sbin/fsck.fat
2025-09-09 10:09:41 Binary: /usr/sbin/fsck.minix
2025-09-09 10:09:41 Binary: /usr/sbin/fsck.msdos
2025-09-09 10:09:41 Binary: /usr/sbin/fsck.vfat
2025-09-09 10:09:41 Binary: /usr/sbin/fsck.xfs
2025-09-09 10:09:41 Binary: /usr/sbin/fsfreeze
2025-09-09 10:09:41 Binary: /usr/sbin/fstab-decode
2025-09-09 10:09:41 Binary: /usr/sbin/fstrim
2025-09-09 10:09:41 Binary: /usr/sbin/gdisk
2025-09-09 10:09:41 Binary: /usr/sbin/genccode
2025-09-09 10:09:41 Binary: /usr/sbin/gencmn
2025-09-09 10:09:41 Binary: /usr/sbin/genl
2025-09-09 10:09:41 Binary: /usr/sbin/gennorm2
2025-09-09 10:09:41 Binary: /usr/sbin/gensprep
2025-09-09 10:09:41 Binary: /usr/sbin/getcap
2025-09-09 10:09:41 Binary: /usr/sbin/getpcaps
2025-09-09 10:09:41 Binary: /usr/sbin/getty
2025-09-09 10:09:41 Binary: /usr/sbin/groupadd
2025-09-09 10:09:41 Binary: /usr/sbin/groupdel
2025-09-09 10:09:41 Binary: /usr/sbin/groupmems
2025-09-09 10:09:41 Binary: /usr/sbin/groupmod
2025-09-09 10:09:41 Binary: /usr/sbin/grpck
2025-09-09 10:09:41 Binary: /usr/sbin/grpconv
2025-09-09 10:09:41 Binary: /usr/sbin/grpunconv
2025-09-09 10:09:41 Binary: /usr/sbin/grub-bios-setup
2025-09-09 10:09:41 Binary: /usr/sbin/grub-install
2025-09-09 10:09:41 Binary: /usr/sbin/grub-macbless
2025-09-09 10:09:41 Binary: /usr/sbin/grub-mkconfig
2025-09-09 10:09:41 Binary: /usr/sbin/grub-mkdevicemap
2025-09-09 10:09:41 Binary: /usr/sbin/grub-probe
2025-09-09 10:09:41 Binary: /usr/sbin/grub-reboot
2025-09-09 10:09:41 Binary: /usr/sbin/grub-set-default
2025-09-09 10:09:41 Binary: /usr/sbin/halt
2025-09-09 10:09:41 Binary: /usr/sbin/hdparm
2025-09-09 10:09:41 Binary: /usr/sbin/hwclock
2025-09-09 10:09:41 Binary: /usr/sbin/hwinfo
2025-09-09 10:09:41 Binary: /usr/sbin/i2c-stub-from-dump
2025-09-09 10:09:41 Binary: /usr/sbin/i2cdetect
2025-09-09 10:09:41 Binary: /usr/sbin/i2cdump
2025-09-09 10:09:41 Binary: /usr/sbin/i2cget
2025-09-09 10:09:41 Binary: /usr/sbin/i2cset
2025-09-09 10:09:41 Binary: /usr/sbin/i2ctransfer
2025-09-09 10:09:41 Binary: /usr/sbin/iconvconfig
2025-09-09 10:09:41 Binary: /usr/sbin/icupkg
2025-09-09 10:09:41 Binary: /usr/sbin/ifconfig
2025-09-09 10:09:41 Binary: /usr/sbin/ifdown
2025-09-09 10:09:41 Binary: /usr/sbin/ifquery
2025-09-09 10:09:41 Binary: /usr/sbin/ifup
2025-09-09 10:09:41 Binary: /usr/sbin/iio-sensor-proxy
2025-09-09 10:09:41 Binary: /usr/sbin/init
2025-09-09 10:09:41 Binary: /usr/sbin/insmod
2025-09-09 10:09:41 Binary: /usr/sbin/install-menu
2025-09-09 10:09:41 Binary: /usr/sbin/install-sgmlcatalog
2025-09-09 10:09:41 Binary: /usr/sbin/installkernel
2025-09-09 10:09:41 Binary: /usr/sbin/integritysetup
2025-09-09 10:09:41 Binary: /usr/sbin/invoke-rc.d
2025-09-09 10:09:41 Binary: /usr/sbin/ip
2025-09-09 10:09:41 Binary: /usr/sbin/ip6tables
2025-09-09 10:09:41 Binary: /usr/sbin/ip6tables-apply
2025-09-09 10:09:41 Binary: /usr/sbin/ip6tables-legacy
2025-09-09 10:09:41 Binary: /usr/sbin/ip6tables-legacy-restore
2025-09-09 10:09:41 Binary: /usr/sbin/ip6tables-legacy-save
2025-09-09 10:09:41 Binary: /usr/sbin/ip6tables-nft
2025-09-09 10:09:41 Binary: /usr/sbin/ip6tables-nft-restore
2025-09-09 10:09:41 Binary: /usr/sbin/ip6tables-nft-save
2025-09-09 10:09:41 Binary: /usr/sbin/ip6tables-restore
2025-09-09 10:09:41 Binary: /usr/sbin/ip6tables-restore-translate
2025-09-09 10:09:41 Binary: /usr/sbin/ip6tables-save
2025-09-09 10:09:41 Binary: /usr/sbin/ip6tables-translate
2025-09-09 10:09:41 Binary: /usr/sbin/ipmaddr
2025-09-09 10:09:41 Binary: /usr/sbin/ipp-usb
2025-09-09 10:09:41 Binary: /usr/sbin/ippevepcl
2025-09-09 10:09:41 Binary: /usr/sbin/ippeveprinter
2025-09-09 10:09:41 Binary: /usr/sbin/ippeveps
2025-09-09 10:09:41 Binary: /usr/sbin/iptables
2025-09-09 10:09:41 Binary: /usr/sbin/iptables-apply
2025-09-09 10:09:41 Binary: /usr/sbin/iptables-legacy
2025-09-09 10:09:41 Binary: /usr/sbin/iptables-legacy-restore
2025-09-09 10:09:41 Binary: /usr/sbin/iptables-legacy-save
2025-09-09 10:09:41 Binary: /usr/sbin/iptables-nft
2025-09-09 10:09:41 Binary: /usr/sbin/iptables-nft-restore
2025-09-09 10:09:41 Binary: /usr/sbin/iptables-nft-save
2025-09-09 10:09:41 Binary: /usr/sbin/iptables-restore
2025-09-09 10:09:41 Binary: /usr/sbin/iptables-restore-translate
2025-09-09 10:09:41 Binary: /usr/sbin/iptables-save
2025-09-09 10:09:41 Binary: /usr/sbin/iptables-translate
2025-09-09 10:09:41 Binary: /usr/sbin/iptunnel
2025-09-09 10:09:41 Binary: /usr/sbin/isadump
2025-09-09 10:09:41 Binary: /usr/sbin/isaset
2025-09-09 10:09:41 Binary: /usr/sbin/isosize
2025-09-09 10:09:41 Binary: /usr/sbin/ispell-autobuildhash
2025-09-09 10:09:41 Binary: /usr/sbin/iucode-tool
2025-09-09 10:09:41 Binary: /usr/sbin/iucode_tool
2025-09-09 10:09:41 Binary: /usr/sbin/iw
2025-09-09 10:09:41 Binary: /usr/sbin/iwconfig
2025-09-09 10:09:41 Binary: /usr/sbin/iwevent
2025-09-09 10:09:41 Binary: /usr/sbin/iwgetid
2025-09-09 10:09:41 Binary: /usr/sbin/iwlist
2025-09-09 10:09:41 Binary: /usr/sbin/iwpriv
2025-09-09 10:09:41 Binary: /usr/sbin/iwspy
2025-09-09 10:09:41 Binary: /usr/sbin/kbdrate
2025-09-09 10:09:41 Binary: /usr/sbin/killall5
2025-09-09 10:09:41 Binary: /usr/sbin/ldattach
2025-09-09 10:09:41 Binary: /usr/sbin/ldconfig
2025-09-09 10:09:41 Binary: /usr/sbin/libgvc6-config-update
2025-09-09 10:09:41 Binary: /usr/sbin/lightdm
2025-09-09 10:09:41 Binary: /usr/sbin/lightdm-gtk-greeter
2025-09-09 10:09:41 Binary: /usr/sbin/locale-gen
2025-09-09 10:09:41 Binary: /usr/sbin/logrotate
2025-09-09 10:09:41 Binary: /usr/sbin/logsave
2025-09-09 10:09:41 Binary: /usr/sbin/losetup
2025-09-09 10:09:41 Binary: /usr/sbin/lpadmin
2025-09-09 10:09:41 Binary: /usr/sbin/lpinfo
2025-09-09 10:09:41 Binary: /usr/sbin/lpmove
2025-09-09 10:09:41 Binary: /usr/sbin/lsmod
2025-09-09 10:09:41 Binary: /usr/sbin/lvchange
2025-09-09 10:09:41 Binary: /usr/sbin/lvconvert
2025-09-09 10:09:41 Binary: /usr/sbin/lvcreate
2025-09-09 10:09:41 Binary: /usr/sbin/lvdisplay
2025-09-09 10:09:41   Found known binary: lvdisplay (LVM tool) - /usr/sbin/lvdisplay
2025-09-09 10:09:41 Binary: /usr/sbin/lvextend
2025-09-09 10:09:41 Binary: /usr/sbin/lvm
2025-09-09 10:09:41 Binary: /usr/sbin/lvmconfig
2025-09-09 10:09:41 Binary: /usr/sbin/lvmdiskscan
2025-09-09 10:09:41 Binary: /usr/sbin/lvmdump
2025-09-09 10:09:41 Binary: /usr/sbin/lvmpolld
2025-09-09 10:09:41 Binary: /usr/sbin/lvmsadc
2025-09-09 10:09:41 Binary: /usr/sbin/lvmsar
2025-09-09 10:09:41 Binary: /usr/sbin/lvreduce
2025-09-09 10:09:41 Binary: /usr/sbin/lvremove
2025-09-09 10:09:41 Binary: /usr/sbin/lvrename
2025-09-09 10:09:41 Binary: /usr/sbin/lvresize
2025-09-09 10:09:41 Binary: /usr/sbin/lvs
2025-09-09 10:09:41 Binary: /usr/sbin/lvscan
2025-09-09 10:09:41 Binary: /usr/sbin/lynis
2025-09-09 10:09:41 Binary: /usr/sbin/make-ssl-cert
2025-09-09 10:09:41 Binary: /usr/sbin/mate-display-properties-install-systemwide
2025-09-09 10:09:41 Binary: /usr/sbin/mate-power-backlight-helper
2025-09-09 10:09:41 Binary: /usr/sbin/mdadm
2025-09-09 10:09:41 Binary: /usr/sbin/mdmon
2025-09-09 10:09:41 Binary: /usr/sbin/memtester
2025-09-09 10:09:41 Binary: /usr/sbin/mii-tool
2025-09-09 10:09:41 Binary: /usr/sbin/mkdosfs
2025-09-09 10:09:41 Binary: /usr/sbin/mke2fs
2025-09-09 10:09:41 Binary: /usr/sbin/mkfs
2025-09-09 10:09:41 Binary: /usr/sbin/mkfs.bfs
2025-09-09 10:09:41 Binary: /usr/sbin/mkfs.btrfs
2025-09-09 10:09:41 Binary: /usr/sbin/mkfs.cramfs
2025-09-09 10:09:41 Binary: /usr/sbin/mkfs.exfat
2025-09-09 10:09:41 Binary: /usr/sbin/mkfs.ext2
2025-09-09 10:09:41 Binary: /usr/sbin/mkfs.ext3
2025-09-09 10:09:41 Binary: /usr/sbin/mkfs.ext4
2025-09-09 10:09:41 Binary: /usr/sbin/mkfs.fat
2025-09-09 10:09:41 Binary: /usr/sbin/mkfs.minix
2025-09-09 10:09:41 Binary: /usr/sbin/mkfs.msdos
2025-09-09 10:09:41 Binary: /usr/sbin/mkfs.ntfs
2025-09-09 10:09:41 Binary: /usr/sbin/mkfs.vfat
2025-09-09 10:09:41 Binary: /usr/sbin/mkfs.xfs
2025-09-09 10:09:41 Binary: /usr/sbin/mkhomedir_helper
2025-09-09 10:09:41 Binary: /usr/sbin/mkinitramfs
2025-09-09 10:09:41 Binary: /usr/sbin/mklost+found
2025-09-09 10:09:41 Binary: /usr/sbin/mkntfs
2025-09-09 10:09:41 Binary: /usr/sbin/mkswap
2025-09-09 10:09:41 Binary: /usr/sbin/modinfo
2025-09-09 10:09:41 Binary: /usr/sbin/modprobe
2025-09-09 10:09:41 Binary: /usr/sbin/mount.fuse
2025-09-09 10:09:41 Binary: /usr/sbin/mount.fuse3
2025-09-09 10:09:41 Binary: /usr/sbin/mount.lowntfs-3g
2025-09-09 10:09:41 Binary: /usr/sbin/mount.ntfs
2025-09-09 10:09:41 Binary: /usr/sbin/mount.ntfs-3g
2025-09-09 10:09:41 Binary: /usr/sbin/mount.vboxsf
2025-09-09 10:09:41 Binary: /usr/sbin/nameif
2025-09-09 10:09:41 Binary: /usr/sbin/needrestart
2025-09-09 10:09:41   Found known binary: needrestart (System tool) - /usr/sbin/needrestart
2025-09-09 10:09:41 Binary: /usr/sbin/newusers
2025-09-09 10:09:41 Binary: /usr/sbin/nfnl_osf
2025-09-09 10:09:41 Binary: /usr/sbin/nft
2025-09-09 10:09:41 Binary: /usr/sbin/nologin
2025-09-09 10:09:41 Binary: /usr/sbin/ntfsclone
2025-09-09 10:09:41 Binary: /usr/sbin/ntfscp
2025-09-09 10:09:41 Binary: /usr/sbin/ntfslabel
2025-09-09 10:09:41 Binary: /usr/sbin/ntfsresize
2025-09-09 10:09:41 Binary: /usr/sbin/ntfsundelete
2025-09-09 10:09:41 Binary: /usr/sbin/ntpdate
2025-09-09 10:09:41 Binary: /usr/sbin/ntpdate-debian
2025-09-09 10:09:41 Binary: /usr/sbin/on_ac_power
2025-09-09 10:09:41 Binary: /usr/sbin/ownership
2025-09-09 10:09:41 Binary: /usr/sbin/pam-auth-update
2025-09-09 10:09:41 Binary: /usr/sbin/pam-tmpdir-helper
2025-09-09 10:09:41 Binary: /usr/sbin/pam_getenv
2025-09-09 10:09:41 Binary: /usr/sbin/pam_namespace_helper
2025-09-09 10:09:41 Binary: /usr/sbin/pam_timestamp_check
2025-09-09 10:09:41 Binary: /usr/sbin/paperconfig
2025-09-09 10:09:41 Binary: /usr/sbin/parted
2025-09-09 10:09:41 Binary: /usr/sbin/partprobe
2025-09-09 10:09:41 Binary: /usr/sbin/pdata_tools
2025-09-09 10:09:41 Binary: /usr/sbin/pivot_root
2025-09-09 10:09:41 Binary: /usr/sbin/pkla-admin-identities
2025-09-09 10:09:41 Binary: /usr/sbin/pkla-check-authorization
2025-09-09 10:09:41 Binary: /usr/sbin/plipconfig
2025-09-09 10:09:41 Binary: /usr/sbin/plymouth-set-default-theme
2025-09-09 10:09:41 Binary: /usr/sbin/plymouthd
2025-09-09 10:09:41 Binary: /usr/sbin/poweroff
2025-09-09 10:09:41 Binary: /usr/sbin/powertop
2025-09-09 10:09:41 Binary: /usr/sbin/pppd
2025-09-09 10:09:41 Binary: /usr/sbin/pppdump
2025-09-09 10:09:41 Binary: /usr/sbin/pppoe-discovery
2025-09-09 10:09:41 Binary: /usr/sbin/pppstats
2025-09-09 10:09:41 Binary: /usr/sbin/pvchange
2025-09-09 10:09:41 Binary: /usr/sbin/pvck
2025-09-09 10:09:41 Binary: /usr/sbin/pvcreate
2025-09-09 10:09:41 Binary: /usr/sbin/pvdisplay
2025-09-09 10:09:41 Binary: /usr/sbin/pvmove
2025-09-09 10:09:41 Binary: /usr/sbin/pvremove
2025-09-09 10:09:41 Binary: /usr/sbin/pvresize
2025-09-09 10:09:41 Binary: /usr/sbin/pvs
2025-09-09 10:09:41 Binary: /usr/sbin/pvscan
2025-09-09 10:09:41 Binary: /usr/sbin/pwck
2025-09-09 10:09:41 Binary: /usr/sbin/pwconv
2025-09-09 10:09:41 Binary: /usr/sbin/pwhistory_helper
2025-09-09 10:09:41 Binary: /usr/sbin/pwunconv
2025-09-09 10:09:41 Binary: /usr/sbin/rarp
2025-09-09 10:09:41 Binary: /usr/sbin/rcvboxadd
2025-09-09 10:09:41 Binary: /usr/sbin/rcvboxadd-service
2025-09-09 10:09:41 Binary: /usr/sbin/readprofile
2025-09-09 10:09:41 Binary: /usr/sbin/reboot
2025-09-09 10:09:41 Binary: /usr/sbin/remove-default-ispell
2025-09-09 10:09:41 Binary: /usr/sbin/remove-default-wordlist
2025-09-09 10:09:41 Binary: /usr/sbin/remove-shell
2025-09-09 10:09:41 Binary: /usr/sbin/resize2fs
2025-09-09 10:09:41 Binary: /usr/sbin/rmail
2025-09-09 10:09:41 Binary: /usr/sbin/rmmod
2025-09-09 10:09:41 Binary: /usr/sbin/rmt
2025-09-09 10:09:41 Binary: /usr/sbin/rmt-tar
2025-09-09 10:09:41 Binary: /usr/sbin/route
2025-09-09 10:09:41 Binary: /usr/sbin/rsmtp
2025-09-09 10:09:41 Binary: /usr/sbin/rsyslogd
2025-09-09 10:09:41 Binary: /usr/sbin/rtacct
2025-09-09 10:09:41 Binary: /usr/sbin/rtcwake
2025-09-09 10:09:41 Binary: /usr/sbin/rtkitctl
2025-09-09 10:09:41 Binary: /usr/sbin/rtmon
2025-09-09 10:09:41 Binary: /usr/sbin/runlevel
2025-09-09 10:09:41 Binary: /usr/sbin/runq
2025-09-09 10:09:41 Binary: /usr/sbin/runuser
2025-09-09 10:09:41 Binary: /usr/sbin/safe_finger
2025-09-09 10:09:41 Binary: /usr/sbin/saned
2025-09-09 10:09:41 Binary: /usr/sbin/select-default-ispell
2025-09-09 10:09:41 Binary: /usr/sbin/select-default-wordlist
2025-09-09 10:09:41 Binary: /usr/sbin/sendmail
2025-09-09 10:09:41 Binary: /usr/sbin/sensors-detect
2025-09-09 10:09:41 Binary: /usr/sbin/service
2025-09-09 10:09:41 Binary: /usr/sbin/setcap
2025-09-09 10:09:41 Binary: /usr/sbin/setvesablank
2025-09-09 10:09:41 Binary: /usr/sbin/sfdisk
2025-09-09 10:09:41 Binary: /usr/sbin/sgdisk
2025-09-09 10:09:41 Binary: /usr/sbin/shadowconfig
2025-09-09 10:09:41 Binary: /usr/sbin/shutdown
2025-09-09 10:09:41 Binary: /usr/sbin/slattach
2025-09-09 10:09:41 Binary: /usr/sbin/smartctl
2025-09-09 10:09:41 Binary: /usr/sbin/smartd
2025-09-09 10:09:41 Binary: /usr/sbin/spice-vdagentd
2025-09-09 10:09:41 Binary: /usr/sbin/sshd
2025-09-09 10:09:41 Binary: /usr/sbin/start-stop-daemon
2025-09-09 10:09:41 Binary: /usr/sbin/su-to-root
2025-09-09 10:09:41 Binary: /usr/sbin/sudo_logsrvd
2025-09-09 10:09:41 Binary: /usr/sbin/sudo_sendlog
2025-09-09 10:09:41 Binary: /usr/sbin/sulogin
2025-09-09 10:09:41 Binary: /usr/sbin/swaplabel
2025-09-09 10:09:41 Binary: /usr/sbin/swapoff
2025-09-09 10:09:41 Binary: /usr/sbin/swapon
2025-09-09 10:09:41 Binary: /usr/sbin/switch_root
2025-09-09 10:09:41 Binary: /usr/sbin/synaptic
2025-09-09 10:09:41 Binary: /usr/sbin/sync-available
2025-09-09 10:09:41 Binary: /usr/sbin/sysctl
2025-09-09 10:09:41 Binary: /usr/sbin/syslog2eximlog
2025-09-09 10:09:41 Binary: /usr/sbin/tarcat
2025-09-09 10:09:41 Binary: /usr/sbin/tc
2025-09-09 10:09:41 Binary: /usr/sbin/tcpd
2025-09-09 10:09:41 Binary: /usr/sbin/tcpdchk
2025-09-09 10:09:41 Binary: /usr/sbin/tcpdmatch
2025-09-09 10:09:41 Binary: /usr/sbin/telinit
2025-09-09 10:09:41 Binary: /usr/sbin/thin_check
2025-09-09 10:09:41 Binary: /usr/sbin/thin_delta
2025-09-09 10:09:41 Binary: /usr/sbin/thin_dump
2025-09-09 10:09:41 Binary: /usr/sbin/thin_ls
2025-09-09 10:09:41 Binary: /usr/sbin/thin_metadata_size
2025-09-09 10:09:41 Binary: /usr/sbin/thin_repair
2025-09-09 10:09:41 Binary: /usr/sbin/thin_restore
2025-09-09 10:09:41 Binary: /usr/sbin/thin_rmap
2025-09-09 10:09:41 Binary: /usr/sbin/thin_trim
2025-09-09 10:09:41 Binary: /usr/sbin/tipc
2025-09-09 10:09:41 Binary: /usr/sbin/try-from
2025-09-09 10:09:41 Binary: /usr/sbin/tune.exfat
2025-09-09 10:09:41 Binary: /usr/sbin/tune2fs
2025-09-09 10:09:41 Binary: /usr/sbin/ufw
2025-09-09 10:09:41 Binary: /usr/sbin/umount.udisks2
2025-09-09 10:09:41 Binary: /usr/sbin/unhide
2025-09-09 10:09:41 Binary: /usr/sbin/unhide-linux
2025-09-09 10:09:41 Binary: /usr/sbin/unhide-posix
2025-09-09 10:09:41 Binary: /usr/sbin/unhide-tcp
2025-09-09 10:09:41 Binary: /usr/sbin/unhide.rb
2025-09-09 10:09:41 Binary: /usr/sbin/unhide_rb
2025-09-09 10:09:41 Binary: /usr/sbin/unix_chkpwd
2025-09-09 10:09:41 Binary: /usr/sbin/unix_update
2025-09-09 10:09:41 Binary: /usr/sbin/update-ca-certificates
2025-09-09 10:09:41 Binary: /usr/sbin/update-catalog
2025-09-09 10:09:41 Binary: /usr/sbin/update-cracklib
2025-09-09 10:09:41 Binary: /usr/sbin/update-default-aspell
2025-09-09 10:09:41 Binary: /usr/sbin/update-default-ispell
2025-09-09 10:09:41 Binary: /usr/sbin/update-default-wordlist
2025-09-09 10:09:41 Binary: /usr/sbin/update-dictcommon-aspell
2025-09-09 10:09:41 Binary: /usr/sbin/update-dictcommon-hunspell
2025-09-09 10:09:41 Binary: /usr/sbin/update-exim4.conf
2025-09-09 10:09:41 Binary: /usr/sbin/update-exim4.conf.template
2025-09-09 10:09:41 Binary: /usr/sbin/update-exim4defaults
2025-09-09 10:09:41 Binary: /usr/sbin/update-fonts-alias
2025-09-09 10:09:41 Binary: /usr/sbin/update-fonts-dir
2025-09-09 10:09:41 Binary: /usr/sbin/update-fonts-scale
2025-09-09 10:09:41 Binary: /usr/sbin/update-grub
2025-09-09 10:09:41 Binary: /usr/sbin/update-grub2
2025-09-09 10:09:41 Binary: /usr/sbin/update-gsfontmap
2025-09-09 10:09:41 Binary: /usr/sbin/update-icon-caches
2025-09-09 10:09:41 Binary: /usr/sbin/update-inetd
2025-09-09 10:09:41 Binary: /usr/sbin/update-initramfs
2025-09-09 10:09:41 Binary: /usr/sbin/update-locale
2025-09-09 10:09:41 Binary: /usr/sbin/update-mime
2025-09-09 10:09:41 Binary: /usr/sbin/update-passwd
2025-09-09 10:09:41 Binary: /usr/sbin/update-pciids
2025-09-09 10:09:41 Binary: /usr/sbin/update-rc.d
2025-09-09 10:09:41 Binary: /usr/sbin/update-shells
2025-09-09 10:09:41 Binary: /usr/sbin/update-smart-drivedb
2025-09-09 10:09:41 Binary: /usr/sbin/update-xmlcatalog
2025-09-09 10:09:41 Binary: /usr/sbin/upgrade-from-grub-legacy
2025-09-09 10:09:41 Binary: /usr/sbin/usb_modeswitch
2025-09-09 10:09:41 Binary: /usr/sbin/usb_modeswitch_dispatcher
2025-09-09 10:09:41 Binary: /usr/sbin/usbmuxd
2025-09-09 10:09:41 Binary: /usr/sbin/useradd
2025-09-09 10:09:41 Binary: /usr/sbin/userdel
2025-09-09 10:09:41 Binary: /usr/sbin/usermod
2025-09-09 10:09:41 Binary: /usr/sbin/uuidd
2025-09-09 10:09:41 Binary: /usr/sbin/validlocale
2025-09-09 10:09:41 Binary: /usr/sbin/vbox-greeter
2025-09-09 10:09:41 Binary: /usr/sbin/vbox-uninstall-guest-additions
2025-09-09 10:09:41 Binary: /usr/sbin/vcstime
2025-09-09 10:09:41 Binary: /usr/sbin/vdpa
2025-09-09 10:09:41 Binary: /usr/sbin/veritysetup
2025-09-09 10:09:41 Binary: /usr/sbin/vgcfgbackup
2025-09-09 10:09:41 Binary: /usr/sbin/vgcfgrestore
2025-09-09 10:09:41 Binary: /usr/sbin/vgchange
2025-09-09 10:09:41 Binary: /usr/sbin/vgck
2025-09-09 10:09:41 Binary: /usr/sbin/vgconvert
2025-09-09 10:09:41 Binary: /usr/sbin/vgcreate
2025-09-09 10:09:41 Binary: /usr/sbin/vgdisplay
2025-09-09 10:09:41 Binary: /usr/sbin/vgexport
2025-09-09 10:09:41 Binary: /usr/sbin/vgextend
2025-09-09 10:09:41 Binary: /usr/sbin/vgimport
2025-09-09 10:09:41 Binary: /usr/sbin/vgimportclone
2025-09-09 10:09:41 Binary: /usr/sbin/vgmerge
2025-09-09 10:09:41 Binary: /usr/sbin/vgmknodes
2025-09-09 10:09:41 Binary: /usr/sbin/vgreduce
2025-09-09 10:09:41 Binary: /usr/sbin/vgremove
2025-09-09 10:09:41 Binary: /usr/sbin/vgrename
2025-09-09 10:09:41 Binary: /usr/sbin/vgs
2025-09-09 10:09:41 Binary: /usr/sbin/vgscan
2025-09-09 10:09:41 Binary: /usr/sbin/vgsplit
2025-09-09 10:09:41 Binary: /usr/sbin/vigr
2025-09-09 10:09:41 Binary: /usr/sbin/vipw
2025-09-09 10:09:41 Binary: /usr/sbin/visudo
2025-09-09 10:09:41 Binary: /usr/sbin/vpddecode
2025-09-09 10:09:41 Binary: /usr/sbin/wipefs
2025-09-09 10:09:41 Binary: /usr/sbin/wpa_action
2025-09-09 10:09:41 Binary: /usr/sbin/wpa_cli
2025-09-09 10:09:41 Binary: /usr/sbin/wpa_supplicant
2025-09-09 10:09:41 Binary: /usr/sbin/xfs_admin
2025-09-09 10:09:41 Binary: /usr/sbin/xfs_bmap
2025-09-09 10:09:41 Binary: /usr/sbin/xfs_copy
2025-09-09 10:09:41 Binary: /usr/sbin/xfs_db
2025-09-09 10:09:41 Binary: /usr/sbin/xfs_estimate
2025-09-09 10:09:41 Binary: /usr/sbin/xfs_freeze
2025-09-09 10:09:41 Binary: /usr/sbin/xfs_fsr
2025-09-09 10:09:41 Binary: /usr/sbin/xfs_growfs
2025-09-09 10:09:41 Binary: /usr/sbin/xfs_info
2025-09-09 10:09:41 Binary: /usr/sbin/xfs_io
2025-09-09 10:09:41 Binary: /usr/sbin/xfs_logprint
2025-09-09 10:09:41 Binary: /usr/sbin/xfs_mdrestore
2025-09-09 10:09:41 Binary: /usr/sbin/xfs_metadump
2025-09-09 10:09:41 Binary: /usr/sbin/xfs_mkfile
2025-09-09 10:09:41 Binary: /usr/sbin/xfs_ncheck
2025-09-09 10:09:41 Binary: /usr/sbin/xfs_quota
2025-09-09 10:09:41 Binary: /usr/sbin/xfs_repair
2025-09-09 10:09:41 Binary: /usr/sbin/xfs_rtcp
2025-09-09 10:09:41 Binary: /usr/sbin/xfs_scrub
2025-09-09 10:09:41 Binary: /usr/sbin/xfs_scrub_all
2025-09-09 10:09:41 Binary: /usr/sbin/xfs_spaceman
2025-09-09 10:09:41 Binary: /usr/sbin/xtables-legacy-multi
2025-09-09 10:09:41 Binary: /usr/sbin/xtables-monitor
2025-09-09 10:09:41 Binary: /usr/sbin/xtables-nft-multi
2025-09-09 10:09:41 Binary: /usr/sbin/zic
2025-09-09 10:09:41 Binary: /usr/sbin/zramctl
2025-09-09 10:09:41 ====
2025-09-09 10:09:41 Test: Checking binaries in directory /usr/local/bin
2025-09-09 10:09:41 Directory /usr/local/bin exists. Starting directory scanning...
2025-09-09 10:09:41 Binary: /usr/local/bin/chromium
2025-09-09 10:09:41 Binary: /usr/local/bin/debsums-check.sh
2025-09-09 10:09:41 Binary: /usr/local/bin/fast
2025-09-09 10:09:41 Binary: /usr/local/bin/fff
2025-09-09 10:09:41 Binary: /usr/local/bin/firefox
2025-09-09 10:09:41 Binary: /usr/local/bin/gclone.sh
2025-09-09 10:09:41 Binary: /usr/local/bin/hardn-log
2025-09-09 10:09:41 Binary: /usr/local/bin/legion
2025-09-09 10:09:41 Binary: /usr/local/bin/legion-cli
2025-09-09 10:09:41 Binary: /usr/local/bin/lynis-audit.sh
2025-09-09 10:09:41 Binary: /usr/local/bin/node_exporter
2025-09-09 10:09:41 Binary: /usr/local/bin/nvim
2025-09-09 10:09:41 Binary: /usr/local/bin/ppp
2025-09-09 10:09:41 ====
2025-09-09 10:09:41 Test: Checking binaries in directory /usr/local/sbin
2025-09-09 10:09:41 Directory /usr/local/sbin exists. Starting directory scanning...
2025-09-09 10:09:41 ====
2025-09-09 10:09:41 Discovered directories: /bin, /sbin, /usr/bin, /usr/sbin, /usr/local/bin, /usr/local/sbin
2025-09-09 10:09:41 DEB-0001 Result: found 5097 binaries
2025-09-09 10:09:41 Status: Starting Authentication checks...
2025-09-09 10:09:41 Status: Checking if libpam-tmpdir is installed and enabled...
2025-09-09 10:09:41 ====
2025-09-09 10:09:41 Performing test ID DEB-0280 (Checking if libpam-tmpdir is installed and enabled.)
2025-09-09 10:09:41  - libpam-tmpdir is installed.
2025-09-09 10:09:41 Hardening: assigned maximum number of hardening points for this item (1). Currently having 1 points (out of 1)
2025-09-09 10:09:41  - libpam-tmpdir is enabled in common-session.
2025-09-09 10:09:41 Hardening: assigned maximum number of hardening points for this item (1). Currently having 2 points (out of 2)
2025-09-09 10:09:41 Status: Starting file system checks...
2025-09-09 10:09:41 Status: Starting file system checks for dm-crypt, cryptsetup & cryptmount...
2025-09-09 10:09:41 ====
2025-09-09 10:09:41 Performing test ID DEB-0510 (Checking if LVM volume groups or file systems are stored on encrypted partitions)
2025-09-09 10:09:41 Test: Checking file system mount points
2025-09-09 10:09:41 Result: found one or more file system mount points
2025-09-09 10:09:41 Testing file system mount point: /dev/sda1
2025-09-09 10:09:41 Hardening: assigned partial number of hardening points (0 of 1). Currently having 2 points (out of 3)
2025-09-09 10:09:41 ====
2025-09-09 10:09:41 Skipped test DEB-0520 (Checking for Ecryptfs)
2025-09-09 10:09:41 Reason to skip: Prerequisites not met (ie missing tool, other type of Linux distribution)
2025-09-09 10:09:41 Status: Starting Software checks...
2025-09-09 10:09:41 ====
2025-09-09 10:09:41 Performing test ID DEB-0810 (Checking for apt-listbugs)
2025-09-09 10:09:41  - apt-listbugs is installed.
2025-09-09 10:09:41 Hardening: assigned maximum number of hardening points for this item (1). Currently having 3 points (out of 4)
2025-09-09 10:09:42  - Apt configured to use apt-listbugs
2025-09-09 10:09:42 Hardening: assigned maximum number of hardening points for this item (1). Currently having 4 points (out of 5)
2025-09-09 10:09:42 ====
2025-09-09 10:09:42 Performing test ID DEB-0811 (Checking for apt-listchanges)
2025-09-09 10:09:42  - apt-listchanges is installed.
2025-09-09 10:09:42 Hardening: assigned maximum number of hardening points for this item (1). Currently having 5 points (out of 6)
2025-09-09 10:09:42  - Apt configured to use apt-listchanges
2025-09-09 10:09:42 Hardening: assigned maximum number of hardening points for this item (1). Currently having 6 points (out of 7)
2025-09-09 10:09:42 ====
2025-09-09 10:09:42 Performing test ID DEB-0831 (Verifying that needrestart is installed.)
2025-09-09 10:09:42  - needrestart is installed.
2025-09-09 10:09:42 Hardening: assigned maximum number of hardening points for this item (1). Currently having 7 points (out of 8)
2025-09-09 10:09:42 ====
2025-09-09 10:09:42 Performing test ID DEB-0880 (Checking for fail2ban)
2025-09-09 10:09:42  - fail2ban is installed.
2025-09-09 10:09:42 Hardening: assigned maximum number of hardening points for this item (1). Currently having 8 points (out of 9)
2025-09-09 10:09:42  - fail2ban local custom configuration enabled.
2025-09-09 10:09:42 Hardening: assigned maximum number of hardening points for this item (1). Currently having 9 points (out of 10)
2025-09-09 10:09:42 ====
2025-09-09 10:09:42 ====
2025-09-09 10:09:42 Result: session	optional pam_tmpdir.so  plugin (phase 1) finished
2025-09-09 10:09:42 --
2025-09-09 10:09:42 Result: Found 1 plugins of which 1 are enabled
2025-09-09 10:09:42 Result: Plugins phase 1 finished
2025-09-09 10:09:42 ====
2025-09-09 10:09:42 Info: found hashing tool, start generation of HostID
2025-09-09 10:09:42 Interface 'enp0s3' is up, fetching MAC address
2025-09-09 10:09:42 Info: using hardware address '08:00:27:0f:8e:60' to create HostID
2025-09-09 10:09:42 Result: Found HostID: 1624cbdb5e1ac0920d165baba1f80b935abc7aab
2025-09-09 10:09:42 Info: start generation of HostID (version 2)
2025-09-09 10:09:42 Result: found file ssh_host_ed25519_key.pub in /etc/ssh, using that as candidate to create hostid2
2025-09-09 10:09:42 Using SSH public key to create hostid2
2025-09-09 10:09:42 Hash (hostname): 53ad2edfc7474c3122e601b9f23fca705eae85b405c7c52b9b53d400618a9bd4
2025-09-09 10:09:42 Hash (ssh or machineid): a79c651d9c93657e2f6af2b5ed95a2f5b76a209ee648a53c1308b9be3dfa69c9
2025-09-09 10:09:42 hostid-generation: method linux-sys-interface-up
2025-09-09 10:09:42 hostid2-generation: method ssh-public-key
2025-09-09 10:09:42 Info: HostID 1624cbdb5e1ac0920d165baba1f80b935abc7aab looks to be valid
2025-09-09 10:09:42 Info: no machine ID found
2025-09-09 10:09:42 ====
2025-09-09 10:09:42 Info: perform tests from all categories
2025-09-09 10:09:42 Security check: file is normal
2025-09-09 10:09:42 Checking permissions of /usr/share/lynis/include/tests_boot_services
2025-09-09 10:09:42 File permissions are OK
2025-09-09 10:09:42 ====
2025-09-09 10:09:42 Action: Performing tests from category: Boot and services
2025-09-09 10:09:42 ====
2025-09-09 10:09:42 Skipped test BOOT-5102 (Check for AIX boot device)
2025-09-09 10:09:42 Reason to skip: Incorrect guest OS (AIX only)
2025-09-09 10:09:42 ====
2025-09-09 10:09:42 Performing test ID BOOT-5104 (Determine service manager)
2025-09-09 10:09:42 Result: cmdline found = /sbin/init
2025-09-09 10:09:42 Result: file on disk = /sbin/init
2025-09-09 10:09:42 Action: checking symlink for file /sbin/init
2025-09-09 10:09:42 Note: Using real readlink binary to determine symlink on /sbin/init
2025-09-09 10:09:42 Result: readlink shows /usr/lib/systemd/systemd as output
2025-09-09 10:09:42 Result: symlink found, pointing to file /usr/lib/systemd/systemd
2025-09-09 10:09:42 Found: systemd
2025-09-09 10:09:42 Result: service manager found = systemd
2025-09-09 10:09:42 ====
2025-09-09 10:09:42 Skipped test BOOT-5106 (Check EFI boot file on Mac OS X/macOS)
2025-09-09 10:09:42 Reason to skip: Incorrect guest OS (macOS only)
2025-09-09 10:09:42 ====
2025-09-09 10:09:42 Performing test ID BOOT-5108 (Check Syslinux as bootloader)
2025-09-09 10:09:42 Test: checking if file /boot/syslinux/syslinux.cfg exists
2025-09-09 10:09:42 Result: file /boot/syslinux/syslinux.cfg NOT found
2025-09-09 10:09:42 ====
2025-09-09 10:09:42 Performing test ID BOOT-5109 (Check rEFInd as bootloader)
2025-09-09 10:09:42 Test: checking if file /boot/refind_linux.conf exists
2025-09-09 10:09:42 Result: file /boot/refind_linux.conf NOT found
2025-09-09 10:09:42 ====
2025-09-09 10:09:42 Performing test ID BOOT-5116 (Check if system is booted in UEFI mode)
2025-09-09 10:09:42 Test: checking if UEFI is used
2025-09-09 10:09:42 Result: UEFI not used, can't find /sys/firmware/efi directory
2025-09-09 10:09:42 Test: determine if Secure Boot is used
2025-09-09 10:09:42 Result: system not booted with Secure Boot (no SecureBoot file found)
2025-09-09 10:09:42 ====
2025-09-09 10:09:42 Skipped test BOOT-5117 (Check for systemd-boot bootloader presence)
2025-09-09 10:09:42 Reason to skip: Prerequisites not met (ie missing tool, other type of Linux distribution)
2025-09-09 10:09:42 ====
2025-09-09 10:09:42 Performing test ID BOOT-5121 (Check for GRUB boot loader presence)
2025-09-09 10:09:42 Test: Checking for presence GRUB conf file (/boot/grub/grub.conf or /boot/grub/menu.lst)
2025-09-09 10:09:42 Result: found GRUB2 configuration file (/boot/grub/grub.cfg)
2025-09-09 10:09:42 ====
2025-09-09 10:09:42 Performing test ID BOOT-5122 (Check for GRUB boot password)
2025-09-09 10:09:42 Found file /boot/grub/grub.cfg, proceeding with tests.
2025-09-09 10:09:42 Test: check if we can access /boot/grub/grub.cfg (escaped: /boot/grub/grub.cfg)
2025-09-09 10:09:42 Result: file is owned by our current user ID (0), checking if it is readable
2025-09-09 10:09:42 Result: file /boot/grub/grub.cfg is readable (or directory accessible).
2025-09-09 10:09:42 Result: did not find hashed password line in this file
2025-09-09 10:09:42 Result: File '/boot/grub/custom.cfg' does not exist
2025-09-09 10:09:42 Found file /etc/grub.d/30_uefi-firmware, proceeding with tests.
2025-09-09 10:09:42 Test: check if we can access /etc/grub.d/30_uefi-firmware (escaped: /etc/grub.d/30_uefi-firmware)
2025-09-09 10:09:42 Result: file is owned by our current user ID (0), checking if it is readable
2025-09-09 10:09:42 Result: file /etc/grub.d/30_uefi-firmware is readable (or directory accessible).
2025-09-09 10:09:42 Result: did not find hashed password line in this file
2025-09-09 10:09:42 Found file /etc/grub.d/05_debian_theme, proceeding with tests.
2025-09-09 10:09:42 Test: check if we can access /etc/grub.d/05_debian_theme (escaped: /etc/grub.d/05_debian_theme)
2025-09-09 10:09:42 Result: file is owned by our current user ID (0), checking if it is readable
2025-09-09 10:09:42 Result: file /etc/grub.d/05_debian_theme is readable (or directory accessible).
2025-09-09 10:09:42 Result: did not find hashed password line in this file
2025-09-09 10:09:42 Found file /etc/grub.d/40_custom, proceeding with tests.
2025-09-09 10:09:42 Test: check if we can access /etc/grub.d/40_custom (escaped: /etc/grub.d/40_custom)
2025-09-09 10:09:42 Result: file is owned by our current user ID (0), checking if it is readable
2025-09-09 10:09:42 Result: file /etc/grub.d/40_custom is readable (or directory accessible).
2025-09-09 10:09:42 Result: did not find hashed password line in this file
2025-09-09 10:09:42 Found file /etc/grub.d/10_linux, proceeding with tests.
2025-09-09 10:09:42 Test: check if we can access /etc/grub.d/10_linux (escaped: /etc/grub.d/10_linux)
2025-09-09 10:09:42 Result: file is owned by our current user ID (0), checking if it is readable
2025-09-09 10:09:42 Result: file /etc/grub.d/10_linux is readable (or directory accessible).
2025-09-09 10:09:42 Result: did not find hashed password line in this file
2025-09-09 10:09:42 Found file /etc/grub.d/00_header, proceeding with tests.
2025-09-09 10:09:42 Test: check if we can access /etc/grub.d/00_header (escaped: /etc/grub.d/00_header)
2025-09-09 10:09:42 Result: file is owned by our current user ID (0), checking if it is readable
2025-09-09 10:09:42 Result: file /etc/grub.d/00_header is readable (or directory accessible).
2025-09-09 10:09:42 Result: did not find hashed password line in this file
2025-09-09 10:09:42 Found file /etc/grub.d/41_custom, proceeding with tests.
2025-09-09 10:09:42 Test: check if we can access /etc/grub.d/41_custom (escaped: /etc/grub.d/41_custom)
2025-09-09 10:09:42 Result: file is owned by our current user ID (0), checking if it is readable
2025-09-09 10:09:42 Result: file /etc/grub.d/41_custom is readable (or directory accessible).
2025-09-09 10:09:42 Result: did not find hashed password line in this file
2025-09-09 10:09:42 Found file /etc/grub.d/20_linux_xen, proceeding with tests.
2025-09-09 10:09:42 Test: check if we can access /etc/grub.d/20_linux_xen (escaped: /etc/grub.d/20_linux_xen)
2025-09-09 10:09:42 Result: file is owned by our current user ID (0), checking if it is readable
2025-09-09 10:09:42 Result: file /etc/grub.d/20_linux_xen is readable (or directory accessible).
2025-09-09 10:09:42 Result: did not find hashed password line in this file
2025-09-09 10:09:42 Found file /etc/grub.d/30_os-prober, proceeding with tests.
2025-09-09 10:09:42 Test: check if we can access /etc/grub.d/30_os-prober (escaped: /etc/grub.d/30_os-prober)
2025-09-09 10:09:42 Result: file is owned by our current user ID (0), checking if it is readable
2025-09-09 10:09:42 Result: file /etc/grub.d/30_os-prober is readable (or directory accessible).
2025-09-09 10:09:42 Result: did not find hashed password line in this file
2025-09-09 10:09:42 Result: Didn't find hashed password line in GRUB configuration
2025-09-09 10:09:42 Suggestion: Set a password on GRUB boot loader to prevent altering boot configuration (e.g. boot in single user mode without password) [test:BOOT-5122] [details:-] [solution:-]
2025-09-09 10:09:42 Hardening: assigned partial number of hardening points (0 of 2). Currently having 9 points (out of 12)
2025-09-09 10:09:42 ====
2025-09-09 10:09:42 Skipped test BOOT-5124 (Check for FreeBSD boot loader presence)
2025-09-09 10:09:42 Reason to skip: Incorrect guest OS (FreeBSD only)
2025-09-09 10:09:42 ====
2025-09-09 10:09:42 Skipped test BOOT-5261 (Check for DragonFly boot loader presence)
2025-09-09 10:09:42 Reason to skip: Incorrect guest OS (DragonFly only)
2025-09-09 10:09:42 ====
2025-09-09 10:09:42 Skipped test BOOT-5126 (Check for NetBSD boot loader presence)
2025-09-09 10:09:42 Reason to skip: Incorrect guest OS (NetBSD only)
2025-09-09 10:09:42 ====
2025-09-09 10:09:42 Performing test ID BOOT-5139 (Check for LILO boot loader presence)
2025-09-09 10:09:42 Test: checking for presence LILO configuration file
2025-09-09 10:09:42 Result: LILO configuration file not found
2025-09-09 10:09:42 ====
2025-09-09 10:09:42 Performing test ID BOOT-5140 (Check for ELILO boot loader presence)
2025-09-09 10:09:42 Test: checking if file /etc/elilo.conf exists
2025-09-09 10:09:42 Result: file /etc/elilo.conf NOT found
2025-09-09 10:09:42 Test: checking if file /boot/efi/EFI/Debian/elilo.conf exists
2025-09-09 10:09:42 Result: file /boot/efi/EFI/Debian/elilo.conf NOT found
2025-09-09 10:09:42 ====
2025-09-09 10:09:42 Performing test ID BOOT-5142 (Check SPARC Improved boot loader (SILO))
2025-09-09 10:09:42 Result: no SILO configuration file found.
2025-09-09 10:09:42 ====
2025-09-09 10:09:42 Performing test ID BOOT-5155 (Check for YABOOT boot loader configuration file)
2025-09-09 10:09:42 Test: Check for /etc/yaboot.conf
2025-09-09 10:09:42 Result: no YABOOT configuration file found.
2025-09-09 10:09:42 ====
2025-09-09 10:09:42 Skipped test BOOT-5159 (Check for OpenBSD boot loader presence)
2025-09-09 10:09:42 Reason to skip: Incorrect guest OS (OpenBSD only)
2025-09-09 10:09:42 ====
2025-09-09 10:09:42 Skipped test BOOT-5165 (Check for FreeBSD boot services)
2025-09-09 10:09:42 Reason to skip: Incorrect guest OS (FreeBSD only)
2025-09-09 10:09:42 ====
2025-09-09 10:09:42 Skipped test BOOT-5170 (Check for Solaris boot daemons)
2025-09-09 10:09:42 Reason to skip: Incorrect guest OS (Solaris only)
2025-09-09 10:09:42 ====
2025-09-09 10:09:42 Performing test ID BOOT-5177 (Check for Linux boot and running services)
2025-09-09 10:09:42 Test: checking presence systemctl binary
2025-09-09 10:09:42 Result: systemctl binary found, trying that to discover information
2025-09-09 10:09:42 Searching for running services (systemctl services only)
2025-09-09 10:09:42 Found running service: accounts-daemon
2025-09-09 10:09:42 Found running service: auditd
2025-09-09 10:09:42 Found running service: avahi-daemon
2025-09-09 10:09:42 Found running service: clamav-daemon
2025-09-09 10:09:42 Found running service: cron
2025-09-09 10:09:42 Found running service: cups-browsed
2025-09-09 10:09:42 Found running service: cups
2025-09-09 10:09:42 Found running service: dbus
2025-09-09 10:09:42 Found running service: exim4
2025-09-09 10:09:42 Found running service: fail2ban
2025-09-09 10:09:42 Found running service: getty@tty1
2025-09-09 10:09:42 Found running service: legion
2025-09-09 10:09:42 Found running service: lightdm
2025-09-09 10:09:42 Found running service: ModemManager
2025-09-09 10:09:42 Found running service: NetworkManager
2025-09-09 10:09:42 Found running service: node_exporter
2025-09-09 10:09:42 Found running service: polkit
2025-09-09 10:09:42 Found running service: rsyslog
2025-09-09 10:09:42 Found running service: rtkit-daemon
2025-09-09 10:09:42 Found running service: ssh
2025-09-09 10:09:42 Found running service: systemd-journald
2025-09-09 10:09:42 Found running service: systemd-logind
2025-09-09 10:09:42 Found running service: systemd-timesyncd
2025-09-09 10:09:42 Found running service: systemd-udevd
2025-09-09 10:09:42 Found running service: udisks2
2025-09-09 10:09:42 Found running service: unattended-upgrades
2025-09-09 10:09:42 Found running service: upower
2025-09-09 10:09:42 Found running service: user@1000
2025-09-09 10:09:42 Found running service: vboxadd
2025-09-09 10:09:42 Found running service: wpa_supplicant
2025-09-09 10:09:42 Hint: Run systemctl --full --type=service to see all services
2025-09-09 10:09:42 Result: Found 30 running services
2025-09-09 10:09:42 Searching for enabled services (systemctl services only)
2025-09-09 10:09:44 Found enabled service at boot: ModemManager
2025-09-09 10:09:44 Found enabled service at boot: NetworkManager-dispatcher
2025-09-09 10:09:44 Found enabled service at boot: NetworkManager-wait-online
2025-09-09 10:09:44 Found enabled service at boot: NetworkManager
2025-09-09 10:09:44 Found enabled service at boot: accounts-daemon
2025-09-09 10:09:44 Found enabled service at boot: anacron
2025-09-09 10:09:44 Found enabled service at boot: apparmor
2025-09-09 10:09:44 Found enabled service at boot: auditd
2025-09-09 10:09:44 Found enabled service at boot: avahi-daemon
2025-09-09 10:09:44 Found enabled service at boot: blk-availability
2025-09-09 10:09:44 Found enabled service at boot: bluetooth
2025-09-09 10:09:44 Found enabled service at boot: clamav-daemon
2025-09-09 10:09:44 Found enabled service at boot: console-setup
2025-09-09 10:09:44 Found enabled service at boot: cron
2025-09-09 10:09:44 Found enabled service at boot: cups-browsed
2025-09-09 10:09:44 Found enabled service at boot: cups
2025-09-09 10:09:44 Found enabled service at boot: e2scrub_reap
2025-09-09 10:09:44 Found enabled service at boot: fail2ban
2025-09-09 10:09:44 Found enabled service at boot: getty@
2025-09-09 10:09:44 Found enabled service at boot: hardn-xdr
2025-09-09 10:09:44 Found enabled service at boot: hardn
2025-09-09 10:09:44 Found enabled service at boot: keyboard-setup
2025-09-09 10:09:44 Found enabled service at boot: legion
2025-09-09 10:09:44 Found enabled service at boot: lightdm
2025-09-09 10:09:44 Found enabled service at boot: lm-sensors
2025-09-09 10:09:44 Found enabled service at boot: lvm2-monitor
2025-09-09 10:09:44 Found enabled service at boot: mdadm-shutdown
2025-09-09 10:09:44 Found enabled service at boot: networking
2025-09-09 10:09:44 Found enabled service at boot: node_exporter
2025-09-09 10:09:44 Found enabled service at boot: rsyslog
2025-09-09 10:09:44 Found enabled service at boot: smartmontools
2025-09-09 10:09:44 Found enabled service at boot: ssh
2025-09-09 10:09:44 Found enabled service at boot: suricata
2025-09-09 10:09:44 Found enabled service at boot: sysstat
2025-09-09 10:09:44 Found enabled service at boot: systemd-pstore
2025-09-09 10:09:44 Found enabled service at boot: systemd-timesyncd
2025-09-09 10:09:44 Found enabled service at boot: udisks2
2025-09-09 10:09:44 Found enabled service at boot: ufw
2025-09-09 10:09:44 Found enabled service at boot: unattended-upgrades
2025-09-09 10:09:44 Found enabled service at boot: vboxadd
2025-09-09 10:09:44 Found enabled service at boot: vboxadd
2025-09-09 10:09:44 Found enabled service at boot: wpa_supplicant
2025-09-09 10:09:44 Hint: Run systemctl list-unit-files --type=service to see all services
2025-09-09 10:09:44 Result: Found 42 enabled services
2025-09-09 10:09:44 ====
2025-09-09 10:09:44 Performing test ID BOOT-5180 (Check for Linux boot services (Debian style))
2025-09-09 10:09:44 Result: found runlevel 5
2025-09-09 10:09:44 Result: skipping further actions
2025-09-09 10:09:44 ====
2025-09-09 10:09:44 Performing test ID BOOT-5184 (Check permissions for boot files/scripts)
2025-09-09 10:09:44 Result: checking /etc/init.d scripts for writable bit
2025-09-09 10:09:44 Test: checking if directory /etc/init.d exists
2025-09-09 10:09:44 Result: directory /etc/init.d found
2025-09-09 10:09:44 Test: checking for available files in directory
2025-09-09 10:09:44 Result: found files in directory, checking permissions now
2025-09-09 10:09:44 Test: checking permissions of file /etc/init.d/alsa-utils
2025-09-09 10:09:44 Result: good, file /etc/init.d/alsa-utils not world writable
2025-09-09 10:09:44 Test: checking permissions of file /etc/init.d/anacron
2025-09-09 10:09:44 Result: good, file /etc/init.d/anacron not world writable
2025-09-09 10:09:44 Test: checking permissions of file /etc/init.d/apparmor
2025-09-09 10:09:44 Result: good, file /etc/init.d/apparmor not world writable
2025-09-09 10:09:44 Test: checking permissions of file /etc/init.d/auditd
2025-09-09 10:09:44 Result: good, file /etc/init.d/auditd not world writable
2025-09-09 10:09:44 Test: checking permissions of file /etc/init.d/bluetooth
2025-09-09 10:09:44 Result: good, file /etc/init.d/bluetooth not world writable
2025-09-09 10:09:44 Test: checking permissions of file /etc/init.d/clamav-daemon
2025-09-09 10:09:44 Result: good, file /etc/init.d/clamav-daemon not world writable
2025-09-09 10:09:44 Test: checking permissions of file /etc/init.d/clamav-freshclam
2025-09-09 10:09:44 Result: good, file /etc/init.d/clamav-freshclam not world writable
2025-09-09 10:09:44 Test: checking permissions of file /etc/init.d/console-setup.sh
2025-09-09 10:09:44 Result: good, file /etc/init.d/console-setup.sh not world writable
2025-09-09 10:09:44 Test: checking permissions of file /etc/init.d/cron
2025-09-09 10:09:44 Result: good, file /etc/init.d/cron not world writable
2025-09-09 10:09:44 Test: checking permissions of file /etc/init.d/cryptdisks
2025-09-09 10:09:44 Result: good, file /etc/init.d/cryptdisks not world writable
2025-09-09 10:09:44 Test: checking permissions of file /etc/init.d/cryptdisks-early
2025-09-09 10:09:44 Result: good, file /etc/init.d/cryptdisks-early not world writable
2025-09-09 10:09:44 Test: checking permissions of file /etc/init.d/cups
2025-09-09 10:09:44 Result: good, file /etc/init.d/cups not world writable
2025-09-09 10:09:44 Test: checking permissions of file /etc/init.d/cups-browsed
2025-09-09 10:09:44 Result: good, file /etc/init.d/cups-browsed not world writable
2025-09-09 10:09:44 Test: checking permissions of file /etc/init.d/dbus
2025-09-09 10:09:44 Result: good, file /etc/init.d/dbus not world writable
2025-09-09 10:09:44 Test: checking permissions of file /etc/init.d/exim4
2025-09-09 10:09:44 Result: good, file /etc/init.d/exim4 not world writable
2025-09-09 10:09:44 Test: checking permissions of file /etc/init.d/fail2ban
2025-09-09 10:09:44 Result: good, file /etc/init.d/fail2ban not world writable
2025-09-09 10:09:44 Test: checking permissions of file /etc/init.d/hwclock.sh
2025-09-09 10:09:44 Result: good, file /etc/init.d/hwclock.sh not world writable
2025-09-09 10:09:44 Test: checking permissions of file /etc/init.d/keyboard-setup.sh
2025-09-09 10:09:44 Result: good, file /etc/init.d/keyboard-setup.sh not world writable
2025-09-09 10:09:44 Test: checking permissions of file /etc/init.d/kmod
2025-09-09 10:09:44 Result: good, file /etc/init.d/kmod not world writable
2025-09-09 10:09:44 Test: checking permissions of file /etc/init.d/lightdm
2025-09-09 10:09:44 Result: good, file /etc/init.d/lightdm not world writable
2025-09-09 10:09:44 Test: checking permissions of file /etc/init.d/live-tools
2025-09-09 10:09:44 Result: good, file /etc/init.d/live-tools not world writable
2025-09-09 10:09:44 Test: checking permissions of file /etc/init.d/lm-sensors
2025-09-09 10:09:44 Result: good, file /etc/init.d/lm-sensors not world writable
2025-09-09 10:09:44 Test: checking permissions of file /etc/init.d/mdadm
2025-09-09 10:09:44 Result: good, file /etc/init.d/mdadm not world writable
2025-09-09 10:09:44 Test: checking permissions of file /etc/init.d/mdadm-waitidle
2025-09-09 10:09:44 Result: good, file /etc/init.d/mdadm-waitidle not world writable
2025-09-09 10:09:44 Test: checking permissions of file /etc/init.d/networking
2025-09-09 10:09:44 Result: good, file /etc/init.d/networking not world writable
2025-09-09 10:09:44 Test: checking permissions of file /etc/init.d/plymouth
2025-09-09 10:09:44 Result: good, file /etc/init.d/plymouth not world writable
2025-09-09 10:09:44 Test: checking permissions of file /etc/init.d/plymouth-log
2025-09-09 10:09:44 Result: good, file /etc/init.d/plymouth-log not world writable
2025-09-09 10:09:44 Test: checking permissions of file /etc/init.d/procps
2025-09-09 10:09:44 Result: good, file /etc/init.d/procps not world writable
2025-09-09 10:09:44 Test: checking permissions of file /etc/init.d/pulseaudio-enable-autospawn
2025-09-09 10:09:44 Result: good, file /etc/init.d/pulseaudio-enable-autospawn not world writable
2025-09-09 10:09:44 Test: checking permissions of file /etc/init.d/rsync
2025-09-09 10:09:44 Result: good, file /etc/init.d/rsync not world writable
2025-09-09 10:09:44 Test: checking permissions of file /etc/init.d/saned
2025-09-09 10:09:44 Result: good, file /etc/init.d/saned not world writable
2025-09-09 10:09:44 Test: checking permissions of file /etc/init.d/smartmontools
2025-09-09 10:09:44 Result: good, file /etc/init.d/smartmontools not world writable
2025-09-09 10:09:44 Test: checking permissions of file /etc/init.d/speech-dispatcher
2025-09-09 10:09:44 Result: good, file /etc/init.d/speech-dispatcher not world writable
2025-09-09 10:09:44 Test: checking permissions of file /etc/init.d/spice-vdagent
2025-09-09 10:09:44 Result: good, file /etc/init.d/spice-vdagent not world writable
2025-09-09 10:09:44 Test: checking permissions of file /etc/init.d/ssh
2025-09-09 10:09:44 Result: good, file /etc/init.d/ssh not world writable
2025-09-09 10:09:44 Test: checking permissions of file /etc/init.d/sudo
2025-09-09 10:09:44 Result: good, file /etc/init.d/sudo not world writable
2025-09-09 10:09:44 Test: checking permissions of file /etc/init.d/suricata
2025-09-09 10:09:44 Result: good, file /etc/init.d/suricata not world writable
2025-09-09 10:09:44 Test: checking permissions of file /etc/init.d/sysstat
2025-09-09 10:09:44 Result: good, file /etc/init.d/sysstat not world writable
2025-09-09 10:09:44 Test: checking permissions of file /etc/init.d/udev
2025-09-09 10:09:44 Result: good, file /etc/init.d/udev not world writable
2025-09-09 10:09:44 Test: checking permissions of file /etc/init.d/ufw
2025-09-09 10:09:44 Result: good, file /etc/init.d/ufw not world writable
2025-09-09 10:09:44 Test: checking permissions of file /etc/init.d/unattended-upgrades
2025-09-09 10:09:44 Result: good, file /etc/init.d/unattended-upgrades not world writable
2025-09-09 10:09:44 Test: checking permissions of file /etc/init.d/uuidd
2025-09-09 10:09:44 Result: good, file /etc/init.d/uuidd not world writable
2025-09-09 10:09:44 Test: checking permissions of file /etc/init.d/x11-common
2025-09-09 10:09:44 Result: good, file /etc/init.d/x11-common not world writable
2025-09-09 10:09:44 Test: checking permissions of file /etc/init.d/xpra
2025-09-09 10:09:44 Result: good, file /etc/init.d/xpra not world writable
2025-09-09 10:09:44 Test: checking if directory /etc/rc.d exists
2025-09-09 10:09:44 Result: directory /etc/rc.d not found. Skipping..
2025-09-09 10:09:44 Test: checking if directory /etc/rcS.d exists
2025-09-09 10:09:44 Result: directory /etc/rcS.d found
2025-09-09 10:09:44 Test: checking for available files in directory
2025-09-09 10:09:44 Result: found files in directory, checking permissions now
2025-09-09 10:09:44 Test: checking permissions of file /etc/rcS.d/S01alsa-utils
2025-09-09 10:09:44 Action: checking symlink for file /etc/rcS.d/S01alsa-utils
2025-09-09 10:09:44 Note: Using real readlink binary to determine symlink on /etc/rcS.d/S01alsa-utils
2025-09-09 10:09:44 Result: readlink shows /etc/init.d/alsa-utils as output
2025-09-09 10:09:44 Result: symlink found, pointing to file /etc/init.d/alsa-utils
2025-09-09 10:09:44 Result: good, file /etc/rcS.d/S01alsa-utils not world writable
2025-09-09 10:09:44 Test: checking permissions of file /etc/rcS.d/S01apparmor
2025-09-09 10:09:44 Action: checking symlink for file /etc/rcS.d/S01apparmor
2025-09-09 10:09:44 Note: Using real readlink binary to determine symlink on /etc/rcS.d/S01apparmor
2025-09-09 10:09:44 Result: readlink shows /etc/init.d/apparmor as output
2025-09-09 10:09:44 Result: symlink found, pointing to file /etc/init.d/apparmor
2025-09-09 10:09:44 Result: good, file /etc/rcS.d/S01apparmor not world writable
2025-09-09 10:09:44 Test: checking permissions of file /etc/rcS.d/S01cryptdisks
2025-09-09 10:09:44 Action: checking symlink for file /etc/rcS.d/S01cryptdisks
2025-09-09 10:09:44 Note: Using real readlink binary to determine symlink on /etc/rcS.d/S01cryptdisks
2025-09-09 10:09:44 Result: readlink shows /etc/init.d/cryptdisks as output
2025-09-09 10:09:44 Result: symlink found, pointing to file /etc/init.d/cryptdisks
2025-09-09 10:09:44 Result: good, file /etc/rcS.d/S01cryptdisks not world writable
2025-09-09 10:09:44 Test: checking permissions of file /etc/rcS.d/S01cryptdisks-early
2025-09-09 10:09:44 Action: checking symlink for file /etc/rcS.d/S01cryptdisks-early
2025-09-09 10:09:44 Note: Using real readlink binary to determine symlink on /etc/rcS.d/S01cryptdisks-early
2025-09-09 10:09:44 Result: readlink shows /etc/init.d/cryptdisks-early as output
2025-09-09 10:09:44 Result: symlink found, pointing to file /etc/init.d/cryptdisks-early
2025-09-09 10:09:44 Result: good, file /etc/rcS.d/S01cryptdisks-early not world writable
2025-09-09 10:09:44 Test: checking permissions of file /etc/rcS.d/S01hwclock.sh
2025-09-09 10:09:44 Action: checking symlink for file /etc/rcS.d/S01hwclock.sh
2025-09-09 10:09:44 Note: Using real readlink binary to determine symlink on /etc/rcS.d/S01hwclock.sh
2025-09-09 10:09:44 Result: readlink shows /etc/init.d/hwclock.sh as output
2025-09-09 10:09:44 Result: symlink found, pointing to file /etc/init.d/hwclock.sh
2025-09-09 10:09:44 Result: good, file /etc/rcS.d/S01hwclock.sh not world writable
2025-09-09 10:09:44 Test: checking permissions of file /etc/rcS.d/S01keyboard-setup.sh
2025-09-09 10:09:44 Action: checking symlink for file /etc/rcS.d/S01keyboard-setup.sh
2025-09-09 10:09:44 Note: Using real readlink binary to determine symlink on /etc/rcS.d/S01keyboard-setup.sh
2025-09-09 10:09:44 Result: readlink shows /etc/init.d/keyboard-setup.sh as output
2025-09-09 10:09:44 Result: symlink found, pointing to file /etc/init.d/keyboard-setup.sh
2025-09-09 10:09:44 Result: good, file /etc/rcS.d/S01keyboard-setup.sh not world writable
2025-09-09 10:09:44 Test: checking permissions of file /etc/rcS.d/S01kmod
2025-09-09 10:09:44 Action: checking symlink for file /etc/rcS.d/S01kmod
2025-09-09 10:09:44 Note: Using real readlink binary to determine symlink on /etc/rcS.d/S01kmod
2025-09-09 10:09:44 Result: readlink shows /etc/init.d/kmod as output
2025-09-09 10:09:44 Result: symlink found, pointing to file /etc/init.d/kmod
2025-09-09 10:09:44 Result: good, file /etc/rcS.d/S01kmod not world writable
2025-09-09 10:09:44 Test: checking permissions of file /etc/rcS.d/S01live-tools
2025-09-09 10:09:44 Action: checking symlink for file /etc/rcS.d/S01live-tools
2025-09-09 10:09:44 Note: Using real readlink binary to determine symlink on /etc/rcS.d/S01live-tools
2025-09-09 10:09:44 Result: readlink shows /etc/init.d/live-tools as output
2025-09-09 10:09:44 Result: symlink found, pointing to file /etc/init.d/live-tools
2025-09-09 10:09:44 Result: good, file /etc/rcS.d/S01live-tools not world writable
2025-09-09 10:09:44 Test: checking permissions of file /etc/rcS.d/S01lm-sensors
2025-09-09 10:09:44 Action: checking symlink for file /etc/rcS.d/S01lm-sensors
2025-09-09 10:09:44 Note: Using real readlink binary to determine symlink on /etc/rcS.d/S01lm-sensors
2025-09-09 10:09:44 Result: readlink shows /etc/init.d/lm-sensors as output
2025-09-09 10:09:44 Result: symlink found, pointing to file /etc/init.d/lm-sensors
2025-09-09 10:09:44 Result: good, file /etc/rcS.d/S01lm-sensors not world writable
2025-09-09 10:09:44 Test: checking permissions of file /etc/rcS.d/S01networking
2025-09-09 10:09:44 Action: checking symlink for file /etc/rcS.d/S01networking
2025-09-09 10:09:44 Note: Using real readlink binary to determine symlink on /etc/rcS.d/S01networking
2025-09-09 10:09:44 Result: readlink shows /etc/init.d/networking as output
2025-09-09 10:09:44 Result: symlink found, pointing to file /etc/init.d/networking
2025-09-09 10:09:44 Result: good, file /etc/rcS.d/S01networking not world writable
2025-09-09 10:09:44 Test: checking permissions of file /etc/rcS.d/S01plymouth-log
2025-09-09 10:09:44 Action: checking symlink for file /etc/rcS.d/S01plymouth-log
2025-09-09 10:09:44 Note: Using real readlink binary to determine symlink on /etc/rcS.d/S01plymouth-log
2025-09-09 10:09:44 Result: readlink shows /etc/init.d/plymouth-log as output
2025-09-09 10:09:44 Result: symlink found, pointing to file /etc/init.d/plymouth-log
2025-09-09 10:09:44 Result: good, file /etc/rcS.d/S01plymouth-log not world writable
2025-09-09 10:09:44 Test: checking permissions of file /etc/rcS.d/S01procps
2025-09-09 10:09:44 Action: checking symlink for file /etc/rcS.d/S01procps
2025-09-09 10:09:44 Note: Using real readlink binary to determine symlink on /etc/rcS.d/S01procps
2025-09-09 10:09:44 Result: readlink shows /etc/init.d/procps as output
2025-09-09 10:09:44 Result: symlink found, pointing to file /etc/init.d/procps
2025-09-09 10:09:44 Result: good, file /etc/rcS.d/S01procps not world writable
2025-09-09 10:09:44 Test: checking permissions of file /etc/rcS.d/S01udev
2025-09-09 10:09:44 Action: checking symlink for file /etc/rcS.d/S01udev
2025-09-09 10:09:44 Note: Using real readlink binary to determine symlink on /etc/rcS.d/S01udev
2025-09-09 10:09:44 Result: readlink shows /etc/init.d/udev as output
2025-09-09 10:09:44 Result: symlink found, pointing to file /etc/init.d/udev
2025-09-09 10:09:44 Result: good, file /etc/rcS.d/S01udev not world writable
2025-09-09 10:09:44 Test: checking permissions of file /etc/rcS.d/S01ufw
2025-09-09 10:09:44 Action: checking symlink for file /etc/rcS.d/S01ufw
2025-09-09 10:09:44 Note: Using real readlink binary to determine symlink on /etc/rcS.d/S01ufw
2025-09-09 10:09:44 Result: readlink shows /etc/init.d/ufw as output
2025-09-09 10:09:44 Result: symlink found, pointing to file /etc/init.d/ufw
2025-09-09 10:09:44 Result: good, file /etc/rcS.d/S01ufw not world writable
2025-09-09 10:09:44 Test: checking permissions of file /etc/rcS.d/S01x11-common
2025-09-09 10:09:44 Action: checking symlink for file /etc/rcS.d/S01x11-common
2025-09-09 10:09:44 Note: Using real readlink binary to determine symlink on /etc/rcS.d/S01x11-common
2025-09-09 10:09:44 Result: readlink shows /etc/init.d/x11-common as output
2025-09-09 10:09:44 Result: symlink found, pointing to file /etc/init.d/x11-common
2025-09-09 10:09:44 Result: good, file /etc/rcS.d/S01x11-common not world writable
2025-09-09 10:09:44 Test: Checking /etc/rc0.d scripts for writable bit
2025-09-09 10:09:44 Action: checking symlink for file /etc/rc0.d/K01alsa-utils
2025-09-09 10:09:44 Note: Using real readlink binary to determine symlink on /etc/rc0.d/K01alsa-utils
2025-09-09 10:09:44 Result: readlink shows /etc/init.d/alsa-utils as output
2025-09-09 10:09:44 Result: symlink found, pointing to file /etc/init.d/alsa-utils
2025-09-09 10:09:44 Result: good, file /etc/rc0.d/K01alsa-utils not world writable
2025-09-09 10:09:44 Action: checking symlink for file /etc/rc0.d/K01auditd
2025-09-09 10:09:44 Note: Using real readlink binary to determine symlink on /etc/rc0.d/K01auditd
2025-09-09 10:09:44 Result: readlink shows /etc/init.d/auditd as output
2025-09-09 10:09:44 Result: symlink found, pointing to file /etc/init.d/auditd
2025-09-09 10:09:44 Result: good, file /etc/rc0.d/K01auditd not world writable
2025-09-09 10:09:44 Action: checking symlink for file /etc/rc0.d/K01bluetooth
2025-09-09 10:09:44 Note: Using real readlink binary to determine symlink on /etc/rc0.d/K01bluetooth
2025-09-09 10:09:44 Result: readlink shows /etc/init.d/bluetooth as output
2025-09-09 10:09:44 Result: symlink found, pointing to file /etc/init.d/bluetooth
2025-09-09 10:09:44 Result: good, file /etc/rc0.d/K01bluetooth not world writable
2025-09-09 10:09:44 Action: checking symlink for file /etc/rc0.d/K01clamav-daemon
2025-09-09 10:09:44 Note: Using real readlink binary to determine symlink on /etc/rc0.d/K01clamav-daemon
2025-09-09 10:09:44 Result: readlink shows /etc/init.d/clamav-daemon as output
2025-09-09 10:09:44 Result: symlink found, pointing to file /etc/init.d/clamav-daemon
2025-09-09 10:09:44 Result: good, file /etc/rc0.d/K01clamav-daemon not world writable
2025-09-09 10:09:44 Action: checking symlink for file /etc/rc0.d/K01clamav-freshclam
2025-09-09 10:09:44 Note: Using real readlink binary to determine symlink on /etc/rc0.d/K01clamav-freshclam
2025-09-09 10:09:44 Result: readlink shows /etc/init.d/clamav-freshclam as output
2025-09-09 10:09:44 Result: symlink found, pointing to file /etc/init.d/clamav-freshclam
2025-09-09 10:09:44 Result: good, file /etc/rc0.d/K01clamav-freshclam not world writable
2025-09-09 10:09:44 Action: checking symlink for file /etc/rc0.d/K01cryptdisks
2025-09-09 10:09:44 Note: Using real readlink binary to determine symlink on /etc/rc0.d/K01cryptdisks
2025-09-09 10:09:44 Result: readlink shows /etc/init.d/cryptdisks as output
2025-09-09 10:09:44 Result: symlink found, pointing to file /etc/init.d/cryptdisks
2025-09-09 10:09:44 Result: good, file /etc/rc0.d/K01cryptdisks not world writable
2025-09-09 10:09:44 Action: checking symlink for file /etc/rc0.d/K01cryptdisks-early
2025-09-09 10:09:44 Note: Using real readlink binary to determine symlink on /etc/rc0.d/K01cryptdisks-early
2025-09-09 10:09:44 Result: readlink shows /etc/init.d/cryptdisks-early as output
2025-09-09 10:09:44 Result: symlink found, pointing to file /etc/init.d/cryptdisks-early
2025-09-09 10:09:44 Result: good, file /etc/rc0.d/K01cryptdisks-early not world writable
2025-09-09 10:09:44 Action: checking symlink for file /etc/rc0.d/K01cups-browsed
2025-09-09 10:09:44 Note: Using real readlink binary to determine symlink on /etc/rc0.d/K01cups-browsed
2025-09-09 10:09:44 Result: readlink shows /etc/init.d/cups-browsed as output
2025-09-09 10:09:44 Result: symlink found, pointing to file /etc/init.d/cups-browsed
2025-09-09 10:09:44 Result: good, file /etc/rc0.d/K01cups-browsed not world writable
2025-09-09 10:09:44 Action: checking symlink for file /etc/rc0.d/K01exim4
2025-09-09 10:09:44 Note: Using real readlink binary to determine symlink on /etc/rc0.d/K01exim4
2025-09-09 10:09:44 Result: readlink shows /etc/init.d/exim4 as output
2025-09-09 10:09:44 Result: symlink found, pointing to file /etc/init.d/exim4
2025-09-09 10:09:44 Result: good, file /etc/rc0.d/K01exim4 not world writable
2025-09-09 10:09:44 Action: checking symlink for file /etc/rc0.d/K01fail2ban
2025-09-09 10:09:44 Note: Using real readlink binary to determine symlink on /etc/rc0.d/K01fail2ban
2025-09-09 10:09:44 Result: readlink shows /etc/init.d/fail2ban as output
2025-09-09 10:09:44 Result: symlink found, pointing to file /etc/init.d/fail2ban
2025-09-09 10:09:44 Result: good, file /etc/rc0.d/K01fail2ban not world writable
2025-09-09 10:09:44 Action: checking symlink for file /etc/rc0.d/K01hwclock.sh
2025-09-09 10:09:44 Note: Using real readlink binary to determine symlink on /etc/rc0.d/K01hwclock.sh
2025-09-09 10:09:44 Result: readlink shows /etc/init.d/hwclock.sh as output
2025-09-09 10:09:44 Result: symlink found, pointing to file /etc/init.d/hwclock.sh
2025-09-09 10:09:44 Result: good, file /etc/rc0.d/K01hwclock.sh not world writable
2025-09-09 10:09:44 Action: checking symlink for file /etc/rc0.d/K01lightdm
2025-09-09 10:09:44 Note: Using real readlink binary to determine symlink on /etc/rc0.d/K01lightdm
2025-09-09 10:09:44 Result: readlink shows /etc/init.d/lightdm as output
2025-09-09 10:09:44 Result: symlink found, pointing to file /etc/init.d/lightdm
2025-09-09 10:09:44 Result: good, file /etc/rc0.d/K01lightdm not world writable
2025-09-09 10:09:44 Action: checking symlink for file /etc/rc0.d/K01live-tools
2025-09-09 10:09:44 Note: Using real readlink binary to determine symlink on /etc/rc0.d/K01live-tools
2025-09-09 10:09:44 Result: readlink shows /etc/init.d/live-tools as output
2025-09-09 10:09:44 Result: symlink found, pointing to file /etc/init.d/live-tools
2025-09-09 10:09:44 Result: good, file /etc/rc0.d/K01live-tools not world writable
2025-09-09 10:09:44 Action: checking symlink for file /etc/rc0.d/K01mdadm
2025-09-09 10:09:44 Note: Using real readlink binary to determine symlink on /etc/rc0.d/K01mdadm
2025-09-09 10:09:44 Result: readlink shows /etc/init.d/mdadm as output
2025-09-09 10:09:44 Result: symlink found, pointing to file /etc/init.d/mdadm
2025-09-09 10:09:44 Result: good, file /etc/rc0.d/K01mdadm not world writable
2025-09-09 10:09:44 Action: checking symlink for file /etc/rc0.d/K01mdadm-waitidle
2025-09-09 10:09:44 Note: Using real readlink binary to determine symlink on /etc/rc0.d/K01mdadm-waitidle
2025-09-09 10:09:44 Result: readlink shows /etc/init.d/mdadm-waitidle as output
2025-09-09 10:09:44 Result: symlink found, pointing to file /etc/init.d/mdadm-waitidle
2025-09-09 10:09:44 Result: good, file /etc/rc0.d/K01mdadm-waitidle not world writable
2025-09-09 10:09:44 Action: checking symlink for file /etc/rc0.d/K01networking
2025-09-09 10:09:44 Note: Using real readlink binary to determine symlink on /etc/rc0.d/K01networking
2025-09-09 10:09:44 Result: readlink shows /etc/init.d/networking as output
2025-09-09 10:09:44 Result: symlink found, pointing to file /etc/init.d/networking
2025-09-09 10:09:44 Result: good, file /etc/rc0.d/K01networking not world writable
2025-09-09 10:09:44 Action: checking symlink for file /etc/rc0.d/K01plymouth
2025-09-09 10:09:44 Note: Using real readlink binary to determine symlink on /etc/rc0.d/K01plymouth
2025-09-09 10:09:44 Result: readlink shows /etc/init.d/plymouth as output
2025-09-09 10:09:44 Result: symlink found, pointing to file /etc/init.d/plymouth
2025-09-09 10:09:44 Result: good, file /etc/rc0.d/K01plymouth not world writable
2025-09-09 10:09:44 Action: checking symlink for file /etc/rc0.d/K01pulseaudio-enable-autospawn
2025-09-09 10:09:44 Note: Using real readlink binary to determine symlink on /etc/rc0.d/K01pulseaudio-enable-autospawn
2025-09-09 10:09:44 Result: readlink shows /etc/init.d/pulseaudio-enable-autospawn as output
2025-09-09 10:09:44 Result: symlink found, pointing to file /etc/init.d/pulseaudio-enable-autospawn
2025-09-09 10:09:44 Result: good, file /etc/rc0.d/K01pulseaudio-enable-autospawn not world writable
2025-09-09 10:09:44 Action: checking symlink for file /etc/rc0.d/K01saned
2025-09-09 10:09:44 Note: Using real readlink binary to determine symlink on /etc/rc0.d/K01saned
2025-09-09 10:09:44 Result: readlink shows /etc/init.d/saned as output
2025-09-09 10:09:44 Result: symlink found, pointing to file /etc/init.d/saned
2025-09-09 10:09:44 Result: good, file /etc/rc0.d/K01saned not world writable
2025-09-09 10:09:44 Action: checking symlink for file /etc/rc0.d/K01smartmontools
2025-09-09 10:09:44 Note: Using real readlink binary to determine symlink on /etc/rc0.d/K01smartmontools
2025-09-09 10:09:44 Result: readlink shows /etc/init.d/smartmontools as output
2025-09-09 10:09:44 Result: symlink found, pointing to file /etc/init.d/smartmontools
2025-09-09 10:09:44 Result: good, file /etc/rc0.d/K01smartmontools not world writable
2025-09-09 10:09:44 Action: checking symlink for file /etc/rc0.d/K01speech-dispatcher
2025-09-09 10:09:44 Note: Using real readlink binary to determine symlink on /etc/rc0.d/K01speech-dispatcher
2025-09-09 10:09:44 Result: readlink shows /etc/init.d/speech-dispatcher as output
2025-09-09 10:09:44 Result: symlink found, pointing to file /etc/init.d/speech-dispatcher
2025-09-09 10:09:44 Result: good, file /etc/rc0.d/K01speech-dispatcher not world writable
2025-09-09 10:09:44 Action: checking symlink for file /etc/rc0.d/K01spice-vdagent
2025-09-09 10:09:44 Note: Using real readlink binary to determine symlink on /etc/rc0.d/K01spice-vdagent
2025-09-09 10:09:44 Result: readlink shows /etc/init.d/spice-vdagent as output
2025-09-09 10:09:44 Result: symlink found, pointing to file /etc/init.d/spice-vdagent
2025-09-09 10:09:44 Result: good, file /etc/rc0.d/K01spice-vdagent not world writable
2025-09-09 10:09:44 Action: checking symlink for file /etc/rc0.d/K01suricata
2025-09-09 10:09:44 Note: Using real readlink binary to determine symlink on /etc/rc0.d/K01suricata
2025-09-09 10:09:44 Result: readlink shows /etc/init.d/suricata as output
2025-09-09 10:09:44 Result: symlink found, pointing to file /etc/init.d/suricata
2025-09-09 10:09:44 Result: good, file /etc/rc0.d/K01suricata not world writable
2025-09-09 10:09:44 Action: checking symlink for file /etc/rc0.d/K01udev
2025-09-09 10:09:44 Note: Using real readlink binary to determine symlink on /etc/rc0.d/K01udev
2025-09-09 10:09:44 Result: readlink shows /etc/init.d/udev as output
2025-09-09 10:09:44 Result: symlink found, pointing to file /etc/init.d/udev
2025-09-09 10:09:44 Result: good, file /etc/rc0.d/K01udev not world writable
2025-09-09 10:09:44 Action: checking symlink for file /etc/rc0.d/K01unattended-upgrades
2025-09-09 10:09:44 Note: Using real readlink binary to determine symlink on /etc/rc0.d/K01unattended-upgrades
2025-09-09 10:09:44 Result: readlink shows /etc/init.d/unattended-upgrades as output
2025-09-09 10:09:44 Result: symlink found, pointing to file /etc/init.d/unattended-upgrades
2025-09-09 10:09:44 Result: good, file /etc/rc0.d/K01unattended-upgrades not world writable
2025-09-09 10:09:44 Action: checking symlink for file /etc/rc0.d/K01uuidd
2025-09-09 10:09:44 Note: Using real readlink binary to determine symlink on /etc/rc0.d/K01uuidd
2025-09-09 10:09:44 Result: readlink shows /etc/init.d/uuidd as output
2025-09-09 10:09:44 Result: symlink found, pointing to file /etc/init.d/uuidd
2025-09-09 10:09:44 Result: good, file /etc/rc0.d/K01uuidd not world writable
2025-09-09 10:09:44 Action: checking symlink for file /etc/rc0.d/K01xpra
2025-09-09 10:09:44 Note: Using real readlink binary to determine symlink on /etc/rc0.d/K01xpra
2025-09-09 10:09:44 Result: readlink shows /etc/init.d/xpra as output
2025-09-09 10:09:44 Result: symlink found, pointing to file /etc/init.d/xpra
2025-09-09 10:09:44 Result: good, file /etc/rc0.d/K01xpra not world writable
2025-09-09 10:09:44 Test: Checking /etc/rc1.d scripts for writable bit
2025-09-09 10:09:44 Action: checking symlink for file /etc/rc1.d/K01alsa-utils
2025-09-09 10:09:44 Note: Using real readlink binary to determine symlink on /etc/rc1.d/K01alsa-utils
2025-09-09 10:09:44 Result: readlink shows /etc/init.d/alsa-utils as output
2025-09-09 10:09:44 Result: symlink found, pointing to file /etc/init.d/alsa-utils
2025-09-09 10:09:44 Result: good, file /etc/rc1.d/K01alsa-utils not world writable
2025-09-09 10:09:44 Action: checking symlink for file /etc/rc1.d/K01auditd
2025-09-09 10:09:44 Note: Using real readlink binary to determine symlink on /etc/rc1.d/K01auditd
2025-09-09 10:09:44 Result: readlink shows /etc/init.d/auditd as output
2025-09-09 10:09:44 Result: symlink found, pointing to file /etc/init.d/auditd
2025-09-09 10:09:44 Result: good, file /etc/rc1.d/K01auditd not world writable
2025-09-09 10:09:44 Action: checking symlink for file /etc/rc1.d/K01bluetooth
2025-09-09 10:09:44 Note: Using real readlink binary to determine symlink on /etc/rc1.d/K01bluetooth
2025-09-09 10:09:44 Result: readlink shows /etc/init.d/bluetooth as output
2025-09-09 10:09:44 Result: symlink found, pointing to file /etc/init.d/bluetooth
2025-09-09 10:09:44 Result: good, file /etc/rc1.d/K01bluetooth not world writable
2025-09-09 10:09:44 Action: checking symlink for file /etc/rc1.d/K01clamav-daemon
2025-09-09 10:09:44 Note: Using real readlink binary to determine symlink on /etc/rc1.d/K01clamav-daemon
2025-09-09 10:09:44 Result: readlink shows /etc/init.d/clamav-daemon as output
2025-09-09 10:09:44 Result: symlink found, pointing to file /etc/init.d/clamav-daemon
2025-09-09 10:09:44 Result: good, file /etc/rc1.d/K01clamav-daemon not world writable
2025-09-09 10:09:44 Action: checking symlink for file /etc/rc1.d/K01clamav-freshclam
2025-09-09 10:09:44 Note: Using real readlink binary to determine symlink on /etc/rc1.d/K01clamav-freshclam
2025-09-09 10:09:44 Result: readlink shows /etc/init.d/clamav-freshclam as output
2025-09-09 10:09:44 Result: symlink found, pointing to file /etc/init.d/clamav-freshclam
2025-09-09 10:09:44 Result: good, file /etc/rc1.d/K01clamav-freshclam not world writable
2025-09-09 10:09:44 Action: checking symlink for file /etc/rc1.d/K01cups
2025-09-09 10:09:44 Note: Using real readlink binary to determine symlink on /etc/rc1.d/K01cups
2025-09-09 10:09:44 Result: readlink shows /etc/init.d/cups as output
2025-09-09 10:09:44 Result: symlink found, pointing to file /etc/init.d/cups
2025-09-09 10:09:44 Result: good, file /etc/rc1.d/K01cups not world writable
2025-09-09 10:09:44 Action: checking symlink for file /etc/rc1.d/K01cups-browsed
2025-09-09 10:09:44 Note: Using real readlink binary to determine symlink on /etc/rc1.d/K01cups-browsed
2025-09-09 10:09:44 Result: readlink shows /etc/init.d/cups-browsed as output
2025-09-09 10:09:44 Result: symlink found, pointing to file /etc/init.d/cups-browsed
2025-09-09 10:09:44 Result: good, file /etc/rc1.d/K01cups-browsed not world writable
2025-09-09 10:09:44 Action: checking symlink for file /etc/rc1.d/K01exim4
2025-09-09 10:09:44 Note: Using real readlink binary to determine symlink on /etc/rc1.d/K01exim4
2025-09-09 10:09:44 Result: readlink shows /etc/init.d/exim4 as output
2025-09-09 10:09:44 Result: symlink found, pointing to file /etc/init.d/exim4
2025-09-09 10:09:44 Result: good, file /etc/rc1.d/K01exim4 not world writable
2025-09-09 10:09:44 Action: checking symlink for file /etc/rc1.d/K01fail2ban
2025-09-09 10:09:44 Note: Using real readlink binary to determine symlink on /etc/rc1.d/K01fail2ban
2025-09-09 10:09:44 Result: readlink shows /etc/init.d/fail2ban as output
2025-09-09 10:09:44 Result: symlink found, pointing to file /etc/init.d/fail2ban
2025-09-09 10:09:44 Result: good, file /etc/rc1.d/K01fail2ban not world writable
2025-09-09 10:09:44 Action: checking symlink for file /etc/rc1.d/K01lightdm
2025-09-09 10:09:44 Note: Using real readlink binary to determine symlink on /etc/rc1.d/K01lightdm
2025-09-09 10:09:44 Result: readlink shows /etc/init.d/lightdm as output
2025-09-09 10:09:44 Result: symlink found, pointing to file /etc/init.d/lightdm
2025-09-09 10:09:44 Result: good, file /etc/rc1.d/K01lightdm not world writable
2025-09-09 10:09:44 Action: checking symlink for file /etc/rc1.d/K01mdadm
2025-09-09 10:09:44 Note: Using real readlink binary to determine symlink on /etc/rc1.d/K01mdadm
2025-09-09 10:09:44 Result: readlink shows /etc/init.d/mdadm as output
2025-09-09 10:09:44 Result: symlink found, pointing to file /etc/init.d/mdadm
2025-09-09 10:09:44 Result: good, file /etc/rc1.d/K01mdadm not world writable
2025-09-09 10:09:44 Action: checking symlink for file /etc/rc1.d/K01pulseaudio-enable-autospawn
2025-09-09 10:09:44 Note: Using real readlink binary to determine symlink on /etc/rc1.d/K01pulseaudio-enable-autospawn
2025-09-09 10:09:44 Result: readlink shows /etc/init.d/pulseaudio-enable-autospawn as output
2025-09-09 10:09:44 Result: symlink found, pointing to file /etc/init.d/pulseaudio-enable-autospawn
2025-09-09 10:09:44 Result: good, file /etc/rc1.d/K01pulseaudio-enable-autospawn not world writable
2025-09-09 10:09:44 Action: checking symlink for file /etc/rc1.d/K01saned
2025-09-09 10:09:44 Note: Using real readlink binary to determine symlink on /etc/rc1.d/K01saned
2025-09-09 10:09:44 Result: readlink shows /etc/init.d/saned as output
2025-09-09 10:09:44 Result: symlink found, pointing to file /etc/init.d/saned
2025-09-09 10:09:44 Result: good, file /etc/rc1.d/K01saned not world writable
2025-09-09 10:09:44 Action: checking symlink for file /etc/rc1.d/K01smartmontools
2025-09-09 10:09:44 Note: Using real readlink binary to determine symlink on /etc/rc1.d/K01smartmontools
2025-09-09 10:09:44 Result: readlink shows /etc/init.d/smartmontools as output
2025-09-09 10:09:44 Result: symlink found, pointing to file /etc/init.d/smartmontools
2025-09-09 10:09:44 Result: good, file /etc/rc1.d/K01smartmontools not world writable
2025-09-09 10:09:44 Action: checking symlink for file /etc/rc1.d/K01speech-dispatcher
2025-09-09 10:09:44 Note: Using real readlink binary to determine symlink on /etc/rc1.d/K01speech-dispatcher
2025-09-09 10:09:44 Result: readlink shows /etc/init.d/speech-dispatcher as output
2025-09-09 10:09:44 Result: symlink found, pointing to file /etc/init.d/speech-dispatcher
2025-09-09 10:09:44 Result: good, file /etc/rc1.d/K01speech-dispatcher not world writable
2025-09-09 10:09:44 Action: checking symlink for file /etc/rc1.d/K01spice-vdagent
2025-09-09 10:09:44 Note: Using real readlink binary to determine symlink on /etc/rc1.d/K01spice-vdagent
2025-09-09 10:09:44 Result: readlink shows /etc/init.d/spice-vdagent as output
2025-09-09 10:09:44 Result: symlink found, pointing to file /etc/init.d/spice-vdagent
2025-09-09 10:09:44 Result: good, file /etc/rc1.d/K01spice-vdagent not world writable
2025-09-09 10:09:44 Action: checking symlink for file /etc/rc1.d/K01suricata
2025-09-09 10:09:44 Note: Using real readlink binary to determine symlink on /etc/rc1.d/K01suricata
2025-09-09 10:09:44 Result: readlink shows /etc/init.d/suricata as output
2025-09-09 10:09:44 Result: symlink found, pointing to file /etc/init.d/suricata
2025-09-09 10:09:44 Result: good, file /etc/rc1.d/K01suricata not world writable
2025-09-09 10:09:44 Action: checking symlink for file /etc/rc1.d/K01ufw
2025-09-09 10:09:44 Note: Using real readlink binary to determine symlink on /etc/rc1.d/K01ufw
2025-09-09 10:09:44 Result: readlink shows /etc/init.d/ufw as output
2025-09-09 10:09:44 Result: symlink found, pointing to file /etc/init.d/ufw
2025-09-09 10:09:44 Result: good, file /etc/rc1.d/K01ufw not world writable
2025-09-09 10:09:44 Action: checking symlink for file /etc/rc1.d/K01uuidd
2025-09-09 10:09:44 Note: Using real readlink binary to determine symlink on /etc/rc1.d/K01uuidd
2025-09-09 10:09:44 Result: readlink shows /etc/init.d/uuidd as output
2025-09-09 10:09:44 Result: symlink found, pointing to file /etc/init.d/uuidd
2025-09-09 10:09:44 Result: good, file /etc/rc1.d/K01uuidd not world writable
2025-09-09 10:09:44 Action: checking symlink for file /etc/rc1.d/K01xpra
2025-09-09 10:09:44 Note: Using real readlink binary to determine symlink on /etc/rc1.d/K01xpra
2025-09-09 10:09:44 Result: readlink shows /etc/init.d/xpra as output
2025-09-09 10:09:44 Result: symlink found, pointing to file /etc/init.d/xpra
2025-09-09 10:09:44 Result: good, file /etc/rc1.d/K01xpra not world writable
2025-09-09 10:09:44 Test: Checking /etc/rc2.d scripts for writable bit
2025-09-09 10:09:44 Action: checking symlink for file /etc/rc2.d/K01speech-dispatcher
2025-09-09 10:09:44 Note: Using real readlink binary to determine symlink on /etc/rc2.d/K01speech-dispatcher
2025-09-09 10:09:44 Result: readlink shows /etc/init.d/speech-dispatcher as output
2025-09-09 10:09:44 Result: symlink found, pointing to file /etc/init.d/speech-dispatcher
2025-09-09 10:09:44 Result: good, file /etc/rc2.d/K01speech-dispatcher not world writable
2025-09-09 10:09:44 Action: checking symlink for file /etc/rc2.d/K01xpra
2025-09-09 10:09:44 Note: Using real readlink binary to determine symlink on /etc/rc2.d/K01xpra
2025-09-09 10:09:44 Result: readlink shows /etc/init.d/xpra as output
2025-09-09 10:09:44 Result: symlink found, pointing to file /etc/init.d/xpra
2025-09-09 10:09:44 Result: good, file /etc/rc2.d/K01xpra not world writable
2025-09-09 10:09:44 Action: checking symlink for file /etc/rc2.d/S01anacron
2025-09-09 10:09:44 Note: Using real readlink binary to determine symlink on /etc/rc2.d/S01anacron
2025-09-09 10:09:44 Result: readlink shows /etc/init.d/anacron as output
2025-09-09 10:09:44 Result: symlink found, pointing to file /etc/init.d/anacron
2025-09-09 10:09:44 Result: good, file /etc/rc2.d/S01anacron not world writable
2025-09-09 10:09:44 Action: checking symlink for file /etc/rc2.d/S01auditd
2025-09-09 10:09:44 Note: Using real readlink binary to determine symlink on /etc/rc2.d/S01auditd
2025-09-09 10:09:44 Result: readlink shows /etc/init.d/auditd as output
2025-09-09 10:09:44 Result: symlink found, pointing to file /etc/init.d/auditd
2025-09-09 10:09:44 Result: good, file /etc/rc2.d/S01auditd not world writable
2025-09-09 10:09:44 Action: checking symlink for file /etc/rc2.d/S01bluetooth
2025-09-09 10:09:44 Note: Using real readlink binary to determine symlink on /etc/rc2.d/S01bluetooth
2025-09-09 10:09:44 Result: readlink shows /etc/init.d/bluetooth as output
2025-09-09 10:09:44 Result: symlink found, pointing to file /etc/init.d/bluetooth
2025-09-09 10:09:44 Result: good, file /etc/rc2.d/S01bluetooth not world writable
2025-09-09 10:09:44 Action: checking symlink for file /etc/rc2.d/S01clamav-daemon
2025-09-09 10:09:44 Note: Using real readlink binary to determine symlink on /etc/rc2.d/S01clamav-daemon
2025-09-09 10:09:44 Result: readlink shows /etc/init.d/clamav-daemon as output
2025-09-09 10:09:44 Result: symlink found, pointing to file /etc/init.d/clamav-daemon
2025-09-09 10:09:44 Result: good, file /etc/rc2.d/S01clamav-daemon not world writable
2025-09-09 10:09:44 Action: checking symlink for file /etc/rc2.d/S01clamav-freshclam
2025-09-09 10:09:44 Note: Using real readlink binary to determine symlink on /etc/rc2.d/S01clamav-freshclam
2025-09-09 10:09:44 Result: readlink shows /etc/init.d/clamav-freshclam as output
2025-09-09 10:09:44 Result: symlink found, pointing to file /etc/init.d/clamav-freshclam
2025-09-09 10:09:44 Result: good, file /etc/rc2.d/S01clamav-freshclam not world writable
2025-09-09 10:09:44 Action: checking symlink for file /etc/rc2.d/S01console-setup.sh
2025-09-09 10:09:44 Note: Using real readlink binary to determine symlink on /etc/rc2.d/S01console-setup.sh
2025-09-09 10:09:44 Result: readlink shows /etc/init.d/console-setup.sh as output
2025-09-09 10:09:44 Result: symlink found, pointing to file /etc/init.d/console-setup.sh
2025-09-09 10:09:44 Result: good, file /etc/rc2.d/S01console-setup.sh not world writable
2025-09-09 10:09:44 Action: checking symlink for file /etc/rc2.d/S01cron
2025-09-09 10:09:44 Note: Using real readlink binary to determine symlink on /etc/rc2.d/S01cron
2025-09-09 10:09:44 Result: readlink shows /etc/init.d/cron as output
2025-09-09 10:09:44 Result: symlink found, pointing to file /etc/init.d/cron
2025-09-09 10:09:44 Result: good, file /etc/rc2.d/S01cron not world writable
2025-09-09 10:09:44 Action: checking symlink for file /etc/rc2.d/S01cups
2025-09-09 10:09:44 Note: Using real readlink binary to determine symlink on /etc/rc2.d/S01cups
2025-09-09 10:09:44 Result: readlink shows /etc/init.d/cups as output
2025-09-09 10:09:44 Result: symlink found, pointing to file /etc/init.d/cups
2025-09-09 10:09:44 Result: good, file /etc/rc2.d/S01cups not world writable
2025-09-09 10:09:44 Action: checking symlink for file /etc/rc2.d/S01cups-browsed
2025-09-09 10:09:44 Note: Using real readlink binary to determine symlink on /etc/rc2.d/S01cups-browsed
2025-09-09 10:09:44 Result: readlink shows /etc/init.d/cups-browsed as output
2025-09-09 10:09:44 Result: symlink found, pointing to file /etc/init.d/cups-browsed
2025-09-09 10:09:44 Result: good, file /etc/rc2.d/S01cups-browsed not world writable
2025-09-09 10:09:44 Action: checking symlink for file /etc/rc2.d/S01dbus
2025-09-09 10:09:44 Note: Using real readlink binary to determine symlink on /etc/rc2.d/S01dbus
2025-09-09 10:09:44 Result: readlink shows /etc/init.d/dbus as output
2025-09-09 10:09:44 Result: symlink found, pointing to file /etc/init.d/dbus
2025-09-09 10:09:45 Result: good, file /etc/rc2.d/S01dbus not world writable
2025-09-09 10:09:45 Action: checking symlink for file /etc/rc2.d/S01exim4
2025-09-09 10:09:45 Note: Using real readlink binary to determine symlink on /etc/rc2.d/S01exim4
2025-09-09 10:09:45 Result: readlink shows /etc/init.d/exim4 as output
2025-09-09 10:09:45 Result: symlink found, pointing to file /etc/init.d/exim4
2025-09-09 10:09:45 Result: good, file /etc/rc2.d/S01exim4 not world writable
2025-09-09 10:09:45 Action: checking symlink for file /etc/rc2.d/S01fail2ban
2025-09-09 10:09:45 Note: Using real readlink binary to determine symlink on /etc/rc2.d/S01fail2ban
2025-09-09 10:09:45 Result: readlink shows /etc/init.d/fail2ban as output
2025-09-09 10:09:45 Result: symlink found, pointing to file /etc/init.d/fail2ban
2025-09-09 10:09:45 Result: good, file /etc/rc2.d/S01fail2ban not world writable
2025-09-09 10:09:45 Action: checking symlink for file /etc/rc2.d/S01lightdm
2025-09-09 10:09:45 Note: Using real readlink binary to determine symlink on /etc/rc2.d/S01lightdm
2025-09-09 10:09:45 Result: readlink shows /etc/init.d/lightdm as output
2025-09-09 10:09:45 Result: symlink found, pointing to file /etc/init.d/lightdm
2025-09-09 10:09:45 Result: good, file /etc/rc2.d/S01lightdm not world writable
2025-09-09 10:09:45 Action: checking symlink for file /etc/rc2.d/S01mdadm
2025-09-09 10:09:45 Note: Using real readlink binary to determine symlink on /etc/rc2.d/S01mdadm
2025-09-09 10:09:45 Result: readlink shows /etc/init.d/mdadm as output
2025-09-09 10:09:45 Result: symlink found, pointing to file /etc/init.d/mdadm
2025-09-09 10:09:45 Result: good, file /etc/rc2.d/S01mdadm not world writable
2025-09-09 10:09:45 Action: checking symlink for file /etc/rc2.d/S01plymouth
2025-09-09 10:09:45 Note: Using real readlink binary to determine symlink on /etc/rc2.d/S01plymouth
2025-09-09 10:09:45 Result: readlink shows /etc/init.d/plymouth as output
2025-09-09 10:09:45 Result: symlink found, pointing to file /etc/init.d/plymouth
2025-09-09 10:09:45 Result: good, file /etc/rc2.d/S01plymouth not world writable
2025-09-09 10:09:45 Action: checking symlink for file /etc/rc2.d/S01pulseaudio-enable-autospawn
2025-09-09 10:09:45 Note: Using real readlink binary to determine symlink on /etc/rc2.d/S01pulseaudio-enable-autospawn
2025-09-09 10:09:45 Result: readlink shows /etc/init.d/pulseaudio-enable-autospawn as output
2025-09-09 10:09:45 Result: symlink found, pointing to file /etc/init.d/pulseaudio-enable-autospawn
2025-09-09 10:09:45 Result: good, file /etc/rc2.d/S01pulseaudio-enable-autospawn not world writable
2025-09-09 10:09:45 Action: checking symlink for file /etc/rc2.d/S01rsync
2025-09-09 10:09:45 Note: Using real readlink binary to determine symlink on /etc/rc2.d/S01rsync
2025-09-09 10:09:45 Result: readlink shows /etc/init.d/rsync as output
2025-09-09 10:09:45 Result: symlink found, pointing to file /etc/init.d/rsync
2025-09-09 10:09:45 Result: good, file /etc/rc2.d/S01rsync not world writable
2025-09-09 10:09:45 Action: checking symlink for file /etc/rc2.d/S01saned
2025-09-09 10:09:45 Note: Using real readlink binary to determine symlink on /etc/rc2.d/S01saned
2025-09-09 10:09:45 Result: readlink shows /etc/init.d/saned as output
2025-09-09 10:09:45 Result: symlink found, pointing to file /etc/init.d/saned
2025-09-09 10:09:45 Result: good, file /etc/rc2.d/S01saned not world writable
2025-09-09 10:09:45 Action: checking symlink for file /etc/rc2.d/S01smartmontools
2025-09-09 10:09:45 Note: Using real readlink binary to determine symlink on /etc/rc2.d/S01smartmontools
2025-09-09 10:09:45 Result: readlink shows /etc/init.d/smartmontools as output
2025-09-09 10:09:45 Result: symlink found, pointing to file /etc/init.d/smartmontools
2025-09-09 10:09:45 Result: good, file /etc/rc2.d/S01smartmontools not world writable
2025-09-09 10:09:45 Action: checking symlink for file /etc/rc2.d/S01spice-vdagent
2025-09-09 10:09:45 Note: Using real readlink binary to determine symlink on /etc/rc2.d/S01spice-vdagent
2025-09-09 10:09:45 Result: readlink shows /etc/init.d/spice-vdagent as output
2025-09-09 10:09:45 Result: symlink found, pointing to file /etc/init.d/spice-vdagent
2025-09-09 10:09:45 Result: good, file /etc/rc2.d/S01spice-vdagent not world writable
2025-09-09 10:09:45 Action: checking symlink for file /etc/rc2.d/S01ssh
2025-09-09 10:09:45 Note: Using real readlink binary to determine symlink on /etc/rc2.d/S01ssh
2025-09-09 10:09:45 Result: readlink shows /etc/init.d/ssh as output
2025-09-09 10:09:45 Result: symlink found, pointing to file /etc/init.d/ssh
2025-09-09 10:09:45 Result: good, file /etc/rc2.d/S01ssh not world writable
2025-09-09 10:09:45 Action: checking symlink for file /etc/rc2.d/S01sudo
2025-09-09 10:09:45 Note: Using real readlink binary to determine symlink on /etc/rc2.d/S01sudo
2025-09-09 10:09:45 Result: readlink shows /etc/init.d/sudo as output
2025-09-09 10:09:45 Result: symlink found, pointing to file /etc/init.d/sudo
2025-09-09 10:09:45 Result: good, file /etc/rc2.d/S01sudo not world writable
2025-09-09 10:09:45 Action: checking symlink for file /etc/rc2.d/S01suricata
2025-09-09 10:09:45 Note: Using real readlink binary to determine symlink on /etc/rc2.d/S01suricata
2025-09-09 10:09:45 Result: readlink shows /etc/init.d/suricata as output
2025-09-09 10:09:45 Result: symlink found, pointing to file /etc/init.d/suricata
2025-09-09 10:09:45 Result: good, file /etc/rc2.d/S01suricata not world writable
2025-09-09 10:09:45 Action: checking symlink for file /etc/rc2.d/S01sysstat
2025-09-09 10:09:45 Note: Using real readlink binary to determine symlink on /etc/rc2.d/S01sysstat
2025-09-09 10:09:45 Result: readlink shows /etc/init.d/sysstat as output
2025-09-09 10:09:45 Result: symlink found, pointing to file /etc/init.d/sysstat
2025-09-09 10:09:45 Result: good, file /etc/rc2.d/S01sysstat not world writable
2025-09-09 10:09:45 Action: checking symlink for file /etc/rc2.d/S01unattended-upgrades
2025-09-09 10:09:45 Note: Using real readlink binary to determine symlink on /etc/rc2.d/S01unattended-upgrades
2025-09-09 10:09:45 Result: readlink shows /etc/init.d/unattended-upgrades as output
2025-09-09 10:09:45 Result: symlink found, pointing to file /etc/init.d/unattended-upgrades
2025-09-09 10:09:45 Result: good, file /etc/rc2.d/S01unattended-upgrades not world writable
2025-09-09 10:09:45 Action: checking symlink for file /etc/rc2.d/S01uuidd
2025-09-09 10:09:45 Note: Using real readlink binary to determine symlink on /etc/rc2.d/S01uuidd
2025-09-09 10:09:45 Result: readlink shows /etc/init.d/uuidd as output
2025-09-09 10:09:45 Result: symlink found, pointing to file /etc/init.d/uuidd
2025-09-09 10:09:45 Result: good, file /etc/rc2.d/S01uuidd not world writable
2025-09-09 10:09:45 Test: Checking /etc/rc3.d scripts for writable bit
2025-09-09 10:09:45 Action: checking symlink for file /etc/rc3.d/K01speech-dispatcher
2025-09-09 10:09:45 Note: Using real readlink binary to determine symlink on /etc/rc3.d/K01speech-dispatcher
2025-09-09 10:09:45 Result: readlink shows /etc/init.d/speech-dispatcher as output
2025-09-09 10:09:45 Result: symlink found, pointing to file /etc/init.d/speech-dispatcher
2025-09-09 10:09:45 Result: good, file /etc/rc3.d/K01speech-dispatcher not world writable
2025-09-09 10:09:45 Action: checking symlink for file /etc/rc3.d/K01xpra
2025-09-09 10:09:45 Note: Using real readlink binary to determine symlink on /etc/rc3.d/K01xpra
2025-09-09 10:09:45 Result: readlink shows /etc/init.d/xpra as output
2025-09-09 10:09:45 Result: symlink found, pointing to file /etc/init.d/xpra
2025-09-09 10:09:45 Result: good, file /etc/rc3.d/K01xpra not world writable
2025-09-09 10:09:45 Action: checking symlink for file /etc/rc3.d/S01anacron
2025-09-09 10:09:45 Note: Using real readlink binary to determine symlink on /etc/rc3.d/S01anacron
2025-09-09 10:09:45 Result: readlink shows /etc/init.d/anacron as output
2025-09-09 10:09:45 Result: symlink found, pointing to file /etc/init.d/anacron
2025-09-09 10:09:45 Result: good, file /etc/rc3.d/S01anacron not world writable
2025-09-09 10:09:45 Action: checking symlink for file /etc/rc3.d/S01auditd
2025-09-09 10:09:45 Note: Using real readlink binary to determine symlink on /etc/rc3.d/S01auditd
2025-09-09 10:09:45 Result: readlink shows /etc/init.d/auditd as output
2025-09-09 10:09:45 Result: symlink found, pointing to file /etc/init.d/auditd
2025-09-09 10:09:45 Result: good, file /etc/rc3.d/S01auditd not world writable
2025-09-09 10:09:45 Action: checking symlink for file /etc/rc3.d/S01bluetooth
2025-09-09 10:09:45 Note: Using real readlink binary to determine symlink on /etc/rc3.d/S01bluetooth
2025-09-09 10:09:45 Result: readlink shows /etc/init.d/bluetooth as output
2025-09-09 10:09:45 Result: symlink found, pointing to file /etc/init.d/bluetooth
2025-09-09 10:09:45 Result: good, file /etc/rc3.d/S01bluetooth not world writable
2025-09-09 10:09:45 Action: checking symlink for file /etc/rc3.d/S01clamav-daemon
2025-09-09 10:09:45 Note: Using real readlink binary to determine symlink on /etc/rc3.d/S01clamav-daemon
2025-09-09 10:09:45 Result: readlink shows /etc/init.d/clamav-daemon as output
2025-09-09 10:09:45 Result: symlink found, pointing to file /etc/init.d/clamav-daemon
2025-09-09 10:09:45 Result: good, file /etc/rc3.d/S01clamav-daemon not world writable
2025-09-09 10:09:45 Action: checking symlink for file /etc/rc3.d/S01clamav-freshclam
2025-09-09 10:09:45 Note: Using real readlink binary to determine symlink on /etc/rc3.d/S01clamav-freshclam
2025-09-09 10:09:45 Result: readlink shows /etc/init.d/clamav-freshclam as output
2025-09-09 10:09:45 Result: symlink found, pointing to file /etc/init.d/clamav-freshclam
2025-09-09 10:09:45 Result: good, file /etc/rc3.d/S01clamav-freshclam not world writable
2025-09-09 10:09:45 Action: checking symlink for file /etc/rc3.d/S01console-setup.sh
2025-09-09 10:09:45 Note: Using real readlink binary to determine symlink on /etc/rc3.d/S01console-setup.sh
2025-09-09 10:09:45 Result: readlink shows /etc/init.d/console-setup.sh as output
2025-09-09 10:09:45 Result: symlink found, pointing to file /etc/init.d/console-setup.sh
2025-09-09 10:09:45 Result: good, file /etc/rc3.d/S01console-setup.sh not world writable
2025-09-09 10:09:45 Action: checking symlink for file /etc/rc3.d/S01cron
2025-09-09 10:09:45 Note: Using real readlink binary to determine symlink on /etc/rc3.d/S01cron
2025-09-09 10:09:45 Result: readlink shows /etc/init.d/cron as output
2025-09-09 10:09:45 Result: symlink found, pointing to file /etc/init.d/cron
2025-09-09 10:09:45 Result: good, file /etc/rc3.d/S01cron not world writable
2025-09-09 10:09:45 Action: checking symlink for file /etc/rc3.d/S01cups
2025-09-09 10:09:45 Note: Using real readlink binary to determine symlink on /etc/rc3.d/S01cups
2025-09-09 10:09:45 Result: readlink shows /etc/init.d/cups as output
2025-09-09 10:09:45 Result: symlink found, pointing to file /etc/init.d/cups
2025-09-09 10:09:45 Result: good, file /etc/rc3.d/S01cups not world writable
2025-09-09 10:09:45 Action: checking symlink for file /etc/rc3.d/S01cups-browsed
2025-09-09 10:09:45 Note: Using real readlink binary to determine symlink on /etc/rc3.d/S01cups-browsed
2025-09-09 10:09:45 Result: readlink shows /etc/init.d/cups-browsed as output
2025-09-09 10:09:45 Result: symlink found, pointing to file /etc/init.d/cups-browsed
2025-09-09 10:09:45 Result: good, file /etc/rc3.d/S01cups-browsed not world writable
2025-09-09 10:09:45 Action: checking symlink for file /etc/rc3.d/S01dbus
2025-09-09 10:09:45 Note: Using real readlink binary to determine symlink on /etc/rc3.d/S01dbus
2025-09-09 10:09:45 Result: readlink shows /etc/init.d/dbus as output
2025-09-09 10:09:45 Result: symlink found, pointing to file /etc/init.d/dbus
2025-09-09 10:09:45 Result: good, file /etc/rc3.d/S01dbus not world writable
2025-09-09 10:09:45 Action: checking symlink for file /etc/rc3.d/S01exim4
2025-09-09 10:09:45 Note: Using real readlink binary to determine symlink on /etc/rc3.d/S01exim4
2025-09-09 10:09:45 Result: readlink shows /etc/init.d/exim4 as output
2025-09-09 10:09:45 Result: symlink found, pointing to file /etc/init.d/exim4
2025-09-09 10:09:45 Result: good, file /etc/rc3.d/S01exim4 not world writable
2025-09-09 10:09:45 Action: checking symlink for file /etc/rc3.d/S01fail2ban
2025-09-09 10:09:45 Note: Using real readlink binary to determine symlink on /etc/rc3.d/S01fail2ban
2025-09-09 10:09:45 Result: readlink shows /etc/init.d/fail2ban as output
2025-09-09 10:09:45 Result: symlink found, pointing to file /etc/init.d/fail2ban
2025-09-09 10:09:45 Result: good, file /etc/rc3.d/S01fail2ban not world writable
2025-09-09 10:09:45 Action: checking symlink for file /etc/rc3.d/S01lightdm
2025-09-09 10:09:45 Note: Using real readlink binary to determine symlink on /etc/rc3.d/S01lightdm
2025-09-09 10:09:45 Result: readlink shows /etc/init.d/lightdm as output
2025-09-09 10:09:45 Result: symlink found, pointing to file /etc/init.d/lightdm
2025-09-09 10:09:45 Result: good, file /etc/rc3.d/S01lightdm not world writable
2025-09-09 10:09:45 Action: checking symlink for file /etc/rc3.d/S01mdadm
2025-09-09 10:09:45 Note: Using real readlink binary to determine symlink on /etc/rc3.d/S01mdadm
2025-09-09 10:09:45 Result: readlink shows /etc/init.d/mdadm as output
2025-09-09 10:09:45 Result: symlink found, pointing to file /etc/init.d/mdadm
2025-09-09 10:09:45 Result: good, file /etc/rc3.d/S01mdadm not world writable
2025-09-09 10:09:45 Action: checking symlink for file /etc/rc3.d/S01plymouth
2025-09-09 10:09:45 Note: Using real readlink binary to determine symlink on /etc/rc3.d/S01plymouth
2025-09-09 10:09:45 Result: readlink shows /etc/init.d/plymouth as output
2025-09-09 10:09:45 Result: symlink found, pointing to file /etc/init.d/plymouth
2025-09-09 10:09:45 Result: good, file /etc/rc3.d/S01plymouth not world writable
2025-09-09 10:09:45 Action: checking symlink for file /etc/rc3.d/S01pulseaudio-enable-autospawn
2025-09-09 10:09:45 Note: Using real readlink binary to determine symlink on /etc/rc3.d/S01pulseaudio-enable-autospawn
2025-09-09 10:09:45 Result: readlink shows /etc/init.d/pulseaudio-enable-autospawn as output
2025-09-09 10:09:45 Result: symlink found, pointing to file /etc/init.d/pulseaudio-enable-autospawn
2025-09-09 10:09:45 Result: good, file /etc/rc3.d/S01pulseaudio-enable-autospawn not world writable
2025-09-09 10:09:45 Action: checking symlink for file /etc/rc3.d/S01rsync
2025-09-09 10:09:45 Note: Using real readlink binary to determine symlink on /etc/rc3.d/S01rsync
2025-09-09 10:09:45 Result: readlink shows /etc/init.d/rsync as output
2025-09-09 10:09:45 Result: symlink found, pointing to file /etc/init.d/rsync
2025-09-09 10:09:45 Result: good, file /etc/rc3.d/S01rsync not world writable
2025-09-09 10:09:45 Action: checking symlink for file /etc/rc3.d/S01saned
2025-09-09 10:09:45 Note: Using real readlink binary to determine symlink on /etc/rc3.d/S01saned
2025-09-09 10:09:45 Result: readlink shows /etc/init.d/saned as output
2025-09-09 10:09:45 Result: symlink found, pointing to file /etc/init.d/saned
2025-09-09 10:09:45 Result: good, file /etc/rc3.d/S01saned not world writable
2025-09-09 10:09:45 Action: checking symlink for file /etc/rc3.d/S01smartmontools
2025-09-09 10:09:45 Note: Using real readlink binary to determine symlink on /etc/rc3.d/S01smartmontools
2025-09-09 10:09:45 Result: readlink shows /etc/init.d/smartmontools as output
2025-09-09 10:09:45 Result: symlink found, pointing to file /etc/init.d/smartmontools
2025-09-09 10:09:45 Result: good, file /etc/rc3.d/S01smartmontools not world writable
2025-09-09 10:09:45 Action: checking symlink for file /etc/rc3.d/S01spice-vdagent
2025-09-09 10:09:45 Note: Using real readlink binary to determine symlink on /etc/rc3.d/S01spice-vdagent
2025-09-09 10:09:45 Result: readlink shows /etc/init.d/spice-vdagent as output
2025-09-09 10:09:45 Result: symlink found, pointing to file /etc/init.d/spice-vdagent
2025-09-09 10:09:45 Result: good, file /etc/rc3.d/S01spice-vdagent not world writable
2025-09-09 10:09:45 Action: checking symlink for file /etc/rc3.d/S01ssh
2025-09-09 10:09:45 Note: Using real readlink binary to determine symlink on /etc/rc3.d/S01ssh
2025-09-09 10:09:45 Result: readlink shows /etc/init.d/ssh as output
2025-09-09 10:09:45 Result: symlink found, pointing to file /etc/init.d/ssh
2025-09-09 10:09:45 Result: good, file /etc/rc3.d/S01ssh not world writable
2025-09-09 10:09:45 Action: checking symlink for file /etc/rc3.d/S01sudo
2025-09-09 10:09:45 Note: Using real readlink binary to determine symlink on /etc/rc3.d/S01sudo
2025-09-09 10:09:45 Result: readlink shows /etc/init.d/sudo as output
2025-09-09 10:09:45 Result: symlink found, pointing to file /etc/init.d/sudo
2025-09-09 10:09:45 Result: good, file /etc/rc3.d/S01sudo not world writable
2025-09-09 10:09:45 Action: checking symlink for file /etc/rc3.d/S01suricata
2025-09-09 10:09:45 Note: Using real readlink binary to determine symlink on /etc/rc3.d/S01suricata
2025-09-09 10:09:45 Result: readlink shows /etc/init.d/suricata as output
2025-09-09 10:09:45 Result: symlink found, pointing to file /etc/init.d/suricata
2025-09-09 10:09:45 Result: good, file /etc/rc3.d/S01suricata not world writable
2025-09-09 10:09:45 Action: checking symlink for file /etc/rc3.d/S01sysstat
2025-09-09 10:09:45 Note: Using real readlink binary to determine symlink on /etc/rc3.d/S01sysstat
2025-09-09 10:09:45 Result: readlink shows /etc/init.d/sysstat as output
2025-09-09 10:09:45 Result: symlink found, pointing to file /etc/init.d/sysstat
2025-09-09 10:09:45 Result: good, file /etc/rc3.d/S01sysstat not world writable
2025-09-09 10:09:45 Action: checking symlink for file /etc/rc3.d/S01unattended-upgrades
2025-09-09 10:09:45 Note: Using real readlink binary to determine symlink on /etc/rc3.d/S01unattended-upgrades
2025-09-09 10:09:45 Result: readlink shows /etc/init.d/unattended-upgrades as output
2025-09-09 10:09:45 Result: symlink found, pointing to file /etc/init.d/unattended-upgrades
2025-09-09 10:09:45 Result: good, file /etc/rc3.d/S01unattended-upgrades not world writable
2025-09-09 10:09:45 Action: checking symlink for file /etc/rc3.d/S01uuidd
2025-09-09 10:09:45 Note: Using real readlink binary to determine symlink on /etc/rc3.d/S01uuidd
2025-09-09 10:09:45 Result: readlink shows /etc/init.d/uuidd as output
2025-09-09 10:09:45 Result: symlink found, pointing to file /etc/init.d/uuidd
2025-09-09 10:09:45 Result: good, file /etc/rc3.d/S01uuidd not world writable
2025-09-09 10:09:45 Test: Checking /etc/rc4.d scripts for writable bit
2025-09-09 10:09:45 Action: checking symlink for file /etc/rc4.d/K01speech-dispatcher
2025-09-09 10:09:45 Note: Using real readlink binary to determine symlink on /etc/rc4.d/K01speech-dispatcher
2025-09-09 10:09:45 Result: readlink shows /etc/init.d/speech-dispatcher as output
2025-09-09 10:09:45 Result: symlink found, pointing to file /etc/init.d/speech-dispatcher
2025-09-09 10:09:45 Result: good, file /etc/rc4.d/K01speech-dispatcher not world writable
2025-09-09 10:09:45 Action: checking symlink for file /etc/rc4.d/K01xpra
2025-09-09 10:09:45 Note: Using real readlink binary to determine symlink on /etc/rc4.d/K01xpra
2025-09-09 10:09:45 Result: readlink shows /etc/init.d/xpra as output
2025-09-09 10:09:45 Result: symlink found, pointing to file /etc/init.d/xpra
2025-09-09 10:09:45 Result: good, file /etc/rc4.d/K01xpra not world writable
2025-09-09 10:09:45 Action: checking symlink for file /etc/rc4.d/S01anacron
2025-09-09 10:09:45 Note: Using real readlink binary to determine symlink on /etc/rc4.d/S01anacron
2025-09-09 10:09:45 Result: readlink shows /etc/init.d/anacron as output
2025-09-09 10:09:45 Result: symlink found, pointing to file /etc/init.d/anacron
2025-09-09 10:09:45 Result: good, file /etc/rc4.d/S01anacron not world writable
2025-09-09 10:09:45 Action: checking symlink for file /etc/rc4.d/S01auditd
2025-09-09 10:09:45 Note: Using real readlink binary to determine symlink on /etc/rc4.d/S01auditd
2025-09-09 10:09:45 Result: readlink shows /etc/init.d/auditd as output
2025-09-09 10:09:45 Result: symlink found, pointing to file /etc/init.d/auditd
2025-09-09 10:09:45 Result: good, file /etc/rc4.d/S01auditd not world writable
2025-09-09 10:09:45 Action: checking symlink for file /etc/rc4.d/S01bluetooth
2025-09-09 10:09:45 Note: Using real readlink binary to determine symlink on /etc/rc4.d/S01bluetooth
2025-09-09 10:09:45 Result: readlink shows /etc/init.d/bluetooth as output
2025-09-09 10:09:45 Result: symlink found, pointing to file /etc/init.d/bluetooth
2025-09-09 10:09:45 Result: good, file /etc/rc4.d/S01bluetooth not world writable
2025-09-09 10:09:45 Action: checking symlink for file /etc/rc4.d/S01clamav-daemon
2025-09-09 10:09:45 Note: Using real readlink binary to determine symlink on /etc/rc4.d/S01clamav-daemon
2025-09-09 10:09:45 Result: readlink shows /etc/init.d/clamav-daemon as output
2025-09-09 10:09:45 Result: symlink found, pointing to file /etc/init.d/clamav-daemon
2025-09-09 10:09:45 Result: good, file /etc/rc4.d/S01clamav-daemon not world writable
2025-09-09 10:09:45 Action: checking symlink for file /etc/rc4.d/S01clamav-freshclam
2025-09-09 10:09:45 Note: Using real readlink binary to determine symlink on /etc/rc4.d/S01clamav-freshclam
2025-09-09 10:09:45 Result: readlink shows /etc/init.d/clamav-freshclam as output
2025-09-09 10:09:45 Result: symlink found, pointing to file /etc/init.d/clamav-freshclam
2025-09-09 10:09:45 Result: good, file /etc/rc4.d/S01clamav-freshclam not world writable
2025-09-09 10:09:45 Action: checking symlink for file /etc/rc4.d/S01console-setup.sh
2025-09-09 10:09:45 Note: Using real readlink binary to determine symlink on /etc/rc4.d/S01console-setup.sh
2025-09-09 10:09:45 Result: readlink shows /etc/init.d/console-setup.sh as output
2025-09-09 10:09:45 Result: symlink found, pointing to file /etc/init.d/console-setup.sh
2025-09-09 10:09:45 Result: good, file /etc/rc4.d/S01console-setup.sh not world writable
2025-09-09 10:09:45 Action: checking symlink for file /etc/rc4.d/S01cron
2025-09-09 10:09:45 Note: Using real readlink binary to determine symlink on /etc/rc4.d/S01cron
2025-09-09 10:09:45 Result: readlink shows /etc/init.d/cron as output
2025-09-09 10:09:45 Result: symlink found, pointing to file /etc/init.d/cron
2025-09-09 10:09:45 Result: good, file /etc/rc4.d/S01cron not world writable
2025-09-09 10:09:45 Action: checking symlink for file /etc/rc4.d/S01cups
2025-09-09 10:09:45 Note: Using real readlink binary to determine symlink on /etc/rc4.d/S01cups
2025-09-09 10:09:45 Result: readlink shows /etc/init.d/cups as output
2025-09-09 10:09:45 Result: symlink found, pointing to file /etc/init.d/cups
2025-09-09 10:09:45 Result: good, file /etc/rc4.d/S01cups not world writable
2025-09-09 10:09:45 Action: checking symlink for file /etc/rc4.d/S01cups-browsed
2025-09-09 10:09:45 Note: Using real readlink binary to determine symlink on /etc/rc4.d/S01cups-browsed
2025-09-09 10:09:45 Result: readlink shows /etc/init.d/cups-browsed as output
2025-09-09 10:09:45 Result: symlink found, pointing to file /etc/init.d/cups-browsed
2025-09-09 10:09:45 Result: good, file /etc/rc4.d/S01cups-browsed not world writable
2025-09-09 10:09:45 Action: checking symlink for file /etc/rc4.d/S01dbus
2025-09-09 10:09:45 Note: Using real readlink binary to determine symlink on /etc/rc4.d/S01dbus
2025-09-09 10:09:45 Result: readlink shows /etc/init.d/dbus as output
2025-09-09 10:09:45 Result: symlink found, pointing to file /etc/init.d/dbus
2025-09-09 10:09:45 Result: good, file /etc/rc4.d/S01dbus not world writable
2025-09-09 10:09:45 Action: checking symlink for file /etc/rc4.d/S01exim4
2025-09-09 10:09:45 Note: Using real readlink binary to determine symlink on /etc/rc4.d/S01exim4
2025-09-09 10:09:45 Result: readlink shows /etc/init.d/exim4 as output
2025-09-09 10:09:45 Result: symlink found, pointing to file /etc/init.d/exim4
2025-09-09 10:09:45 Result: good, file /etc/rc4.d/S01exim4 not world writable
2025-09-09 10:09:45 Action: checking symlink for file /etc/rc4.d/S01fail2ban
2025-09-09 10:09:45 Note: Using real readlink binary to determine symlink on /etc/rc4.d/S01fail2ban
2025-09-09 10:09:45 Result: readlink shows /etc/init.d/fail2ban as output
2025-09-09 10:09:45 Result: symlink found, pointing to file /etc/init.d/fail2ban
2025-09-09 10:09:45 Result: good, file /etc/rc4.d/S01fail2ban not world writable
2025-09-09 10:09:45 Action: checking symlink for file /etc/rc4.d/S01lightdm
2025-09-09 10:09:45 Note: Using real readlink binary to determine symlink on /etc/rc4.d/S01lightdm
2025-09-09 10:09:45 Result: readlink shows /etc/init.d/lightdm as output
2025-09-09 10:09:45 Result: symlink found, pointing to file /etc/init.d/lightdm
2025-09-09 10:09:45 Result: good, file /etc/rc4.d/S01lightdm not world writable
2025-09-09 10:09:45 Action: checking symlink for file /etc/rc4.d/S01mdadm
2025-09-09 10:09:45 Note: Using real readlink binary to determine symlink on /etc/rc4.d/S01mdadm
2025-09-09 10:09:45 Result: readlink shows /etc/init.d/mdadm as output
2025-09-09 10:09:45 Result: symlink found, pointing to file /etc/init.d/mdadm
2025-09-09 10:09:45 Result: good, file /etc/rc4.d/S01mdadm not world writable
2025-09-09 10:09:45 Action: checking symlink for file /etc/rc4.d/S01plymouth
2025-09-09 10:09:45 Note: Using real readlink binary to determine symlink on /etc/rc4.d/S01plymouth
2025-09-09 10:09:45 Result: readlink shows /etc/init.d/plymouth as output
2025-09-09 10:09:45 Result: symlink found, pointing to file /etc/init.d/plymouth
2025-09-09 10:09:45 Result: good, file /etc/rc4.d/S01plymouth not world writable
2025-09-09 10:09:45 Action: checking symlink for file /etc/rc4.d/S01pulseaudio-enable-autospawn
2025-09-09 10:09:45 Note: Using real readlink binary to determine symlink on /etc/rc4.d/S01pulseaudio-enable-autospawn
2025-09-09 10:09:45 Result: readlink shows /etc/init.d/pulseaudio-enable-autospawn as output
2025-09-09 10:09:45 Result: symlink found, pointing to file /etc/init.d/pulseaudio-enable-autospawn
2025-09-09 10:09:45 Result: good, file /etc/rc4.d/S01pulseaudio-enable-autospawn not world writable
2025-09-09 10:09:45 Action: checking symlink for file /etc/rc4.d/S01rsync
2025-09-09 10:09:45 Note: Using real readlink binary to determine symlink on /etc/rc4.d/S01rsync
2025-09-09 10:09:45 Result: readlink shows /etc/init.d/rsync as output
2025-09-09 10:09:45 Result: symlink found, pointing to file /etc/init.d/rsync
2025-09-09 10:09:45 Result: good, file /etc/rc4.d/S01rsync not world writable
2025-09-09 10:09:45 Action: checking symlink for file /etc/rc4.d/S01saned
2025-09-09 10:09:45 Note: Using real readlink binary to determine symlink on /etc/rc4.d/S01saned
2025-09-09 10:09:45 Result: readlink shows /etc/init.d/saned as output
2025-09-09 10:09:45 Result: symlink found, pointing to file /etc/init.d/saned
2025-09-09 10:09:45 Result: good, file /etc/rc4.d/S01saned not world writable
2025-09-09 10:09:45 Action: checking symlink for file /etc/rc4.d/S01smartmontools
2025-09-09 10:09:45 Note: Using real readlink binary to determine symlink on /etc/rc4.d/S01smartmontools
2025-09-09 10:09:45 Result: readlink shows /etc/init.d/smartmontools as output
2025-09-09 10:09:45 Result: symlink found, pointing to file /etc/init.d/smartmontools
2025-09-09 10:09:45 Result: good, file /etc/rc4.d/S01smartmontools not world writable
2025-09-09 10:09:45 Action: checking symlink for file /etc/rc4.d/S01spice-vdagent
2025-09-09 10:09:45 Note: Using real readlink binary to determine symlink on /etc/rc4.d/S01spice-vdagent
2025-09-09 10:09:45 Result: readlink shows /etc/init.d/spice-vdagent as output
2025-09-09 10:09:45 Result: symlink found, pointing to file /etc/init.d/spice-vdagent
2025-09-09 10:09:45 Result: good, file /etc/rc4.d/S01spice-vdagent not world writable
2025-09-09 10:09:45 Action: checking symlink for file /etc/rc4.d/S01ssh
2025-09-09 10:09:45 Note: Using real readlink binary to determine symlink on /etc/rc4.d/S01ssh
2025-09-09 10:09:45 Result: readlink shows /etc/init.d/ssh as output
2025-09-09 10:09:45 Result: symlink found, pointing to file /etc/init.d/ssh
2025-09-09 10:09:45 Result: good, file /etc/rc4.d/S01ssh not world writable
2025-09-09 10:09:45 Action: checking symlink for file /etc/rc4.d/S01sudo
2025-09-09 10:09:45 Note: Using real readlink binary to determine symlink on /etc/rc4.d/S01sudo
2025-09-09 10:09:45 Result: readlink shows /etc/init.d/sudo as output
2025-09-09 10:09:45 Result: symlink found, pointing to file /etc/init.d/sudo
2025-09-09 10:09:45 Result: good, file /etc/rc4.d/S01sudo not world writable
2025-09-09 10:09:45 Action: checking symlink for file /etc/rc4.d/S01suricata
2025-09-09 10:09:45 Note: Using real readlink binary to determine symlink on /etc/rc4.d/S01suricata
2025-09-09 10:09:45 Result: readlink shows /etc/init.d/suricata as output
2025-09-09 10:09:45 Result: symlink found, pointing to file /etc/init.d/suricata
2025-09-09 10:09:45 Result: good, file /etc/rc4.d/S01suricata not world writable
2025-09-09 10:09:45 Action: checking symlink for file /etc/rc4.d/S01sysstat
2025-09-09 10:09:45 Note: Using real readlink binary to determine symlink on /etc/rc4.d/S01sysstat
2025-09-09 10:09:45 Result: readlink shows /etc/init.d/sysstat as output
2025-09-09 10:09:45 Result: symlink found, pointing to file /etc/init.d/sysstat
2025-09-09 10:09:45 Result: good, file /etc/rc4.d/S01sysstat not world writable
2025-09-09 10:09:45 Action: checking symlink for file /etc/rc4.d/S01unattended-upgrades
2025-09-09 10:09:45 Note: Using real readlink binary to determine symlink on /etc/rc4.d/S01unattended-upgrades
2025-09-09 10:09:45 Result: readlink shows /etc/init.d/unattended-upgrades as output
2025-09-09 10:09:45 Result: symlink found, pointing to file /etc/init.d/unattended-upgrades
2025-09-09 10:09:45 Result: good, file /etc/rc4.d/S01unattended-upgrades not world writable
2025-09-09 10:09:45 Action: checking symlink for file /etc/rc4.d/S01uuidd
2025-09-09 10:09:45 Note: Using real readlink binary to determine symlink on /etc/rc4.d/S01uuidd
2025-09-09 10:09:45 Result: readlink shows /etc/init.d/uuidd as output
2025-09-09 10:09:45 Result: symlink found, pointing to file /etc/init.d/uuidd
2025-09-09 10:09:45 Result: good, file /etc/rc4.d/S01uuidd not world writable
2025-09-09 10:09:45 Test: Checking /etc/rc5.d scripts for writable bit
2025-09-09 10:09:45 Action: checking symlink for file /etc/rc5.d/K01speech-dispatcher
2025-09-09 10:09:45 Note: Using real readlink binary to determine symlink on /etc/rc5.d/K01speech-dispatcher
2025-09-09 10:09:45 Result: readlink shows /etc/init.d/speech-dispatcher as output
2025-09-09 10:09:45 Result: symlink found, pointing to file /etc/init.d/speech-dispatcher
2025-09-09 10:09:45 Result: good, file /etc/rc5.d/K01speech-dispatcher not world writable
2025-09-09 10:09:45 Action: checking symlink for file /etc/rc5.d/K01xpra
2025-09-09 10:09:45 Note: Using real readlink binary to determine symlink on /etc/rc5.d/K01xpra
2025-09-09 10:09:45 Result: readlink shows /etc/init.d/xpra as output
2025-09-09 10:09:45 Result: symlink found, pointing to file /etc/init.d/xpra
2025-09-09 10:09:45 Result: good, file /etc/rc5.d/K01xpra not world writable
2025-09-09 10:09:45 Action: checking symlink for file /etc/rc5.d/S01anacron
2025-09-09 10:09:45 Note: Using real readlink binary to determine symlink on /etc/rc5.d/S01anacron
2025-09-09 10:09:45 Result: readlink shows /etc/init.d/anacron as output
2025-09-09 10:09:45 Result: symlink found, pointing to file /etc/init.d/anacron
2025-09-09 10:09:45 Result: good, file /etc/rc5.d/S01anacron not world writable
2025-09-09 10:09:45 Action: checking symlink for file /etc/rc5.d/S01auditd
2025-09-09 10:09:45 Note: Using real readlink binary to determine symlink on /etc/rc5.d/S01auditd
2025-09-09 10:09:45 Result: readlink shows /etc/init.d/auditd as output
2025-09-09 10:09:45 Result: symlink found, pointing to file /etc/init.d/auditd
2025-09-09 10:09:45 Result: good, file /etc/rc5.d/S01auditd not world writable
2025-09-09 10:09:45 Action: checking symlink for file /etc/rc5.d/S01bluetooth
2025-09-09 10:09:45 Note: Using real readlink binary to determine symlink on /etc/rc5.d/S01bluetooth
2025-09-09 10:09:45 Result: readlink shows /etc/init.d/bluetooth as output
2025-09-09 10:09:45 Result: symlink found, pointing to file /etc/init.d/bluetooth
2025-09-09 10:09:45 Result: good, file /etc/rc5.d/S01bluetooth not world writable
2025-09-09 10:09:45 Action: checking symlink for file /etc/rc5.d/S01clamav-daemon
2025-09-09 10:09:45 Note: Using real readlink binary to determine symlink on /etc/rc5.d/S01clamav-daemon
2025-09-09 10:09:45 Result: readlink shows /etc/init.d/clamav-daemon as output
2025-09-09 10:09:45 Result: symlink found, pointing to file /etc/init.d/clamav-daemon
2025-09-09 10:09:45 Result: good, file /etc/rc5.d/S01clamav-daemon not world writable
2025-09-09 10:09:45 Action: checking symlink for file /etc/rc5.d/S01clamav-freshclam
2025-09-09 10:09:45 Note: Using real readlink binary to determine symlink on /etc/rc5.d/S01clamav-freshclam
2025-09-09 10:09:45 Result: readlink shows /etc/init.d/clamav-freshclam as output
2025-09-09 10:09:45 Result: symlink found, pointing to file /etc/init.d/clamav-freshclam
2025-09-09 10:09:45 Result: good, file /etc/rc5.d/S01clamav-freshclam not world writable
2025-09-09 10:09:45 Action: checking symlink for file /etc/rc5.d/S01console-setup.sh
2025-09-09 10:09:45 Note: Using real readlink binary to determine symlink on /etc/rc5.d/S01console-setup.sh
2025-09-09 10:09:45 Result: readlink shows /etc/init.d/console-setup.sh as output
2025-09-09 10:09:45 Result: symlink found, pointing to file /etc/init.d/console-setup.sh
2025-09-09 10:09:45 Result: good, file /etc/rc5.d/S01console-setup.sh not world writable
2025-09-09 10:09:45 Action: checking symlink for file /etc/rc5.d/S01cron
2025-09-09 10:09:45 Note: Using real readlink binary to determine symlink on /etc/rc5.d/S01cron
2025-09-09 10:09:45 Result: readlink shows /etc/init.d/cron as output
2025-09-09 10:09:45 Result: symlink found, pointing to file /etc/init.d/cron
2025-09-09 10:09:45 Result: good, file /etc/rc5.d/S01cron not world writable
2025-09-09 10:09:45 Action: checking symlink for file /etc/rc5.d/S01cups
2025-09-09 10:09:45 Note: Using real readlink binary to determine symlink on /etc/rc5.d/S01cups
2025-09-09 10:09:45 Result: readlink shows /etc/init.d/cups as output
2025-09-09 10:09:45 Result: symlink found, pointing to file /etc/init.d/cups
2025-09-09 10:09:45 Result: good, file /etc/rc5.d/S01cups not world writable
2025-09-09 10:09:45 Action: checking symlink for file /etc/rc5.d/S01cups-browsed
2025-09-09 10:09:45 Note: Using real readlink binary to determine symlink on /etc/rc5.d/S01cups-browsed
2025-09-09 10:09:45 Result: readlink shows /etc/init.d/cups-browsed as output
2025-09-09 10:09:45 Result: symlink found, pointing to file /etc/init.d/cups-browsed
2025-09-09 10:09:45 Result: good, file /etc/rc5.d/S01cups-browsed not world writable
2025-09-09 10:09:45 Action: checking symlink for file /etc/rc5.d/S01dbus
2025-09-09 10:09:45 Note: Using real readlink binary to determine symlink on /etc/rc5.d/S01dbus
2025-09-09 10:09:45 Result: readlink shows /etc/init.d/dbus as output
2025-09-09 10:09:45 Result: symlink found, pointing to file /etc/init.d/dbus
2025-09-09 10:09:45 Result: good, file /etc/rc5.d/S01dbus not world writable
2025-09-09 10:09:45 Action: checking symlink for file /etc/rc5.d/S01exim4
2025-09-09 10:09:45 Note: Using real readlink binary to determine symlink on /etc/rc5.d/S01exim4
2025-09-09 10:09:45 Result: readlink shows /etc/init.d/exim4 as output
2025-09-09 10:09:45 Result: symlink found, pointing to file /etc/init.d/exim4
2025-09-09 10:09:45 Result: good, file /etc/rc5.d/S01exim4 not world writable
2025-09-09 10:09:45 Action: checking symlink for file /etc/rc5.d/S01fail2ban
2025-09-09 10:09:45 Note: Using real readlink binary to determine symlink on /etc/rc5.d/S01fail2ban
2025-09-09 10:09:45 Result: readlink shows /etc/init.d/fail2ban as output
2025-09-09 10:09:45 Result: symlink found, pointing to file /etc/init.d/fail2ban
2025-09-09 10:09:45 Result: good, file /etc/rc5.d/S01fail2ban not world writable
2025-09-09 10:09:45 Action: checking symlink for file /etc/rc5.d/S01lightdm
2025-09-09 10:09:45 Note: Using real readlink binary to determine symlink on /etc/rc5.d/S01lightdm
2025-09-09 10:09:45 Result: readlink shows /etc/init.d/lightdm as output
2025-09-09 10:09:45 Result: symlink found, pointing to file /etc/init.d/lightdm
2025-09-09 10:09:45 Result: good, file /etc/rc5.d/S01lightdm not world writable
2025-09-09 10:09:45 Action: checking symlink for file /etc/rc5.d/S01mdadm
2025-09-09 10:09:45 Note: Using real readlink binary to determine symlink on /etc/rc5.d/S01mdadm
2025-09-09 10:09:45 Result: readlink shows /etc/init.d/mdadm as output
2025-09-09 10:09:45 Result: symlink found, pointing to file /etc/init.d/mdadm
2025-09-09 10:09:45 Result: good, file /etc/rc5.d/S01mdadm not world writable
2025-09-09 10:09:45 Action: checking symlink for file /etc/rc5.d/S01plymouth
2025-09-09 10:09:45 Note: Using real readlink binary to determine symlink on /etc/rc5.d/S01plymouth
2025-09-09 10:09:45 Result: readlink shows /etc/init.d/plymouth as output
2025-09-09 10:09:45 Result: symlink found, pointing to file /etc/init.d/plymouth
2025-09-09 10:09:45 Result: good, file /etc/rc5.d/S01plymouth not world writable
2025-09-09 10:09:45 Action: checking symlink for file /etc/rc5.d/S01pulseaudio-enable-autospawn
2025-09-09 10:09:45 Note: Using real readlink binary to determine symlink on /etc/rc5.d/S01pulseaudio-enable-autospawn
2025-09-09 10:09:45 Result: readlink shows /etc/init.d/pulseaudio-enable-autospawn as output
2025-09-09 10:09:45 Result: symlink found, pointing to file /etc/init.d/pulseaudio-enable-autospawn
2025-09-09 10:09:45 Result: good, file /etc/rc5.d/S01pulseaudio-enable-autospawn not world writable
2025-09-09 10:09:45 Action: checking symlink for file /etc/rc5.d/S01rsync
2025-09-09 10:09:45 Note: Using real readlink binary to determine symlink on /etc/rc5.d/S01rsync
2025-09-09 10:09:45 Result: readlink shows /etc/init.d/rsync as output
2025-09-09 10:09:45 Result: symlink found, pointing to file /etc/init.d/rsync
2025-09-09 10:09:45 Result: good, file /etc/rc5.d/S01rsync not world writable
2025-09-09 10:09:45 Action: checking symlink for file /etc/rc5.d/S01saned
2025-09-09 10:09:45 Note: Using real readlink binary to determine symlink on /etc/rc5.d/S01saned
2025-09-09 10:09:45 Result: readlink shows /etc/init.d/saned as output
2025-09-09 10:09:45 Result: symlink found, pointing to file /etc/init.d/saned
2025-09-09 10:09:45 Result: good, file /etc/rc5.d/S01saned not world writable
2025-09-09 10:09:45 Action: checking symlink for file /etc/rc5.d/S01smartmontools
2025-09-09 10:09:45 Note: Using real readlink binary to determine symlink on /etc/rc5.d/S01smartmontools
2025-09-09 10:09:45 Result: readlink shows /etc/init.d/smartmontools as output
2025-09-09 10:09:45 Result: symlink found, pointing to file /etc/init.d/smartmontools
2025-09-09 10:09:45 Result: good, file /etc/rc5.d/S01smartmontools not world writable
2025-09-09 10:09:45 Action: checking symlink for file /etc/rc5.d/S01spice-vdagent
2025-09-09 10:09:45 Note: Using real readlink binary to determine symlink on /etc/rc5.d/S01spice-vdagent
2025-09-09 10:09:45 Result: readlink shows /etc/init.d/spice-vdagent as output
2025-09-09 10:09:45 Result: symlink found, pointing to file /etc/init.d/spice-vdagent
2025-09-09 10:09:45 Result: good, file /etc/rc5.d/S01spice-vdagent not world writable
2025-09-09 10:09:45 Action: checking symlink for file /etc/rc5.d/S01ssh
2025-09-09 10:09:45 Note: Using real readlink binary to determine symlink on /etc/rc5.d/S01ssh
2025-09-09 10:09:45 Result: readlink shows /etc/init.d/ssh as output
2025-09-09 10:09:45 Result: symlink found, pointing to file /etc/init.d/ssh
2025-09-09 10:09:45 Result: good, file /etc/rc5.d/S01ssh not world writable
2025-09-09 10:09:45 Action: checking symlink for file /etc/rc5.d/S01sudo
2025-09-09 10:09:45 Note: Using real readlink binary to determine symlink on /etc/rc5.d/S01sudo
2025-09-09 10:09:45 Result: readlink shows /etc/init.d/sudo as output
2025-09-09 10:09:45 Result: symlink found, pointing to file /etc/init.d/sudo
2025-09-09 10:09:45 Result: good, file /etc/rc5.d/S01sudo not world writable
2025-09-09 10:09:45 Action: checking symlink for file /etc/rc5.d/S01suricata
2025-09-09 10:09:45 Note: Using real readlink binary to determine symlink on /etc/rc5.d/S01suricata
2025-09-09 10:09:45 Result: readlink shows /etc/init.d/suricata as output
2025-09-09 10:09:45 Result: symlink found, pointing to file /etc/init.d/suricata
2025-09-09 10:09:45 Result: good, file /etc/rc5.d/S01suricata not world writable
2025-09-09 10:09:45 Action: checking symlink for file /etc/rc5.d/S01sysstat
2025-09-09 10:09:45 Note: Using real readlink binary to determine symlink on /etc/rc5.d/S01sysstat
2025-09-09 10:09:45 Result: readlink shows /etc/init.d/sysstat as output
2025-09-09 10:09:45 Result: symlink found, pointing to file /etc/init.d/sysstat
2025-09-09 10:09:45 Result: good, file /etc/rc5.d/S01sysstat not world writable
2025-09-09 10:09:45 Action: checking symlink for file /etc/rc5.d/S01unattended-upgrades
2025-09-09 10:09:45 Note: Using real readlink binary to determine symlink on /etc/rc5.d/S01unattended-upgrades
2025-09-09 10:09:45 Result: readlink shows /etc/init.d/unattended-upgrades as output
2025-09-09 10:09:45 Result: symlink found, pointing to file /etc/init.d/unattended-upgrades
2025-09-09 10:09:45 Result: good, file /etc/rc5.d/S01unattended-upgrades not world writable
2025-09-09 10:09:45 Action: checking symlink for file /etc/rc5.d/S01uuidd
2025-09-09 10:09:45 Note: Using real readlink binary to determine symlink on /etc/rc5.d/S01uuidd
2025-09-09 10:09:45 Result: readlink shows /etc/init.d/uuidd as output
2025-09-09 10:09:45 Result: symlink found, pointing to file /etc/init.d/uuidd
2025-09-09 10:09:45 Result: good, file /etc/rc5.d/S01uuidd not world writable
2025-09-09 10:09:45 Test: Checking /etc/rc6.d scripts for writable bit
2025-09-09 10:09:45 Action: checking symlink for file /etc/rc6.d/K01alsa-utils
2025-09-09 10:09:45 Note: Using real readlink binary to determine symlink on /etc/rc6.d/K01alsa-utils
2025-09-09 10:09:45 Result: readlink shows /etc/init.d/alsa-utils as output
2025-09-09 10:09:45 Result: symlink found, pointing to file /etc/init.d/alsa-utils
2025-09-09 10:09:45 Result: good, file /etc/rc6.d/K01alsa-utils not world writable
2025-09-09 10:09:45 Action: checking symlink for file /etc/rc6.d/K01auditd
2025-09-09 10:09:45 Note: Using real readlink binary to determine symlink on /etc/rc6.d/K01auditd
2025-09-09 10:09:45 Result: readlink shows /etc/init.d/auditd as output
2025-09-09 10:09:45 Result: symlink found, pointing to file /etc/init.d/auditd
2025-09-09 10:09:45 Result: good, file /etc/rc6.d/K01auditd not world writable
2025-09-09 10:09:45 Action: checking symlink for file /etc/rc6.d/K01bluetooth
2025-09-09 10:09:45 Note: Using real readlink binary to determine symlink on /etc/rc6.d/K01bluetooth
2025-09-09 10:09:45 Result: readlink shows /etc/init.d/bluetooth as output
2025-09-09 10:09:45 Result: symlink found, pointing to file /etc/init.d/bluetooth
2025-09-09 10:09:45 Result: good, file /etc/rc6.d/K01bluetooth not world writable
2025-09-09 10:09:45 Action: checking symlink for file /etc/rc6.d/K01clamav-daemon
2025-09-09 10:09:45 Note: Using real readlink binary to determine symlink on /etc/rc6.d/K01clamav-daemon
2025-09-09 10:09:45 Result: readlink shows /etc/init.d/clamav-daemon as output
2025-09-09 10:09:45 Result: symlink found, pointing to file /etc/init.d/clamav-daemon
2025-09-09 10:09:45 Result: good, file /etc/rc6.d/K01clamav-daemon not world writable
2025-09-09 10:09:45 Action: checking symlink for file /etc/rc6.d/K01clamav-freshclam
2025-09-09 10:09:45 Note: Using real readlink binary to determine symlink on /etc/rc6.d/K01clamav-freshclam
2025-09-09 10:09:45 Result: readlink shows /etc/init.d/clamav-freshclam as output
2025-09-09 10:09:45 Result: symlink found, pointing to file /etc/init.d/clamav-freshclam
2025-09-09 10:09:45 Result: good, file /etc/rc6.d/K01clamav-freshclam not world writable
2025-09-09 10:09:45 Action: checking symlink for file /etc/rc6.d/K01cryptdisks
2025-09-09 10:09:45 Note: Using real readlink binary to determine symlink on /etc/rc6.d/K01cryptdisks
2025-09-09 10:09:45 Result: readlink shows /etc/init.d/cryptdisks as output
2025-09-09 10:09:45 Result: symlink found, pointing to file /etc/init.d/cryptdisks
2025-09-09 10:09:45 Result: good, file /etc/rc6.d/K01cryptdisks not world writable
2025-09-09 10:09:45 Action: checking symlink for file /etc/rc6.d/K01cryptdisks-early
2025-09-09 10:09:45 Note: Using real readlink binary to determine symlink on /etc/rc6.d/K01cryptdisks-early
2025-09-09 10:09:45 Result: readlink shows /etc/init.d/cryptdisks-early as output
2025-09-09 10:09:45 Result: symlink found, pointing to file /etc/init.d/cryptdisks-early
2025-09-09 10:09:45 Result: good, file /etc/rc6.d/K01cryptdisks-early not world writable
2025-09-09 10:09:45 Action: checking symlink for file /etc/rc6.d/K01cups-browsed
2025-09-09 10:09:45 Note: Using real readlink binary to determine symlink on /etc/rc6.d/K01cups-browsed
2025-09-09 10:09:45 Result: readlink shows /etc/init.d/cups-browsed as output
2025-09-09 10:09:45 Result: symlink found, pointing to file /etc/init.d/cups-browsed
2025-09-09 10:09:45 Result: good, file /etc/rc6.d/K01cups-browsed not world writable
2025-09-09 10:09:45 Action: checking symlink for file /etc/rc6.d/K01exim4
2025-09-09 10:09:45 Note: Using real readlink binary to determine symlink on /etc/rc6.d/K01exim4
2025-09-09 10:09:45 Result: readlink shows /etc/init.d/exim4 as output
2025-09-09 10:09:45 Result: symlink found, pointing to file /etc/init.d/exim4
2025-09-09 10:09:45 Result: good, file /etc/rc6.d/K01exim4 not world writable
2025-09-09 10:09:45 Action: checking symlink for file /etc/rc6.d/K01fail2ban
2025-09-09 10:09:45 Note: Using real readlink binary to determine symlink on /etc/rc6.d/K01fail2ban
2025-09-09 10:09:45 Result: readlink shows /etc/init.d/fail2ban as output
2025-09-09 10:09:45 Result: symlink found, pointing to file /etc/init.d/fail2ban
2025-09-09 10:09:45 Result: good, file /etc/rc6.d/K01fail2ban not world writable
2025-09-09 10:09:45 Action: checking symlink for file /etc/rc6.d/K01hwclock.sh
2025-09-09 10:09:45 Note: Using real readlink binary to determine symlink on /etc/rc6.d/K01hwclock.sh
2025-09-09 10:09:45 Result: readlink shows /etc/init.d/hwclock.sh as output
2025-09-09 10:09:45 Result: symlink found, pointing to file /etc/init.d/hwclock.sh
2025-09-09 10:09:45 Result: good, file /etc/rc6.d/K01hwclock.sh not world writable
2025-09-09 10:09:45 Action: checking symlink for file /etc/rc6.d/K01lightdm
2025-09-09 10:09:45 Note: Using real readlink binary to determine symlink on /etc/rc6.d/K01lightdm
2025-09-09 10:09:45 Result: readlink shows /etc/init.d/lightdm as output
2025-09-09 10:09:45 Result: symlink found, pointing to file /etc/init.d/lightdm
2025-09-09 10:09:45 Result: good, file /etc/rc6.d/K01lightdm not world writable
2025-09-09 10:09:45 Action: checking symlink for file /etc/rc6.d/K01live-tools
2025-09-09 10:09:45 Note: Using real readlink binary to determine symlink on /etc/rc6.d/K01live-tools
2025-09-09 10:09:45 Result: readlink shows /etc/init.d/live-tools as output
2025-09-09 10:09:45 Result: symlink found, pointing to file /etc/init.d/live-tools
2025-09-09 10:09:45 Result: good, file /etc/rc6.d/K01live-tools not world writable
2025-09-09 10:09:45 Action: checking symlink for file /etc/rc6.d/K01mdadm
2025-09-09 10:09:45 Note: Using real readlink binary to determine symlink on /etc/rc6.d/K01mdadm
2025-09-09 10:09:45 Result: readlink shows /etc/init.d/mdadm as output
2025-09-09 10:09:45 Result: symlink found, pointing to file /etc/init.d/mdadm
2025-09-09 10:09:45 Result: good, file /etc/rc6.d/K01mdadm not world writable
2025-09-09 10:09:45 Action: checking symlink for file /etc/rc6.d/K01mdadm-waitidle
2025-09-09 10:09:45 Note: Using real readlink binary to determine symlink on /etc/rc6.d/K01mdadm-waitidle
2025-09-09 10:09:45 Result: readlink shows /etc/init.d/mdadm-waitidle as output
2025-09-09 10:09:45 Result: symlink found, pointing to file /etc/init.d/mdadm-waitidle
2025-09-09 10:09:45 Result: good, file /etc/rc6.d/K01mdadm-waitidle not world writable
2025-09-09 10:09:45 Action: checking symlink for file /etc/rc6.d/K01networking
2025-09-09 10:09:45 Note: Using real readlink binary to determine symlink on /etc/rc6.d/K01networking
2025-09-09 10:09:45 Result: readlink shows /etc/init.d/networking as output
2025-09-09 10:09:45 Result: symlink found, pointing to file /etc/init.d/networking
2025-09-09 10:09:45 Result: good, file /etc/rc6.d/K01networking not world writable
2025-09-09 10:09:45 Action: checking symlink for file /etc/rc6.d/K01plymouth
2025-09-09 10:09:45 Note: Using real readlink binary to determine symlink on /etc/rc6.d/K01plymouth
2025-09-09 10:09:45 Result: readlink shows /etc/init.d/plymouth as output
2025-09-09 10:09:45 Result: symlink found, pointing to file /etc/init.d/plymouth
2025-09-09 10:09:45 Result: good, file /etc/rc6.d/K01plymouth not world writable
2025-09-09 10:09:45 Action: checking symlink for file /etc/rc6.d/K01pulseaudio-enable-autospawn
2025-09-09 10:09:45 Note: Using real readlink binary to determine symlink on /etc/rc6.d/K01pulseaudio-enable-autospawn
2025-09-09 10:09:45 Result: readlink shows /etc/init.d/pulseaudio-enable-autospawn as output
2025-09-09 10:09:45 Result: symlink found, pointing to file /etc/init.d/pulseaudio-enable-autospawn
2025-09-09 10:09:45 Result: good, file /etc/rc6.d/K01pulseaudio-enable-autospawn not world writable
2025-09-09 10:09:45 Action: checking symlink for file /etc/rc6.d/K01saned
2025-09-09 10:09:45 Note: Using real readlink binary to determine symlink on /etc/rc6.d/K01saned
2025-09-09 10:09:45 Result: readlink shows /etc/init.d/saned as output
2025-09-09 10:09:45 Result: symlink found, pointing to file /etc/init.d/saned
2025-09-09 10:09:45 Result: good, file /etc/rc6.d/K01saned not world writable
2025-09-09 10:09:45 Action: checking symlink for file /etc/rc6.d/K01smartmontools
2025-09-09 10:09:45 Note: Using real readlink binary to determine symlink on /etc/rc6.d/K01smartmontools
2025-09-09 10:09:45 Result: readlink shows /etc/init.d/smartmontools as output
2025-09-09 10:09:45 Result: symlink found, pointing to file /etc/init.d/smartmontools
2025-09-09 10:09:45 Result: good, file /etc/rc6.d/K01smartmontools not world writable
2025-09-09 10:09:45 Action: checking symlink for file /etc/rc6.d/K01speech-dispatcher
2025-09-09 10:09:45 Note: Using real readlink binary to determine symlink on /etc/rc6.d/K01speech-dispatcher
2025-09-09 10:09:45 Result: readlink shows /etc/init.d/speech-dispatcher as output
2025-09-09 10:09:45 Result: symlink found, pointing to file /etc/init.d/speech-dispatcher
2025-09-09 10:09:45 Result: good, file /etc/rc6.d/K01speech-dispatcher not world writable
2025-09-09 10:09:45 Action: checking symlink for file /etc/rc6.d/K01spice-vdagent
2025-09-09 10:09:45 Note: Using real readlink binary to determine symlink on /etc/rc6.d/K01spice-vdagent
2025-09-09 10:09:45 Result: readlink shows /etc/init.d/spice-vdagent as output
2025-09-09 10:09:45 Result: symlink found, pointing to file /etc/init.d/spice-vdagent
2025-09-09 10:09:45 Result: good, file /etc/rc6.d/K01spice-vdagent not world writable
2025-09-09 10:09:45 Action: checking symlink for file /etc/rc6.d/K01suricata
2025-09-09 10:09:45 Note: Using real readlink binary to determine symlink on /etc/rc6.d/K01suricata
2025-09-09 10:09:45 Result: readlink shows /etc/init.d/suricata as output
2025-09-09 10:09:45 Result: symlink found, pointing to file /etc/init.d/suricata
2025-09-09 10:09:45 Result: good, file /etc/rc6.d/K01suricata not world writable
2025-09-09 10:09:45 Action: checking symlink for file /etc/rc6.d/K01udev
2025-09-09 10:09:45 Note: Using real readlink binary to determine symlink on /etc/rc6.d/K01udev
2025-09-09 10:09:45 Result: readlink shows /etc/init.d/udev as output
2025-09-09 10:09:45 Result: symlink found, pointing to file /etc/init.d/udev
2025-09-09 10:09:45 Result: good, file /etc/rc6.d/K01udev not world writable
2025-09-09 10:09:45 Action: checking symlink for file /etc/rc6.d/K01unattended-upgrades
2025-09-09 10:09:45 Note: Using real readlink binary to determine symlink on /etc/rc6.d/K01unattended-upgrades
2025-09-09 10:09:45 Result: readlink shows /etc/init.d/unattended-upgrades as output
2025-09-09 10:09:45 Result: symlink found, pointing to file /etc/init.d/unattended-upgrades
2025-09-09 10:09:45 Result: good, file /etc/rc6.d/K01unattended-upgrades not world writable
2025-09-09 10:09:45 Action: checking symlink for file /etc/rc6.d/K01uuidd
2025-09-09 10:09:45 Note: Using real readlink binary to determine symlink on /etc/rc6.d/K01uuidd
2025-09-09 10:09:45 Result: readlink shows /etc/init.d/uuidd as output
2025-09-09 10:09:45 Result: symlink found, pointing to file /etc/init.d/uuidd
2025-09-09 10:09:45 Result: good, file /etc/rc6.d/K01uuidd not world writable
2025-09-09 10:09:45 Action: checking symlink for file /etc/rc6.d/K01xpra
2025-09-09 10:09:45 Note: Using real readlink binary to determine symlink on /etc/rc6.d/K01xpra
2025-09-09 10:09:45 Result: readlink shows /etc/init.d/xpra as output
2025-09-09 10:09:45 Result: symlink found, pointing to file /etc/init.d/xpra
2025-09-09 10:09:45 Result: good, file /etc/rc6.d/K01xpra not world writable
2025-09-09 10:09:45 Hardening: assigned maximum number of hardening points for this item (3). Currently having 12 points (out of 15)
2025-09-09 10:09:45 ====
2025-09-09 10:09:45 Performing test ID BOOT-5202 (Check uptime of system)
2025-09-09 10:09:45 Uptime (in seconds): 13651
2025-09-09 10:09:45 Uptime (in days): 0
2025-09-09 10:09:45 ====
2025-09-09 10:09:45 Performing test ID BOOT-5260 (Check single user mode for systemd)
2025-09-09 10:09:45 Test: Searching /usr/lib/systemd/system/rescue.service
2025-09-09 10:09:45 Result: file /usr/lib/systemd/system/rescue.service
2025-09-09 10:09:45 Test: checking presence sulogin for single user mode
2025-09-09 10:09:45 Result: found sulogin, so single user is protected
2025-09-09 10:09:45 Hardening: assigned maximum number of hardening points for this item (3). Currently having 15 points (out of 18)
2025-09-09 10:09:45 ====
2025-09-09 10:09:45 Skipped test BOOT-5262 (Check for OpenBSD boot daemons)
2025-09-09 10:09:45 Reason to skip: Incorrect guest OS (OpenBSD only)
2025-09-09 10:09:45 ====
2025-09-09 10:09:45 Skipped test BOOT-5263 (Check permissions for boot files/scripts)
2025-09-09 10:09:45 Reason to skip: Incorrect guest OS (OpenBSD only)
2025-09-09 10:09:45 ====
2025-09-09 10:09:45 Performing test ID BOOT-5264 (Run systemd-analyze security)
2025-09-09 10:09:45 Test: Run systemd-analyze security
2025-09-09 10:09:46 Result: ModemManager.service: 6.3 MEDIUM
2025-09-09 10:09:46 Result: NetworkManager.service: 7.8 EXPOSED
2025-09-09 10:09:46 Result: accounts-daemon.service: 5.5 MEDIUM
2025-09-09 10:09:46 Result: alsa-state.service: 9.6 UNSAFE
2025-09-09 10:09:46 Result: anacron.service: 9.6 UNSAFE
2025-09-09 10:09:46 Result: auditd.service: 8.7 EXPOSED
2025-09-09 10:09:46 Result: avahi-daemon.service: 9.6 UNSAFE
2025-09-09 10:09:46 Result: clamav-daemon.service: 9.6 UNSAFE
2025-09-09 10:09:46 Result: cron.service: 9.6 UNSAFE
2025-09-09 10:09:46 Result: cups-browsed.service: 9.6 UNSAFE
2025-09-09 10:09:46 Result: cups.service: 9.6 UNSAFE
2025-09-09 10:09:46 Result: dbus.service: 9.6 UNSAFE
2025-09-09 10:09:46 Result: dm-event.service: 9.5 UNSAFE
2025-09-09 10:09:46 Result: emergency.service: 9.5 UNSAFE
2025-09-09 10:09:46 Result: exim4.service: 9.6 UNSAFE
2025-09-09 10:09:46 Result: fail2ban.service: 9.6 UNSAFE
2025-09-09 10:09:46 Result: getty@tty1.service: 9.6 UNSAFE
2025-09-09 10:09:46 Result: legion.service: 9.6 UNSAFE
2025-09-09 10:09:46 Result: lightdm.service: 9.6 UNSAFE
2025-09-09 10:09:46 Result: lvm2-lvmpolld.service: 9.5 UNSAFE
2025-09-09 10:09:46 Result: lynis.service: 9.6 UNSAFE
2025-09-09 10:09:46 Result: node_exporter.service: 9.2 UNSAFE
2025-09-09 10:09:46 Result: plymouth-start.service: 9.5 UNSAFE
2025-09-09 10:09:46 Result: polkit.service: 9.6 UNSAFE
2025-09-09 10:09:46 Result: rc-local.service: 9.6 UNSAFE
2025-09-09 10:09:46 Result: rescue.service: 9.5 UNSAFE
2025-09-09 10:09:46 Result: rsyslog.service: 9.6 UNSAFE
2025-09-09 10:09:46 Result: rtkit-daemon.service: 7.2 MEDIUM
2025-09-09 10:09:46 Result: smartmontools.service: 9.6 UNSAFE
2025-09-09 10:09:46 Result: ssh.service: 9.6 UNSAFE
2025-09-09 10:09:46 Result: suricata.service: 9.1 UNSAFE
2025-09-09 10:09:46 Result: systemd-ask-password-console.service: 9.4 UNSAFE
2025-09-09 10:09:46 Result: systemd-ask-password-plymouth.service: 9.5 UNSAFE
2025-09-09 10:09:46 Result: systemd-ask-password-wall.service: 9.4 UNSAFE
2025-09-09 10:09:46 Result: systemd-fsckd.service: 9.5 UNSAFE
2025-09-09 10:09:46 Result: systemd-initctl.service: 9.4 UNSAFE
2025-09-09 10:09:46 Result: systemd-journald.service: 4.3 PROTECTED
2025-09-09 10:09:46 Result: systemd-logind.service: 2.8 PROTECTED
2025-09-09 10:09:46 Result: systemd-networkd.service: 2.6 PROTECTED
2025-09-09 10:09:46 Result: systemd-rfkill.service: 9.4 UNSAFE
2025-09-09 10:09:46 Result: systemd-timesyncd.service: 2.1 PROTECTED
2025-09-09 10:09:46 Result: systemd-udevd.service: 7.1 MEDIUM
2025-09-09 10:09:46 Result: udisks2.service: 9.6 UNSAFE
2025-09-09 10:09:46 Result: unattended-upgrades.service: 9.6 UNSAFE
2025-09-09 10:09:46 Result: upower.service: 2.4 PROTECTED
2025-09-09 10:09:46 Result: user@1000.service: 9.4 UNSAFE
2025-09-09 10:09:46 Result: uuidd.service: 5.8 MEDIUM
2025-09-09 10:09:46 Result: vboxadd-service.service: 9.6 UNSAFE
2025-09-09 10:09:46 Result: wpa_supplicant.service: 9.6 UNSAFE
2025-09-09 10:09:46 Suggestion: Consider hardening system services [test:BOOT-5264] [details:Run '/usr/bin/systemd-analyze security SERVICE' for each service] [solution:-]
2025-09-09 10:09:46 Security check: file is normal
2025-09-09 10:09:46 Checking permissions of /usr/share/lynis/include/tests_kernel
2025-09-09 10:09:46 File permissions are OK
2025-09-09 10:09:46 ====
2025-09-09 10:09:46 Action: Performing tests from category: Kernel
2025-09-09 10:09:46 ====
2025-09-09 10:09:46 Performing test ID KRNL-5622 (Determine Linux default run level)
2025-09-09 10:09:46 Test: Checking for systemd default.target
2025-09-09 10:09:46 Result: no systemd found, so trying inittab
2025-09-09 10:09:46 Test: Checking /etc/inittab
2025-09-09 10:09:46 Result: file /etc/inittab not found
2025-09-09 10:09:46 Test: Checking run level with who -r, for Debian based systems
2025-09-09 10:09:46 Result: Found default run level '5'
2025-09-09 10:09:46 ====
2025-09-09 10:09:46 Performing test ID KRNL-5677 (Check CPU options and support)
2025-09-09 10:09:46 Test: Checking /proc/cpuinfo
2025-09-09 10:09:46 Result: found /proc/cpuinfo
2025-09-09 10:09:46 Test: Checking CPU options (XD/NX/PAE)
2025-09-09 10:09:46 PAE: Yes
2025-09-09 10:09:46 NX: Yes
2025-09-09 10:09:46 Result: PAE or No eXecute option(s) both found
2025-09-09 10:09:46 ====
2025-09-09 10:09:46 Performing test ID KRNL-5695 (Determine Linux kernel version and release number)
2025-09-09 10:09:46 Result: found kernel release 6.1.0-39-amd64
2025-09-09 10:09:46 Result: found kernel version #1 SMP PREEMPT_DYNAMIC Debian 6.1.148-1 (2025-08-26)
2025-09-09 10:09:46 ====
2025-09-09 10:09:46 Performing test ID KRNL-5723 (Determining if Linux kernel is monolithic)
2025-09-09 10:09:46 Test: checking if kernel is monolithic or modular
2025-09-09 10:09:46 Result: Found modular kernel
2025-09-09 10:09:46 ====
2025-09-09 10:09:46 Performing test ID KRNL-5726 (Checking Linux loaded kernel modules)
2025-09-09 10:09:46 Loaded modules according lsmod:
2025-09-09 10:09:46 Loaded module: ac
2025-09-09 10:09:46 Loaded module: ac97_bus
2025-09-09 10:09:46 Loaded module: aesni_intel
2025-09-09 10:09:46 Loaded module: af_packet_diag
2025-09-09 10:09:46 Loaded module: ahci
2025-09-09 10:09:46 Loaded module: async_memcpy
2025-09-09 10:09:46 Loaded module: async_pq
2025-09-09 10:09:46 Loaded module: async_raid6_recov
2025-09-09 10:09:46 Loaded module: async_tx
2025-09-09 10:09:46 Loaded module: async_xor
2025-09-09 10:09:46 Loaded module: ata_generic
2025-09-09 10:09:46 Loaded module: ata_piix
2025-09-09 10:09:46 Loaded module: autofs4
2025-09-09 10:09:46 Loaded module: binfmt_misc
2025-09-09 10:09:46 Loaded module: blake2b_generic
2025-09-09 10:09:46 Loaded module: bochs
2025-09-09 10:09:46 Loaded module: btrfs
2025-09-09 10:09:46 Loaded module: button
2025-09-09 10:09:46 Loaded module: cdrom
2025-09-09 10:09:46 Loaded module: configfs
2025-09-09 10:09:46 Loaded module: crc16
2025-09-09 10:09:46 Loaded module: crc32_pclmul
2025-09-09 10:09:46 Loaded module: crc32c_generic
2025-09-09 10:09:46 Loaded module: crc32c_intel
2025-09-09 10:09:46 Loaded module: crc64
2025-09-09 10:09:46 Loaded module: crc64_rocksoft
2025-09-09 10:09:46 Loaded module: crc_t10dif
2025-09-09 10:09:46 Loaded module: crct10dif_common
2025-09-09 10:09:46 Loaded module: crct10dif_generic
2025-09-09 10:09:46 Loaded module: crct10dif_pclmul
2025-09-09 10:09:46 Loaded module: cryptd
2025-09-09 10:09:46 Loaded module: crypto_simd
2025-09-09 10:09:46 Loaded module: dm_mod
2025-09-09 10:09:46 Loaded module: drm
2025-09-09 10:09:46 Loaded module: drm_kms_helper
2025-09-09 10:09:46 Loaded module: drm_ttm_helper
2025-09-09 10:09:46 Loaded module: drm_vram_helper
2025-09-09 10:09:46 Loaded module: e1000
2025-09-09 10:09:46 Loaded module: efi_pstore
2025-09-09 10:09:46 Loaded module: ehci_hcd
2025-09-09 10:09:46 Loaded module: ehci_pci
2025-09-09 10:09:46 Loaded module: evdev
2025-09-09 10:09:46 Loaded module: ext4
2025-09-09 10:09:46 Loaded module: fuse
2025-09-09 10:09:46 Loaded module: ghash_clmulni_intel
2025-09-09 10:09:46 Loaded module: hid
2025-09-09 10:09:46 Loaded module: hid_generic
2025-09-09 10:09:46 Loaded module: i2c_piix4
2025-09-09 10:09:46 Loaded module: inet_diag
2025-09-09 10:09:46 Loaded module: intel_rapl_common
2025-09-09 10:09:46 Loaded module: intel_rapl_msr
2025-09-09 10:09:46 Loaded module: ip6_tables
2025-09-09 10:09:46 Loaded module: ip6t_REJECT
2025-09-09 10:09:46 Loaded module: ip6t_rt
2025-09-09 10:09:46 Loaded module: ip_tables
2025-09-09 10:09:46 Loaded module: ipt_REJECT
2025-09-09 10:09:46 Loaded module: jbd2
2025-09-09 10:09:46 Loaded module: joydev
2025-09-09 10:09:46 Loaded module: libahci
2025-09-09 10:09:46 Loaded module: libata
2025-09-09 10:09:46 Loaded module: libcrc32c
2025-09-09 10:09:46 Loaded module: linear
2025-09-09 10:09:46 Loaded module: loop
2025-09-09 10:09:46 Loaded module: lp
2025-09-09 10:09:46 Loaded module: mbcache
2025-09-09 10:09:46 Loaded module: md_mod
2025-09-09 10:09:46 Loaded module: mptcp_diag
2025-09-09 10:09:46 Loaded module: multipath
2025-09-09 10:09:46 Loaded module: netlink_diag
2025-09-09 10:09:46 Loaded module: nf_conntrack
2025-09-09 10:09:46 Loaded module: nf_defrag_ipv4
2025-09-09 10:09:46 Loaded module: nf_defrag_ipv6
2025-09-09 10:09:46 Loaded module: nf_log_syslog
2025-09-09 10:09:46 Loaded module: nf_reject_ipv4
2025-09-09 10:09:46 Loaded module: nf_reject_ipv6
2025-09-09 10:09:46 Loaded module: nf_tables
2025-09-09 10:09:46 Loaded module: nfnetlink
2025-09-09 10:09:46 Loaded module: nft_compat
2025-09-09 10:09:46 Loaded module: nft_limit
2025-09-09 10:09:46 Loaded module: ohci_hcd
2025-09-09 10:09:46 Loaded module: ohci_pci
2025-09-09 10:09:46 Loaded module: parport
2025-09-09 10:09:46 Loaded module: parport_pc
2025-09-09 10:09:46 Loaded module: pcspkr
2025-09-09 10:09:46 Loaded module: ppdev
2025-09-09 10:09:46 Loaded module: psmouse
2025-09-09 10:09:46 Loaded module: qrtr
2025-09-09 10:09:46 Loaded module: raid0
2025-09-09 10:09:46 Loaded module: raid1
2025-09-09 10:09:46 Loaded module: raid10
2025-09-09 10:09:46 Loaded module: raid456
2025-09-09 10:09:46 Loaded module: raid6_pq
2025-09-09 10:09:46 Loaded module: raw_diag
2025-09-09 10:09:46 Loaded module: rfkill
2025-09-09 10:09:46 Loaded module: scsi_common
2025-09-09 10:09:46 Loaded module: scsi_mod
2025-09-09 10:09:46 Loaded module: sd_mod
2025-09-09 10:09:46 Loaded module: serio_raw
2025-09-09 10:09:46 Loaded module: sg
2025-09-09 10:09:46 Loaded module: sha1_ssse3
2025-09-09 10:09:46 Loaded module: sha256_ssse3
2025-09-09 10:09:46 Loaded module: sha512_ssse3
2025-09-09 10:09:46 Loaded module: snd
2025-09-09 10:09:46 Loaded module: snd_ac97_codec
2025-09-09 10:09:46 Loaded module: snd_intel8x0
2025-09-09 10:09:46 Loaded module: snd_pcm
2025-09-09 10:09:46 Loaded module: snd_timer
2025-09-09 10:09:46 Loaded module: soundcore
2025-09-09 10:09:46 Loaded module: sr_mod
2025-09-09 10:09:46 Loaded module: t10_pi
2025-09-09 10:09:46 Loaded module: tcp_diag
2025-09-09 10:09:46 Loaded module: tls
2025-09-09 10:09:46 Loaded module: ttm
2025-09-09 10:09:46 Loaded module: udp_diag
2025-09-09 10:09:46 Loaded module: unix_diag
2025-09-09 10:09:46 Loaded module: usb_common
2025-09-09 10:09:46 Loaded module: usbcore
2025-09-09 10:09:46 Loaded module: usbhid
2025-09-09 10:09:46 Loaded module: vboxguest
2025-09-09 10:09:46 Loaded module: video
2025-09-09 10:09:46 Loaded module: vmwgfx
2025-09-09 10:09:46 Loaded module: wmi
2025-09-09 10:09:46 Loaded module: x_tables
2025-09-09 10:09:46 Loaded module: xor
2025-09-09 10:09:46 Loaded module: xt_LOG
2025-09-09 10:09:46 Loaded module: xt_addrtype
2025-09-09 10:09:46 Loaded module: xt_conntrack
2025-09-09 10:09:46 Loaded module: xt_hl
2025-09-09 10:09:46 Loaded module: xt_limit
2025-09-09 10:09:46 Loaded module: xt_recent
2025-09-09 10:09:46 Loaded module: xt_tcpudp
2025-09-09 10:09:46 Loaded module: zstd_compress
2025-09-09 10:09:46 ====
2025-09-09 10:09:46 Performing test ID KRNL-5728 (Checking Linux kernel config)
2025-09-09 10:09:46 Result: found config (/boot/config-6.1.0-39-amd64)
2025-09-09 10:09:46 ====
2025-09-09 10:09:46 Performing test ID KRNL-5730 (Checking disk I/O kernel scheduler)
2025-09-09 10:09:46 Test: Checking the default I/O kernel scheduler
2025-09-09 10:09:46 Result: no default I/O kernel scheduler found
2025-09-09 10:09:46 ====
2025-09-09 10:09:46 Skipped test KRNL-5745 (Checking FreeBSD loaded kernel modules)
2025-09-09 10:09:46 Reason to skip: Incorrect guest OS (FreeBSD only)
2025-09-09 10:09:46 ====
2025-09-09 10:09:46 Skipped test KRNL-5831 (Checking DragonFly loaded kernel modules)
2025-09-09 10:09:46 Reason to skip: Incorrect guest OS (DragonFly only)
2025-09-09 10:09:46 ====
2025-09-09 10:09:46 Skipped test KRNL-5770 (Checking active kernel modules)
2025-09-09 10:09:46 Reason to skip: Incorrect guest OS (Solaris only)
2025-09-09 10:09:46 ====
2025-09-09 10:09:46 Performing test ID KRNL-5788 (Checking availability new Linux kernel)
2025-09-09 10:09:46 Test: Searching apt-cache, to determine if a newer kernel is available
2025-09-09 10:09:46 Result: found /usr/bin/apt-cache
2025-09-09 10:09:46 Test: checking presence of /vmlinuz or /boot/vmlinuz
2025-09-09 10:09:46 Result: found /vmlinuz
2025-09-09 10:09:46 Test: checking readlink location of /vmlinuz
2025-09-09 10:09:46 Output: readlink reported file /boot/vmlinuz-6.1.0-39-amd64
2025-09-09 10:09:46 Test: checking relevant package using output from dpkg -S
2025-09-09 10:09:46 Output: dpkg -S reported package linux-image-6.1.0-39-amd64
2025-09-09 10:09:46 Result: found kernel 'linux-image-6.1.0-39-amd64' which will be used for further testing
2025-09-09 10:09:46 Test: Using apt-cache policy to determine if there is an update available
2025-09-09 10:09:46 Kernel installed: 6.1.148-1
2025-09-09 10:09:46 Kernel candidate: 6.1.148-1
2025-09-09 10:09:46 Result: no kernel update available
2025-09-09 10:09:46 ====
2025-09-09 10:09:46 Performing test ID KRNL-5820 (Checking core dumps configuration)
2025-09-09 10:09:46 Test: Checking presence of systemd
2025-09-09 10:09:46 Result: systemd is present on this system
2025-09-09 10:09:46 Test: Checking if core dumps are disabled in /etc/systemd/coredump.conf and /etc/systemd/coredump.conf.d/*.conf
2025-09-09 10:09:46 Result: core dumps are not disabled in systemd configuration. Didn't find settings 'ProcessSizeMax=0' and 'Storage=none'
2025-09-09 10:09:46 Hardening: assigned partial number of hardening points (0 of 1). Currently having 15 points (out of 19)
2025-09-09 10:09:46 Test: Checking presence /etc/profile
2025-09-09 10:09:46 Test: Checking if 'ulimit -c 0' exists in /etc/profile or /etc/profile.d/*.sh
2025-09-09 10:09:46 Result: core dumps are not disabled in /etc/profile or /etc/profile.d/*.sh config files. Didn't find setting 'ulimit -c 0'
2025-09-09 10:09:46 Hardening: assigned partial number of hardening points (0 of 1). Currently having 15 points (out of 20)
2025-09-09 10:09:46 Test: Checking presence /etc/security/limits.conf
2025-09-09 10:09:46 Result: file /etc/security/limits.conf exists
2025-09-09 10:09:46 Test: Checking if core dumps are disabled in /etc/security/limits.conf and /etc/security/limits.d/*
2025-09-09 10:09:46 Result: core dumps are not explicitly disabled
2025-09-09 10:09:46 Suggestion: If not required, consider explicit disabling of core dump in /etc/security/limits.conf file [test:KRNL-5820] [details:-] [solution:-]
2025-09-09 10:09:46 Hardening: assigned partial number of hardening points (1 of 3). Currently having 16 points (out of 23)
2025-09-09 10:09:46 Test: Checking presence /usr/etc/security/limits.conf
2025-09-09 10:09:46 Result: file /usr/etc/security/limits.conf does not exist, skipping test for this file
2025-09-09 10:09:46 Test: Checking sysctl value of fs.suid_dumpable
2025-09-09 10:09:46 Result: value 0 found
2025-09-09 10:09:46 Result: found default option (0), no execute only program or program with changed privilege levels can dump
2025-09-09 10:09:46 Hardening: assigned maximum number of hardening points for this item (1). Currently having 17 points (out of 24)
2025-09-09 10:09:46 ====
2025-09-09 10:09:46 Performing test ID KRNL-5830 (Checking if system is running on the latest installed kernel)
2025-09-09 10:09:46 Test: Checking presence /var/run/reboot-required.pkgs
2025-09-09 10:09:46 Result: file /var/run/reboot-required.pkgs not found
2025-09-09 10:09:46 Test: Checking presence /var/run/needs_restarting
2025-09-09 10:09:46 Result: file /var/run/needs_restarting not found
2025-09-09 10:09:46 Result: /boot exists, performing more tests from here
2025-09-09 10:09:46 Result: found /boot/vmlinuz-6.1.0-39-amd64
2025-09-09 10:09:46 Result: version derived from file name is '6.1.0-39-amd64'
2025-09-09 10:09:46 Result: found version 6.1.0-39-amd64
2025-09-09 10:09:46 Result: active kernel version 6.1.0-39-amd64
2025-09-09 10:09:46 Result: no reboot needed, active kernel is the same version as the one on disk
2025-09-09 10:09:46 Result: /var/cache/apt/archives/ does not exist
2025-09-09 10:09:46 Hardening: assigned maximum number of hardening points for this item (5). Currently having 22 points (out of 29)
2025-09-09 10:09:46 Security check: file is normal
2025-09-09 10:09:46 Checking permissions of /usr/share/lynis/include/tests_memory_processes
2025-09-09 10:09:46 File permissions are OK
2025-09-09 10:09:46 ====
2025-09-09 10:09:46 Action: Performing tests from category: Memory and Processes
2025-09-09 10:09:46 ====
2025-09-09 10:09:46 Performing test ID PROC-3602 (Checking /proc/meminfo for memory details)
2025-09-09 10:09:46 Result: found /proc/meminfo
2025-09-09 10:09:46 Result: Found 45008480 kB memory
2025-09-09 10:09:46 ====
2025-09-09 10:09:46 Skipped test PROC-3604 (Query prtconf for memory details)
2025-09-09 10:09:46 Reason to skip: Incorrect guest OS (Solaris only)
2025-09-09 10:09:46 ====
2025-09-09 10:09:46 Performing test ID PROC-3612 (Check dead or zombie processes)
2025-09-09 10:09:46 Result: no zombie processes found
2025-09-09 10:09:46 ====
2025-09-09 10:09:46 Performing test ID PROC-3614 (Check heavy IO waiting based processes)
2025-09-09 10:09:46 Result: No processes were waiting for IO requests to be handled first
2025-09-09 10:09:46 ====
2025-09-09 10:09:46 Performing test ID PROC-3802 (Check presence of prelink tooling)
2025-09-09 10:09:46 Result: prelink package is NOT installed
2025-09-09 10:09:46 Hardening: assigned maximum number of hardening points for this item (3). Currently having 25 points (out of 32)
2025-09-09 10:09:46 Security check: file is normal
2025-09-09 10:09:46 Checking permissions of /usr/share/lynis/include/tests_authentication
2025-09-09 10:09:46 File permissions are OK
2025-09-09 10:09:46 ====
2025-09-09 10:09:46 Action: Performing tests from category: Users, Groups and Authentication
2025-09-09 10:09:46 ====
2025-09-09 10:09:46 Performing test ID AUTH-9204 (Check users with an UID of zero)
2025-09-09 10:09:46 Test: Searching accounts with UID 0
2025-09-09 10:09:46 Result: No accounts found with UID 0 other than root.
2025-09-09 10:09:46 ====
2025-09-09 10:09:46 Performing test ID AUTH-9208 (Check non-unique accounts in passwd file)
2025-09-09 10:09:46 Test: Checking for non-unique accounts
2025-09-09 10:09:46 Result: all accounts found in /etc/passwd are unique
2025-09-09 10:09:46 Remarks: Non unique UIDs can be a risk for the system or part of a configuration mistake
2025-09-09 10:09:46 Prerequisite test: /usr/sbin/chkgrp
2025-09-09 10:09:46 ====
2025-09-09 10:09:46 Skipped test AUTH-9212 (Test group file)
2025-09-09 10:09:46 Reason to skip: Prerequisites not met (ie missing tool, other type of Linux distribution)
2025-09-09 10:09:46 ====
2025-09-09 10:09:46 Performing test ID AUTH-9216 (Check group and shadow group files)
2025-09-09 10:09:46 Test: Checking for grpck binary output
2025-09-09 10:09:46 Result: grpck binary didn't find any errors in the group files
2025-09-09 10:09:46 ====
2025-09-09 10:09:46 Skipped test AUTH-9218 (Check login shells for passwordless accounts)
2025-09-09 10:09:46 Reason to skip: Incorrect guest OS (DragonFly FreeBSD NetBSD OpenBSD only)
2025-09-09 10:09:46 ====
2025-09-09 10:09:46 Performing test ID AUTH-9222 (Check unique groups (IDs))
2025-09-09 10:09:46 Test: Checking for non unique group ID's in /etc/group
2025-09-09 10:09:46 Result: All group ID's are unique
2025-09-09 10:09:46 ====
2025-09-09 10:09:46 Performing test ID AUTH-9226 (Check unique group names)
2025-09-09 10:09:46 Test: Checking for non unique group names in /etc/group
2025-09-09 10:09:46 Result: All group names are unique
2025-09-09 10:09:46 ====
2025-09-09 10:09:46 Performing test ID AUTH-9228 (Check password file consistency with pwck)
2025-09-09 10:09:46 Test: Checking password file consistency (pwck)
2025-09-09 10:09:46 Result: pwck check didn't find any problems
2025-09-09 10:09:46 Hardening: assigned maximum number of hardening points for this item (2). Currently having 27 points (out of 34)
2025-09-09 10:09:46 ====
2025-09-09 10:09:46 Performing test ID AUTH-9229 (Check password hashing methods)
2025-09-09 10:09:46 Test: Checking password hashing methods
2025-09-09 10:09:46 Result: no poor password hashing methods found
2025-09-09 10:09:46 Hardening: assigned maximum number of hardening points for this item (2). Currently having 29 points (out of 36)
2025-09-09 10:09:46 ====
2025-09-09 10:09:46 Performing test ID AUTH-9230 (Check password hashing rounds)
2025-09-09 10:09:46 Test: Checking SHA_CRYPT_{MIN,MAX}_ROUNDS option in /etc/login.defs
2025-09-09 10:09:46 Result: number of password hashing rounds is not configured
2025-09-09 10:09:46 Suggestion: Configure password hashing rounds in /etc/login.defs [test:AUTH-9230] [details:-] [solution:-]
2025-09-09 10:09:46 Hardening: assigned partial number of hardening points (0 of 2). Currently having 29 points (out of 38)
2025-09-09 10:09:46 ====
2025-09-09 10:09:46 Performing test ID AUTH-9234 (Query user accounts)
2025-09-09 10:09:46 Test: Read system users (including root user) from password database (e.g. /etc/passwd)
2025-09-09 10:09:46 Result: found minimal user id specified: 1000
2025-09-09 10:09:46 Linux real users output (ID = 0, or 1000+, but not 65534):
2025-09-09 10:09:46 Real user: root,0
2025-09-09 10:09:46 Real user: chris,1000
2025-09-09 10:09:46 Real user: node_exporter,1001
2025-09-09 10:09:46 ====
2025-09-09 10:09:46 Performing test ID AUTH-9240 (Query NIS+ authentication support)
2025-09-09 10:09:46 Result: NIS+ authentication not enabled
2025-09-09 10:09:46 ====
2025-09-09 10:09:46 Performing test ID AUTH-9242 (Query NIS authentication support)
2025-09-09 10:09:46 Result: NIS authentication not enabled
2025-09-09 10:09:46 ====
2025-09-09 10:09:46 Performing test ID AUTH-9250 (Checking sudoers file)
2025-09-09 10:09:46 Test: checking presence /etc/sudoers
2025-09-09 10:09:46 Result: found file (/etc/sudoers)
2025-09-09 10:09:46 Test: checking presence /usr/local/etc/sudoers
2025-09-09 10:09:46 Result: file /usr/local/etc/sudoers not found
2025-09-09 10:09:46 Test: checking presence /usr/pkg/etc/sudoers
2025-09-09 10:09:46 Result: file /usr/pkg/etc/sudoers not found
2025-09-09 10:09:46 Result: sudoers file found (/etc/sudoers)
2025-09-09 10:09:46 ====
2025-09-09 10:09:47 Performing test ID AUTH-9252 (Check ownership and permissions for sudo configuration files)
2025-09-09 10:09:47 Test: checking drop-in directory (/etc/sudoers.d)
2025-09-09 10:09:47 Result: Found directory permissions: rwxr-xr-x and owner UID GID: 00
2025-09-09 10:09:47 Result: directory /etc/sudoers.d has possibly unsafe permissions
2025-09-09 10:09:47 Result: directory /etc/sudoers.d ownership OK
2025-09-09 10:09:47 Test: checking file (/etc/sudoers)
2025-09-09 10:09:47 Result: Found file permissions: r--r----- and owner UID GID: 00
2025-09-09 10:09:47 Result: file /etc/sudoers permissions OK
2025-09-09 10:09:47 Result: file /etc/sudoers ownership OK
2025-09-09 10:09:47 Test: checking file (/etc/sudoers.d/README)
2025-09-09 10:09:47 Result: Found file permissions: r--r----- and owner UID GID: 00
2025-09-09 10:09:47 Result: file /etc/sudoers.d/README permissions OK
2025-09-09 10:09:47 Result: file /etc/sudoers.d/README ownership OK
2025-09-09 10:09:47 ====
2025-09-09 10:09:47 Skipped test AUTH-9254 (Solaris passwordless accounts)
2025-09-09 10:09:47 Reason to skip: Incorrect guest OS (Solaris only)
2025-09-09 10:09:47 ====
2025-09-09 10:09:47 Performing test ID AUTH-9262 (Checking presence password strength testing tools (PAM))
2025-09-09 10:09:47 Searching PAM password testing modules (cracklib, passwdqc, pwquality)
2025-09-09 10:09:47 Result: found pam_pwquality.so (password quality control PAM) in /lib/x86_64-linux-gnu/security
2025-09-09 10:09:47 Result: pam_cracklib.so NOT found (crack library PAM)
2025-09-09 10:09:47 Result: pam_passwdqc.so NOT found (passwd quality control PAM)
2025-09-09 10:09:47 Result: pam_pwquality.so found
2025-09-09 10:09:47 Result: found at least one PAM module for password strength testing
2025-09-09 10:09:47 Hardening: assigned maximum number of hardening points for this item (3). Currently having 32 points (out of 41)
2025-09-09 10:09:47 ====
2025-09-09 10:09:47 Performing test ID AUTH-9264 (Checking presence pam.conf)
2025-09-09 10:09:47 Test: Checking file /etc/pam.conf
2025-09-09 10:09:47 Result: file /etc/pam.conf exists
2025-09-09 10:09:47 Test: searching PAM configuration files
2025-09-09 10:09:47 Result: File has no configuration options defined (empty, or only filled with comments and empty lines)
2025-09-09 10:09:47 ====
2025-09-09 10:09:47 Performing test ID AUTH-9266 (Checking presence pam.d files)
2025-09-09 10:09:47 Test: Checking directory /etc/pam.d
2025-09-09 10:09:47 Result: directory /etc/pam.d exists
2025-09-09 10:09:47 Test: searching PAM configuration files
2025-09-09 10:09:47 Found file: /etc/pam.d/chfn
2025-09-09 10:09:47 Found file: /etc/pam.d/chpasswd
2025-09-09 10:09:47 Found file: /etc/pam.d/chsh
2025-09-09 10:09:47 Found file: /etc/pam.d/common-account
2025-09-09 10:09:47 Found file: /etc/pam.d/common-auth
2025-09-09 10:09:47 Found file: /etc/pam.d/common-password
2025-09-09 10:09:47 Found file: /etc/pam.d/common-password.backup
2025-09-09 10:09:47 Found file: /etc/pam.d/common-session
2025-09-09 10:09:47 Found file: /etc/pam.d/common-session-noninteractive
2025-09-09 10:09:47 Found file: /etc/pam.d/cron
2025-09-09 10:09:47 Found file: /etc/pam.d/cups
2025-09-09 10:09:47 Found file: /etc/pam.d/lightdm
2025-09-09 10:09:47 Found file: /etc/pam.d/lightdm-autologin
2025-09-09 10:09:47 Found file: /etc/pam.d/lightdm-greeter
2025-09-09 10:09:47 Found file: /etc/pam.d/login
2025-09-09 10:09:47 Found file: /etc/pam.d/mate-screensaver
2025-09-09 10:09:47 Found file: /etc/pam.d/newusers
2025-09-09 10:09:47 Found file: /etc/pam.d/other
2025-09-09 10:09:47 Found file: /etc/pam.d/passwd
2025-09-09 10:09:47 Found file: /etc/pam.d/ppp
2025-09-09 10:09:47 Found file: /etc/pam.d/runuser
2025-09-09 10:09:47 Found file: /etc/pam.d/runuser-l
2025-09-09 10:09:47 Found file: /etc/pam.d/sshd
2025-09-09 10:09:47 Found file: /etc/pam.d/su
2025-09-09 10:09:47 Found file: /etc/pam.d/su-l
2025-09-09 10:09:47 Found file: /etc/pam.d/sudo
2025-09-09 10:09:47 Found file: /etc/pam.d/sudo-i
2025-09-09 10:09:47 Found file: /etc/pam.d/xpra
2025-09-09 10:09:47 ====
2025-09-09 10:09:47 Performing test ID AUTH-9268 (Checking presence pam.d files)
2025-09-09 10:09:47 Test: Searching pam modules
2025-09-09 10:09:47 Test: Checking /usr/lib/aarch64-linux-gnu/security
2025-09-09 10:09:47 Result: directory /usr/lib/aarch64-linux-gnu/security could not be found or is a symlink to another directory
2025-09-09 10:09:47 Test: Checking /lib/arm-linux-gnueabihf/security
2025-09-09 10:09:47 Result: directory /lib/arm-linux-gnueabihf/security could not be found or is a symlink to another directory
2025-09-09 10:09:47 Test: Checking /lib/i386-linux-gnu/security
2025-09-09 10:09:47 Result: directory /lib/i386-linux-gnu/security could not be found or is a symlink to another directory
2025-09-09 10:09:47 Test: Checking /lib/security
2025-09-09 10:09:47 Result: directory /lib/security could not be found or is a symlink to another directory
2025-09-09 10:09:47 Test: Checking /lib/x86_64-linux-gnu/security
2025-09-09 10:09:47 Result: directory /lib/x86_64-linux-gnu/security exists
2025-09-09 10:09:47 Found file: /lib/x86_64-linux-gnu/security/pam_access.so
2025-09-09 10:09:47 Found file: /lib/x86_64-linux-gnu/security/pam_debug.so
2025-09-09 10:09:47 Found file: /lib/x86_64-linux-gnu/security/pam_deny.so
2025-09-09 10:09:47 Found file: /lib/x86_64-linux-gnu/security/pam_echo.so
2025-09-09 10:09:47 Found file: /lib/x86_64-linux-gnu/security/pam_env.so
2025-09-09 10:09:47 Found file: /lib/x86_64-linux-gnu/security/pam_exec.so
2025-09-09 10:09:47 Found file: /lib/x86_64-linux-gnu/security/pam_faildelay.so
2025-09-09 10:09:47 Found file: /lib/x86_64-linux-gnu/security/pam_faillock.so
2025-09-09 10:09:47 Found file: /lib/x86_64-linux-gnu/security/pam_filter.so
2025-09-09 10:09:47 Found file: /lib/x86_64-linux-gnu/security/pam_ftp.so
2025-09-09 10:09:47 Found file: /lib/x86_64-linux-gnu/security/pam_gnome_keyring.so
2025-09-09 10:09:47 Found file: /lib/x86_64-linux-gnu/security/pam_google_authenticator.so
2025-09-09 10:09:47 Found file: /lib/x86_64-linux-gnu/security/pam_group.so
2025-09-09 10:09:47 Found file: /lib/x86_64-linux-gnu/security/pam_issue.so
2025-09-09 10:09:47 Found file: /lib/x86_64-linux-gnu/security/pam_keyinit.so
2025-09-09 10:09:47 Found file: /lib/x86_64-linux-gnu/security/pam_lastlog.so
2025-09-09 10:09:47 Found file: /lib/x86_64-linux-gnu/security/pam_limits.so
2025-09-09 10:09:47 Found file: /lib/x86_64-linux-gnu/security/pam_listfile.so
2025-09-09 10:09:47 Found file: /lib/x86_64-linux-gnu/security/pam_localuser.so
2025-09-09 10:09:47 Found file: /lib/x86_64-linux-gnu/security/pam_loginuid.so
2025-09-09 10:09:47 Found file: /lib/x86_64-linux-gnu/security/pam_mail.so
2025-09-09 10:09:47 Found file: /lib/x86_64-linux-gnu/security/pam_mkhomedir.so
2025-09-09 10:09:47 Found file: /lib/x86_64-linux-gnu/security/pam_motd.so
2025-09-09 10:09:47 Found file: /lib/x86_64-linux-gnu/security/pam_namespace.so
2025-09-09 10:09:47 Found file: /lib/x86_64-linux-gnu/security/pam_nologin.so
2025-09-09 10:09:47 Found file: /lib/x86_64-linux-gnu/security/pam_permit.so
2025-09-09 10:09:47 Found file: /lib/x86_64-linux-gnu/security/pam_pwhistory.so
2025-09-09 10:09:47 Found file: /lib/x86_64-linux-gnu/security/pam_pwquality.so
2025-09-09 10:09:47 Found file: /lib/x86_64-linux-gnu/security/pam_rhosts.so
2025-09-09 10:09:47 Found file: /lib/x86_64-linux-gnu/security/pam_rootok.so
2025-09-09 10:09:47 Found file: /lib/x86_64-linux-gnu/security/pam_securetty.so
2025-09-09 10:09:47 Found file: /lib/x86_64-linux-gnu/security/pam_selinux.so
2025-09-09 10:09:47 Found file: /lib/x86_64-linux-gnu/security/pam_sepermit.so
2025-09-09 10:09:47 Found file: /lib/x86_64-linux-gnu/security/pam_setquota.so
2025-09-09 10:09:47 Found file: /lib/x86_64-linux-gnu/security/pam_shells.so
2025-09-09 10:09:47 Found file: /lib/x86_64-linux-gnu/security/pam_stress.so
2025-09-09 10:09:47 Found file: /lib/x86_64-linux-gnu/security/pam_succeed_if.so
2025-09-09 10:09:47 Found file: /lib/x86_64-linux-gnu/security/pam_systemd.so
2025-09-09 10:09:47 Found file: /lib/x86_64-linux-gnu/security/pam_time.so
2025-09-09 10:09:47 Found file: /lib/x86_64-linux-gnu/security/pam_timestamp.so
2025-09-09 10:09:47 Found file: /lib/x86_64-linux-gnu/security/pam_tmpdir.so
2025-09-09 10:09:47 Found file: /lib/x86_64-linux-gnu/security/pam_tty_audit.so
2025-09-09 10:09:47 Found file: /lib/x86_64-linux-gnu/security/pam_umask.so
2025-09-09 10:09:47 Found file: /lib/x86_64-linux-gnu/security/pam_unix.so
2025-09-09 10:09:47 Found file: /lib/x86_64-linux-gnu/security/pam_userdb.so
2025-09-09 10:09:47 Found file: /lib/x86_64-linux-gnu/security/pam_usertype.so
2025-09-09 10:09:47 Found file: /lib/x86_64-linux-gnu/security/pam_warn.so
2025-09-09 10:09:47 Found file: /lib/x86_64-linux-gnu/security/pam_wheel.so
2025-09-09 10:09:47 Found file: /lib/x86_64-linux-gnu/security/pam_xauth.so
2025-09-09 10:09:47 Test: Checking /lib64/security
2025-09-09 10:09:47 Result: directory /lib64/security could not be found or is a symlink to another directory
2025-09-09 10:09:47 Test: Checking /usr/lib
2025-09-09 10:09:47 Result: directory /usr/lib exists
2025-09-09 10:09:47 Test: Checking /usr/lib/security
2025-09-09 10:09:47 Result: directory /usr/lib/security could not be found or is a symlink to another directory
2025-09-09 10:09:47 ====
2025-09-09 10:09:47 Performing test ID AUTH-9278 (Determine LDAP support in PAM files)
2025-09-09 10:09:47 Test: checking presence /etc/pam.d/common-auth
2025-09-09 10:09:47 Result: file /etc/pam.d/common-auth exists
2025-09-09 10:09:47 Test: checking presence LDAP module
2025-09-09 10:09:47 Result: LDAP module not found
2025-09-09 10:09:47 Test: checking presence /etc/pam.d/system-auth
2025-09-09 10:09:47 Result: file /etc/pam.d/system-auth not found, skipping test
2025-09-09 10:09:47 ====
2025-09-09 10:09:47 Performing test ID AUTH-9282 (Checking password protected account without expire date)
2025-09-09 10:09:47 Test: Checking Linux version and password expire date status
2025-09-09 10:09:47 Result: found one or more accounts without expire date set
2025-09-09 10:09:47 Account without expire date: root
2025-09-09 10:09:47 Account without expire date: chris
2025-09-09 10:09:47 Suggestion: When possible set expire dates for all password protected accounts [test:AUTH-9282] [details:-] [solution:-]
2025-09-09 10:09:47 ====
2025-09-09 10:09:47 Performing test ID AUTH-9283 (Checking accounts without password)
2025-09-09 10:09:47 Test: Checking passwordless accounts
2025-09-09 10:09:47 Result: all accounts seem to have a password
2025-09-09 10:09:47 ====
2025-09-09 10:09:47 Performing test ID AUTH-9284 (Check locked user accounts in /etc/passwd)
2025-09-09 10:09:47 Test: Checking locked accounts
2025-09-09 10:09:47 Result: found one or more locked accounts
2025-09-09 10:09:47 Locked account: node_exporter
2025-09-09 10:09:47 Suggestion: Look at the locked accounts and consider removing them [test:AUTH-9284] [details:-] [solution:-]
2025-09-09 10:09:47 ====
2025-09-09 10:09:47 Performing test ID AUTH-9286 (Checking user password aging)
2025-09-09 10:09:47 Test: Checking PASS_MIN_DAYS option in /etc/login.defs
2025-09-09 10:09:47 Result: password needs to be at least 7 days old
2025-09-09 10:09:47 Hardening: assigned maximum number of hardening points for this item (3). Currently having 35 points (out of 44)
2025-09-09 10:09:47 Test: Checking PASS_MAX_DAYS option in /etc/login.defs 
2025-09-09 10:09:47 Result: max password age is 90 days
2025-09-09 10:09:47 Hardening: assigned maximum number of hardening points for this item (3). Currently having 38 points (out of 47)
2025-09-09 10:09:47 ====
2025-09-09 10:09:47 Performing test ID AUTH-9288 (Checking for expired passwords)
2025-09-09 10:09:47 Test: check if we can access /etc/shadow (escaped: /etc/shadow)
2025-09-09 10:09:47 Result: file is owned by our current user ID (0), checking if it is readable
2025-09-09 10:09:47 Result: file /etc/shadow is readable (or directory accessible).
2025-09-09 10:09:47 Data: Days since epoch is 20340
2025-09-09 10:09:47 Test: collecting accounts which have an expired password (last day changed + maximum change time)
2025-09-09 10:09:47 Result: good, no passwords have been expired
2025-09-09 10:09:47 Hardening: assigned maximum number of hardening points for this item (10). Currently having 48 points (out of 57)
2025-09-09 10:09:47 ====
2025-09-09 10:09:47 Skipped test AUTH-9304 (Check single user login configuration)
2025-09-09 10:09:47 Reason to skip: Incorrect guest OS (Solaris only)
2025-09-09 10:09:47 ====
2025-09-09 10:09:47 Skipped test AUTH-9306 (Check single boot authentication)
2025-09-09 10:09:47 Reason to skip: Incorrect guest OS (HP-UX only)
2025-09-09 10:09:47 ====
2025-09-09 10:09:47 Performing test ID AUTH-9308 (Check single user login configuration)
2025-09-09 10:09:47 Test: going to check several systemd targets now
2025-09-09 10:09:47 Test: checking if target console-shell.service is available (/lib/systemd/system/console-shell.service)
2025-09-09 10:09:47 Result: target console-shell.service not found
2025-09-09 10:09:47 Test: checking if target emergency.service is available (/lib/systemd/system/emergency.service)
2025-09-09 10:09:47 Result: found target emergency.service
2025-09-09 10:09:47 Result: sulogin was found, which is a good measure to protect single user mode
2025-09-09 10:09:47 Test: checking if target rescue.service is available (/lib/systemd/system/rescue.service)
2025-09-09 10:09:47 Result: found target rescue.service
2025-09-09 10:09:47 Result: sulogin was found, which is a good measure to protect single user mode
2025-09-09 10:09:47 Result: option set, password is needed at single user mode boot
2025-09-09 10:09:47 Hardening: assigned maximum number of hardening points for this item (2). Currently having 50 points (out of 59)
2025-09-09 10:09:47 ====
2025-09-09 10:09:47 Performing test ID AUTH-9328 (Default umask values)
2025-09-09 10:09:47 Test: Checking /etc/profile.d directory
2025-09-09 10:09:47 Result: found /etc/profile.d, with one or more files in it
2025-09-09 10:09:47 Test: Checking /etc/profile
2025-09-09 10:09:47 Result: file /etc/profile exists
2025-09-09 10:09:47 Test: Checking umask value in /etc/profile
2025-09-09 10:09:47 Result: did not find umask in /etc/profile
2025-09-09 10:09:47 Result: found no umask. Please check if this is correct
2025-09-09 10:09:47 Test: Checking umask entries in /etc/passwd (pam_umask)
2025-09-09 10:09:47 Result: file /etc/passwd exists
2025-09-09 10:09:47 Test: Checking umask value in /etc/passwd
2025-09-09 10:09:47 Manual: one or more manual actions are required for further testing of this control/plugin
2025-09-09 10:09:47 Test: Checking /etc/login.defs
2025-09-09 10:09:47 Result: file /etc/login.defs exists
2025-09-09 10:09:47 Test: Checking umask value in /etc/login.defs
2025-09-09 10:09:47 Result: found umask 022, which could be improved
2025-09-09 10:09:47 Suggestion: Default umask in /etc/login.defs could be more strict like 027 [test:AUTH-9328] [details:-] [solution:-]
2025-09-09 10:09:47 Hardening: assigned partial number of hardening points (0 of 2). Currently having 50 points (out of 61)
2025-09-09 10:09:47 Test: Checking /etc/init.d/functions
2025-09-09 10:09:47 Result: file /etc/init.d/functions does not exist
2025-09-09 10:09:47 Test: Checking /etc/init.d/rc
2025-09-09 10:09:47 Result: file /etc/init.d/rc does not exist
2025-09-09 10:09:47 Test: Checking /etc/init.d/rcS
2025-09-09 10:09:47 Result: file /etc/init.d/rcS does not exist
2025-09-09 10:09:47 ====
2025-09-09 10:09:47 Skipped test AUTH-9340 (Solaris account locking)
2025-09-09 10:09:47 Reason to skip: Incorrect guest OS (Solaris only)
2025-09-09 10:09:47 ====
2025-09-09 10:09:47 Performing test ID AUTH-9402 (Query LDAP authentication support)
2025-09-09 10:09:47 Result: LDAP authentication not enabled
2025-09-09 10:09:47 ====
2025-09-09 10:09:47 Skipped test AUTH-9406 (Query LDAP servers in client configuration)
2025-09-09 10:09:47 Reason to skip: Prerequisites not met (ie missing tool, other type of Linux distribution)
2025-09-09 10:09:47 ====
2025-09-09 10:09:47 Performing test ID AUTH-9408 (Logging of failed login attempts)
2025-09-09 10:09:47 Result: did not find /var/run/faillock directory or /var/log/tallylog file on disk or its file size is zero bytes
2025-09-09 10:09:47 Result: found pam_faillock module on disk
2025-09-09 10:09:47 Outcome: it looks like pam_faillock or pam_tally2 is not configured to log failed login attempts
2025-09-09 10:09:47 Test: Checking FAILLOG_ENAB option in /etc/login.defs 
2025-09-09 10:09:47 Result: FAILLOG_ENAB is set to 'yes'
2025-09-09 10:09:47 Outcome: failed login attempts are logged in /var/log/faillog
2025-09-09 10:09:47 Hardening: assigned maximum number of hardening points for this item (3). Currently having 53 points (out of 64)
2025-09-09 10:09:47 ====
2025-09-09 10:09:47 Skipped test AUTH-9409 (Checking /etc/doas.conf file)
2025-09-09 10:09:47 Reason to skip: Incorrect guest OS (OpenBSD only)
2025-09-09 10:09:47 ====
2025-09-09 10:09:47 Skipped test AUTH-9410 (Check /etc/doas.conf file permissions)
2025-09-09 10:09:47 Reason to skip: Incorrect guest OS (OpenBSD only)
2025-09-09 10:09:47 Security check: file is normal
2025-09-09 10:09:47 Checking permissions of /usr/share/lynis/include/tests_shells
2025-09-09 10:09:47 File permissions are OK
2025-09-09 10:09:47 ====
2025-09-09 10:09:47 Action: Performing tests from category: Shells
2025-09-09 10:09:47 ====
2025-09-09 10:09:47 Skipped test SHLL-6202 (Check console TTYs)
2025-09-09 10:09:47 Reason to skip: Incorrect guest OS (FreeBSD only)
2025-09-09 10:09:47 ====
2025-09-09 10:09:47 Performing test ID SHLL-6211 (Available and valid shells)
2025-09-09 10:09:47 Test: Searching for /etc/shells
2025-09-09 10:09:47 Result: Found /etc/shells file
2025-09-09 10:09:47 Test: Reading available shells from /etc/shells
2025-09-09 10:09:47 Found installed shell: /bin/sh
2025-09-09 10:09:47 Found installed shell: /usr/bin/sh
2025-09-09 10:09:47 Found installed shell: /bin/bash
2025-09-09 10:09:47 Found installed shell: /usr/bin/bash
2025-09-09 10:09:47 Found installed shell: /bin/rbash
2025-09-09 10:09:47 Found installed shell: /usr/bin/rbash
2025-09-09 10:09:47 Found installed shell: /bin/dash
2025-09-09 10:09:47 Found installed shell: /usr/bin/dash
2025-09-09 10:09:47 ====
2025-09-09 10:09:47 Performing test ID SHLL-6220 (Idle session killing tools or settings)
2025-09-09 10:09:47 Test: Search for session timeout tools or settings in shell
2025-09-09 10:09:47 Performing pgrep scan without uid
2025-09-09 10:09:47 IsRunning: process 'timeoutd' not found
2025-09-09 10:09:47 Performing pgrep scan without uid
2025-09-09 10:09:47 IsRunning: process 'autolog' not found
2025-09-09 10:09:47 Result: could not find TMOUT setting in /etc/profile
2025-09-09 10:09:47 Result: could not find export, readonly or typeset -r in /etc/profile
2025-09-09 10:09:47 Result: could not find TMOUT setting in /etc/profile.d/*.sh
2025-09-09 10:09:47 Result: could not find export, readonly or typeset -r in /etc/profile
2025-09-09 10:09:47 Hardening: assigned partial number of hardening points (1 of 3). Currently having 54 points (out of 67)
2025-09-09 10:09:47 ====
2025-09-09 10:09:47 Performing test ID SHLL-6230 (Perform umask check for shell configurations)
2025-09-09 10:09:47 Result: file /etc/bashrc not found
2025-09-09 10:09:47 Result: file /etc/bash.bashrc exists
2025-09-09 10:09:47 Result: did not find umask configured in /etc/bash.bashrc
2025-09-09 10:09:47 Result: file /etc/bash.bashrc.local not found
2025-09-09 10:09:47 Result: file /etc/csh.cshrc not found
2025-09-09 10:09:47 Result: file /etc/profile exists
2025-09-09 10:09:47 Result: did not find umask configured in /etc/profile
2025-09-09 10:09:47 Security check: file is normal
2025-09-09 10:09:47 Checking permissions of /usr/share/lynis/include/tests_filesystems
2025-09-09 10:09:47 File permissions are OK
2025-09-09 10:09:47 ====
2025-09-09 10:09:47 Action: Performing tests from category: File systems
2025-09-09 10:09:47 ====
2025-09-09 10:09:47 Performing test ID FILE-6310 (Checking /tmp, /home and /var directory)
2025-09-09 10:09:47 Test: Checking if /home is mounted separately or mounted on / file system
2025-09-09 10:09:47 Result: directory /home exists
2025-09-09 10:09:47 Result: /home not found in mount list. Directory most likely stored on / file system
2025-09-09 10:09:47 Suggestion: To decrease the impact of a full /home file system, place /home on a separate partition [test:FILE-6310] [details:-] [solution:-]
2025-09-09 10:09:47 Hardening: assigned partial number of hardening points (9 of 10). Currently having 63 points (out of 77)
2025-09-09 10:09:47 Test: Checking if /tmp is mounted separately or mounted on / file system
2025-09-09 10:09:47 Result: directory /tmp exists
2025-09-09 10:09:47 Result: /tmp not found in mount list. Directory most likely stored on / file system
2025-09-09 10:09:47 Suggestion: To decrease the impact of a full /tmp file system, place /tmp on a separate partition [test:FILE-6310] [details:-] [solution:-]
2025-09-09 10:09:47 Hardening: assigned partial number of hardening points (9 of 10). Currently having 72 points (out of 87)
2025-09-09 10:09:47 Test: Checking if /var is mounted separately or mounted on / file system
2025-09-09 10:09:47 Result: directory /var exists
2025-09-09 10:09:47 Result: /var not found in mount list. Directory most likely stored on / file system
2025-09-09 10:09:47 Suggestion: To decrease the impact of a full /var file system, place /var on a separate partition [test:FILE-6310] [details:-] [solution:-]
2025-09-09 10:09:47 Hardening: assigned partial number of hardening points (9 of 10). Currently having 81 points (out of 97)
2025-09-09 10:09:47 ====
2025-09-09 10:09:47 Performing test ID FILE-6311 (Checking LVM volume groups)
2025-09-09 10:09:47 Test: Checking for LVM volume groups
2025-09-09 10:09:47 Result: no LVM volume groups found
2025-09-09 10:09:47 ====
2025-09-09 10:09:47 Skipped test FILE-6312 (Checking LVM volumes)
2025-09-09 10:09:47 Reason to skip: Prerequisites not met (ie missing tool, other type of Linux distribution)
2025-09-09 10:09:47 ====
2025-09-09 10:09:47 Performing test ID FILE-6323 (Checking EXT file systems)
2025-09-09 10:09:47 Test: Checking for Linux EXT file systems
2025-09-09 10:09:47 Result: found one or more EXT file systems
2025-09-09 10:09:47 File system: / (type: ext4)
2025-09-09 10:09:47 ====
2025-09-09 10:09:47 Performing test ID FILE-6324 (Checking XFS file systems)
2025-09-09 10:09:47 Test: Checking for Linux XFS file systems
2025-09-09 10:09:47 Result: no XFS file systems found
2025-09-09 10:09:47 ====
2025-09-09 10:09:47 Performing test ID FILE-6329 (Checking FFS/UFS file systems)
2025-09-09 10:09:47 Test: Query /etc/fstab for available FFS/UFS mount points
2025-09-09 10:09:47 Result: unable to find any single mount point (FFS/UFS)
2025-09-09 10:09:47 ====
2025-09-09 10:09:47 Skipped test FILE-6330 (Checking ZFS file systems)
2025-09-09 10:09:47 Reason to skip: Incorrect guest OS (FreeBSD only)
2025-09-09 10:09:47 ====
2025-09-09 10:09:47 Skipped test FILE-6439 (Checking HAMMER PFS mounts)
2025-09-09 10:09:47 Reason to skip: Incorrect guest OS (DragonFly only)
2025-09-09 10:09:47 ====
2025-09-09 10:09:47 Performing test ID FILE-6332 (Checking swap partitions)
2025-09-09 10:09:47 Test: query swap partitions from /etc/fstab file
2025-09-09 10:09:47 Swap partition found: UUID=b821fc43-fb4c-48b7-b02e-29e53877020f
2025-09-09 10:09:47 Result: Using b821fc43-fb4c-48b7-b02e-29e53877020f as UUID
2025-09-09 10:09:47 ====
2025-09-09 10:09:47 Performing test ID FILE-6336 (Checking swap mount options)
2025-09-09 10:09:47 Test: check swap partitions with incorrect mount options
2025-09-09 10:09:47 Result: all swap partitions have correct options (sw or swap)
2025-09-09 10:09:47 ====
2025-09-09 10:09:47 Skipped test FILE-6344 (Checking proc mount options)
2025-09-09 10:09:47 Reason to skip: Prerequisites not met (ie missing tool, other type of Linux distribution)
2025-09-09 10:09:47 ====
2025-09-09 10:09:47 Performing test ID FILE-6354 (Searching for old files in /tmp)
2025-09-09 10:09:47 Test: Searching for old files in /tmp
2025-09-09 10:09:47 Result: no files found in /tmp which are older than 3 months
2025-09-09 10:09:47 ====
2025-09-09 10:09:47 Performing test ID FILE-6362 (Checking /tmp sticky bit)
2025-09-09 10:09:47 Result: sticky bit found on /tmp directory
2025-09-09 10:09:47 Hardening: assigned maximum number of hardening points for this item (3). Currently having 84 points (out of 100)
2025-09-09 10:09:47 ====
2025-09-09 10:09:47 Performing test ID FILE-6363 (Checking /var/tmp sticky bit)
2025-09-09 10:09:47 Result: sticky bit found on /var/tmp directory
2025-09-09 10:09:47 Hardening: assigned maximum number of hardening points for this item (3). Currently having 87 points (out of 103)
2025-09-09 10:09:47 ====
2025-09-09 10:09:47 Performing test ID FILE-6368 (Checking ACL support on root file system)
2025-09-09 10:09:47 Test: Checking acl option on ext[2-4] root file system
2025-09-09 10:09:47 Result: mount point probably mounted with defaults
2025-09-09 10:09:47 Test: Checking device which holds root file system
2025-09-09 10:09:47 Result: found /dev/sda1
2025-09-09 10:09:47 Test: Checking default options on /dev/sda1
2025-09-09 10:09:47 Result: found ACL option in default mount options
2025-09-09 10:09:47 Test: Checking acl option on xfs root file system
2025-09-09 10:09:47 Result: ACL option enabled on root file system
2025-09-09 10:09:47 Hardening: assigned maximum number of hardening points for this item (3). Currently having 90 points (out of 106)
2025-09-09 10:09:47 ====
2025-09-09 10:09:47 Performing test ID FILE-6372 (Checking / mount options)
2025-09-09 10:09:47 Result: mount system / is configured with options: errors=remount-ro
2025-09-09 10:09:47 ====
2025-09-09 10:09:47 Performing test ID FILE-6374 (Linux mount options)
2025-09-09 10:09:47 Result: file system /boot not found in /etc/fstab
2025-09-09 10:09:47 File system:    /dev
2025-09-09 10:09:47 Expected flags: noexec nosuid
2025-09-09 10:09:47 Found flags:    (rw nosuid relatime size=22454732k nr_inodes=5613683 mode=755 inode64) 
2025-09-09 10:09:47 Result: Could not find mount option noexec on file system /dev
2025-09-09 10:09:47 Result: GOOD, found mount option nosuid on file system /dev
2025-09-09 10:09:47 Result: marked /dev as partially hardened
2025-09-09 10:09:47 Hardening: assigned partial number of hardening points (4 of 5). Currently having 94 points (out of 111)
2025-09-09 10:09:47 File system:    /dev/shm
2025-09-09 10:09:47 Expected flags: nosuid nodev noexec
2025-09-09 10:09:47 Found flags:    (rw nosuid nodev inode64) 
2025-09-09 10:09:47 Result: GOOD, found mount option nosuid on file system /dev/shm
2025-09-09 10:09:48 Result: GOOD, found mount option nodev on file system /dev/shm
2025-09-09 10:09:48 Result: Could not find mount option noexec on file system /dev/shm
2025-09-09 10:09:48 Result: marked /dev/shm as partially hardened
2025-09-09 10:09:48 Hardening: assigned partial number of hardening points (4 of 5). Currently having 98 points (out of 116)
2025-09-09 10:09:48 Result: file system /home not found in /etc/fstab
2025-09-09 10:09:48 File system:    /run
2025-09-09 10:09:48 Expected flags: nodev nosuid
2025-09-09 10:09:48 Found flags:    (rw nosuid nodev noexec relatime size=4500848k mode=755 inode64) 
2025-09-09 10:09:48 Result: GOOD, found mount option nodev on file system /run
2025-09-09 10:09:48 Result: GOOD, found mount option nosuid on file system /run
2025-09-09 10:09:48 Result: marked /run as fully hardened
2025-09-09 10:09:48 Hardening: assigned maximum number of hardening points for this item (5). Currently having 103 points (out of 121)
2025-09-09 10:09:48 Result: file system /tmp not found in /etc/fstab
2025-09-09 10:09:48 Result: file system /var not found in /etc/fstab
2025-09-09 10:09:48 Result: file system /var/log not found in /etc/fstab
2025-09-09 10:09:48 Result: file system /var/log/audit not found in /etc/fstab
2025-09-09 10:09:48 Result: file system /var/tmp not found in /etc/fstab
2025-09-09 10:09:48 Result: Total without nodev:5 noexec:8 nosuid:3 ro or noexec (W^X): 8, of total 29
2025-09-09 10:09:48 ====
2025-09-09 10:09:48 Performing test ID FILE-6376 (Determine if /var/tmp is bound to /tmp)
2025-09-09 10:09:48 Result: no mount point /var/tmp or expected options found
2025-09-09 10:09:48 ====
2025-09-09 10:09:48 Performing test ID FILE-6394 (Determine level of swappiness.)
2025-09-09 10:09:48 Test: checking level of vm.swappiness: 60
2025-09-09 10:09:48 Result: vm.swappiness=60 which is the standard level of swappiness and works well for desktop systems.
2025-09-09 10:09:48 ====
2025-09-09 10:09:48 Skipped test FILE-6410 (Checking Locate database)
2025-09-09 10:09:48 Reason to skip: Prerequisites not met (ie missing tool, other type of Linux distribution)
2025-09-09 10:09:48 ====
2025-09-09 10:09:48 Performing test ID FILE-6430 (Disable mounting of some filesystems)
2025-09-09 10:09:48 Hardening: assigned maximum number of hardening points for this item (3). Currently having 106 points (out of 124)
2025-09-09 10:09:48 Result: found freevxfs support in the kernel (output = insmod /lib/modules/6.1.0-39-amd64/kernel/fs/freevxfs/freevxfs.ko )
2025-09-09 10:09:48 Test: Checking if freevxfs is active
2025-09-09 10:09:48 Result: module freevxfs is currently not loaded in the kernel.
2025-09-09 10:09:48 Hardening: assigned partial number of hardening points (2 of 3). Currently having 108 points (out of 127)
2025-09-09 10:09:48 Result: found hfs support in the kernel (output = insmod /lib/modules/6.1.0-39-amd64/kernel/fs/hfs/hfs.ko )
2025-09-09 10:09:48 Test: Checking if hfs is active
2025-09-09 10:09:48 Result: module hfs is currently not loaded in the kernel.
2025-09-09 10:09:48 Hardening: assigned partial number of hardening points (2 of 3). Currently having 110 points (out of 130)
2025-09-09 10:09:48 Result: found hfsplus support in the kernel (output = insmod /lib/modules/6.1.0-39-amd64/kernel/fs/hfsplus/hfsplus.ko )
2025-09-09 10:09:48 Test: Checking if hfsplus is active
2025-09-09 10:09:48 Result: module hfsplus is currently not loaded in the kernel.
2025-09-09 10:09:48 Hardening: assigned partial number of hardening points (2 of 3). Currently having 112 points (out of 133)
2025-09-09 10:09:48 Result: found jffs2 support in the kernel (output = insmod /lib/modules/6.1.0-39-amd64/kernel/fs/jffs2/jffs2.ko )
2025-09-09 10:09:48 Test: Checking if jffs2 is active
2025-09-09 10:09:48 Result: module jffs2 is currently not loaded in the kernel.
2025-09-09 10:09:48 Hardening: assigned partial number of hardening points (2 of 3). Currently having 114 points (out of 136)
2025-09-09 10:09:48 Result: found squashfs support in the kernel (output = insmod /lib/modules/6.1.0-39-amd64/kernel/fs/squashfs/squashfs.ko )
2025-09-09 10:09:48 Test: Checking if squashfs is active
2025-09-09 10:09:48 Result: module squashfs is currently not loaded in the kernel.
2025-09-09 10:09:48 Hardening: assigned partial number of hardening points (2 of 3). Currently having 116 points (out of 139)
2025-09-09 10:09:48 Result: found udf support in the kernel (output = insmod /lib/modules/6.1.0-39-amd64/kernel/fs/udf/udf.ko )
2025-09-09 10:09:48 Test: Checking if udf is active
2025-09-09 10:09:48 Result: module udf is currently not loaded in the kernel.
2025-09-09 10:09:48 Hardening: assigned partial number of hardening points (2 of 3). Currently having 118 points (out of 142)
2025-09-09 10:09:48 Security check: file is normal
2025-09-09 10:09:48 Checking permissions of /usr/share/lynis/include/tests_usb
2025-09-09 10:09:48 File permissions are OK
2025-09-09 10:09:48 ====
2025-09-09 10:09:48 Action: Performing tests from category: USB Devices
2025-09-09 10:09:48 ====
2025-09-09 10:09:48 Performing test ID USB-1000 (Check if USB storage is disabled)
2025-09-09 10:09:48 Test: Checking USB storage driver in directory /etc/modprobe.d and configuration file /etc/modprobe.conf
2025-09-09 10:09:48 Result: usb-storage driver is not explicitly disabled
2025-09-09 10:09:48 Suggestion: Disable drivers like USB storage when not used, to prevent unauthorized storage or data theft [test:USB-1000] [details:-] [solution:-]
2025-09-09 10:09:48 Hardening: assigned partial number of hardening points (2 of 3). Currently having 120 points (out of 145)
2025-09-09 10:09:48 ====
2025-09-09 10:09:48 Performing test ID USB-2000 (Check USB authorizations)
2025-09-09 10:09:48 Test: checking presence of USB devices path (/sys/bus/usb/devices)
2025-09-09 10:09:48 Test: Checking USB devices authorization to connect to the system
2025-09-09 10:09:48 Test: /sys/bus/usb/devices/usb1 is authorized by default (authorized_default=1)
2025-09-09 10:09:48 Test: /sys/bus/usb/devices/usb1 is authorized currently (authorized=1)
2025-09-09 10:09:48 Test: /sys/bus/usb/devices/usb2 is authorized by default (authorized_default=1)
2025-09-09 10:09:48 Test: /sys/bus/usb/devices/usb2 is authorized currently (authorized=1)
2025-09-09 10:09:48 Result: Some USB devices are authorized by default (or temporary) to connect to the system
2025-09-09 10:09:48 Hardening: assigned partial number of hardening points (0 of 3). Currently having 120 points (out of 148)
2025-09-09 10:09:48 ====
2025-09-09 10:09:48 Performing test ID USB-3000 (Check for presence of USBGuard)
2025-09-09 10:09:48 Result: USBGuard not found
2025-09-09 10:09:48 Hardening: assigned partial number of hardening points (0 of 8). Currently having 120 points (out of 156)
2025-09-09 10:09:48 Security check: file is normal
2025-09-09 10:09:48 Checking permissions of /usr/share/lynis/include/tests_storage
2025-09-09 10:09:48 File permissions are OK
2025-09-09 10:09:48 ====
2025-09-09 10:09:48 Action: Performing tests from category: Storage
2025-09-09 10:09:48 ====
2025-09-09 10:09:48 Performing test ID STRG-1846 (Check if firewire storage is disabled)
2025-09-09 10:09:48 Test: Checking firewire storage driver in directory /etc/modprobe.d and configuration file /etc/modprobe.conf
2025-09-09 10:09:48 Result: firewire ohci driver is not explicitly disabled
2025-09-09 10:09:48 Suggestion: Disable drivers like firewire storage when not used, to prevent unauthorized storage or data theft [test:STRG-1846] [details:-] [solution:-]
2025-09-09 10:09:48 Hardening: assigned partial number of hardening points (2 of 3). Currently having 122 points (out of 159)
2025-09-09 10:09:48 Security check: file is normal
2025-09-09 10:09:48 Checking permissions of /usr/share/lynis/include/tests_storage_nfs
2025-09-09 10:09:48 File permissions are OK
2025-09-09 10:09:48 ====
2025-09-09 10:09:48 Action: Performing tests from category: NFS
2025-09-09 10:09:48 ====
2025-09-09 10:09:48 Skipped test STRG-1902 (Check rpcinfo registered programs)
2025-09-09 10:09:48 Reason to skip: Prerequisites not met (ie missing tool, other type of Linux distribution)
2025-09-09 10:09:48 ====
2025-09-09 10:09:48 Skipped test STRG-1904 (Check nfs rpc)
2025-09-09 10:09:48 Reason to skip: Prerequisites not met (ie missing tool, other type of Linux distribution)
2025-09-09 10:09:48 ====
2025-09-09 10:09:48 Skipped test STRG-1906 (Check nfs rpc)
2025-09-09 10:09:48 Reason to skip: Prerequisites not met (ie missing tool, other type of Linux distribution)
2025-09-09 10:09:48 ====
2025-09-09 10:09:48 Performing test ID STRG-1920 (Checking NFS daemon)
2025-09-09 10:09:48 Test: Checking running NFS daemon
2025-09-09 10:09:48 Output: NFS daemon is not running
2025-09-09 10:09:48 ====
2025-09-09 10:09:48 Skipped test STRG-1926 (Checking NFS exports)
2025-09-09 10:09:48 Reason to skip: Prerequisites not met (ie missing tool, other type of Linux distribution)
2025-09-09 10:09:48 ====
2025-09-09 10:09:48 Skipped test STRG-1928 (Checking empty /etc/exports)
2025-09-09 10:09:48 Reason to skip: Prerequisites not met (ie missing tool, other type of Linux distribution)
2025-09-09 10:09:48 ====
2025-09-09 10:09:48 Skipped test STRG-1930 (Check client access to nfs share)
2025-09-09 10:09:48 Reason to skip: Prerequisites not met (ie missing tool, other type of Linux distribution)
2025-09-09 10:09:48 Security check: file is normal
2025-09-09 10:09:48 Checking permissions of /usr/share/lynis/include/tests_nameservices
2025-09-09 10:09:48 File permissions are OK
2025-09-09 10:09:48 ====
2025-09-09 10:09:48 Action: Performing tests from category: Name services
2025-09-09 10:09:48 ====
2025-09-09 10:09:48 Performing test ID NAME-4016 (Check /etc/resolv.conf default domain)
2025-09-09 10:09:48 Test: check /etc/resolv.conf for default domain
2025-09-09 10:09:48 Result: /etc/resolv.conf found
2025-09-09 10:09:48 Result: no default domain found
2025-09-09 10:09:48 ====
2025-09-09 10:09:48 Performing test ID NAME-4018 (Check /etc/resolv.conf search domains)
2025-09-09 10:09:48 Test: check /etc/resolv.conf for search domains
2025-09-09 10:09:48 Result: /etc/resolv.conf found
2025-09-09 10:09:48 Found search domain: lan
2025-09-09 10:09:48 Result: Found 1 search domains
2025-09-09 10:09:48 Result: found 1 line(s) with a search statement (expecting less than 2 lines)
2025-09-09 10:09:48 ====
2025-09-09 10:09:48 Performing test ID NAME-4020 (Check non default options)
2025-09-09 10:09:48 Test: check /etc/resolv.conf for non default options
2025-09-09 10:09:48 Result: /etc/resolv.conf found
2025-09-09 10:09:48 Result: no specific other options configured in /etc/resolv.conf
2025-09-09 10:09:48 ====
2025-09-09 10:09:48 Skipped test NAME-4024 (Solaris uname -n output)
2025-09-09 10:09:48 Reason to skip: Incorrect guest OS (Solaris only)
2025-09-09 10:09:48 ====
2025-09-09 10:09:48 Skipped test NAME-4026 (Check /etc/nodename)
2025-09-09 10:09:48 Reason to skip: Incorrect guest OS (Solaris only)
2025-09-09 10:09:48 ====
2025-09-09 10:09:48 Performing test ID NAME-4028 (Check domain name)
2025-09-09 10:09:48 Test: Checking if dnsdomainname command is available
2025-09-09 10:09:48 Result: dnsdomainname command returned no value
2025-09-09 10:09:48 Result: using domain name from FQDN hostname (debian)
2025-09-09 10:09:48 Suggestion: Check DNS configuration for the dns domain name [test:NAME-4028] [details:-] [solution:-]
2025-09-09 10:09:48 ====
2025-09-09 10:09:48 Performing test ID NAME-4032 (Check nscd status)
2025-09-09 10:09:48 Test: checking nscd status
2025-09-09 10:09:48 Performing pgrep scan without uid
2025-09-09 10:09:48 IsRunning: process 'nscd' not found
2025-09-09 10:09:48 Result: nscd is not running
2025-09-09 10:09:48 ====
2025-09-09 10:09:48 Performing test ID NAME-4034 (Check Unbound status)
2025-09-09 10:09:48 Test: checking Unbound (unbound) status
2025-09-09 10:09:48 Performing pgrep scan without uid
2025-09-09 10:09:48 IsRunning: process 'unbound' not found
2025-09-09 10:09:48 Result: Unbound daemon is not running
2025-09-09 10:09:48 ====
2025-09-09 10:09:48 Skipped test NAME-4036 (Check Unbound configuration file)
2025-09-09 10:09:48 Reason to skip: Prerequisites not met (ie missing tool, other type of Linux distribution)
2025-09-09 10:09:48 ====
2025-09-09 10:09:48 Performing test ID NAME-4202 (Check BIND status)
2025-09-09 10:09:48 Test: Checking for running BIND instance
2025-09-09 10:09:48 Performing pgrep scan without uid
2025-09-09 10:09:48 IsRunning: process 'named' not found
2025-09-09 10:09:48 Result: BIND not running
2025-09-09 10:09:48 ====
2025-09-09 10:09:48 Skipped test NAME-4204 (Search BIND configuration file)
2025-09-09 10:09:48 Reason to skip: Prerequisites not met (ie missing tool, other type of Linux distribution)
2025-09-09 10:09:48 ====
2025-09-09 10:09:48 Skipped test NAME-4206 (Check BIND configuration consistency)
2025-09-09 10:09:48 Reason to skip: Prerequisites not met (ie missing tool, other type of Linux distribution)
2025-09-09 10:09:48 ====
2025-09-09 10:09:48 Skipped test NAME-4210 (Check DNS banner)
2025-09-09 10:09:48 Reason to skip: Prerequisites not met (ie missing tool, other type of Linux distribution)
2025-09-09 10:09:48 ====
2025-09-09 10:09:48 Performing test ID NAME-4230 (Check PowerDNS status)
2025-09-09 10:09:48 Test: Checking for running PowerDNS instance
2025-09-09 10:09:48 Performing pgrep scan without uid
2025-09-09 10:09:48 IsRunning: process 'pdns_server' not found
2025-09-09 10:09:48 Result: PowerDNS not running
2025-09-09 10:09:48 ====
2025-09-09 10:09:48 Skipped test NAME-4232 (Search PowerDNS configuration file)
2025-09-09 10:09:48 Reason to skip: Prerequisites not met (ie missing tool, other type of Linux distribution)
2025-09-09 10:09:48 ====
2025-09-09 10:09:48 Skipped test NAME-4236 (Check PowerDNS backends)
2025-09-09 10:09:48 Reason to skip: Prerequisites not met (ie missing tool, other type of Linux distribution)
2025-09-09 10:09:48 ====
2025-09-09 10:09:48 Skipped test NAME-4238 (Check PowerDNS authoritative status)
2025-09-09 10:09:48 Reason to skip: Prerequisites not met (ie missing tool, other type of Linux distribution)
2025-09-09 10:09:48 ====
2025-09-09 10:09:48 Performing test ID NAME-4304 (Check NIS ypbind status)
2025-09-09 10:09:48 Test: Checking status of ypbind daemon
2025-09-09 10:09:48 Performing pgrep scan without uid
2025-09-09 10:09:48 IsRunning: process 'ypbind' not found
2025-09-09 10:09:48 Result: ypbind is not active
2025-09-09 10:09:48 ====
2025-09-09 10:09:48 Skipped test NAME-4306 (Check NIS domain)
2025-09-09 10:09:48 Reason to skip: Prerequisites not met (ie missing tool, other type of Linux distribution)
2025-09-09 10:09:48 ====
2025-09-09 10:09:48 Performing test ID NAME-4402 (Check duplicate line in /etc/hosts)
2025-09-09 10:09:48 Test: check duplicate line in /etc/hosts
2025-09-09 10:09:48 Result: OK, no duplicate lines found
2025-09-09 10:09:48 ====
2025-09-09 10:09:48 Performing test ID NAME-4404 (Check /etc/hosts contains an entry for this server name)
2025-09-09 10:09:48 Test: Check /etc/hosts contains an entry for this server name
2025-09-09 10:09:48 Result: Found entry for debian in /etc/hosts
2025-09-09 10:09:48 ====
2025-09-09 10:09:48 Performing test ID NAME-4406 (Check server hostname mapping)
2025-09-09 10:09:48 Test: Check server hostname not locally mapped in /etc/hosts
2025-09-09 10:09:48 Result: this server hostname is not mapped to a local address
2025-09-09 10:09:48 ====
2025-09-09 10:09:48 Performing test ID NAME-4408 (Check localhost entry)
2025-09-09 10:09:48 Test: Check server hostname not locally mapped in /etc/hosts
2025-09-09 10:09:48 Result: localhost mapped to ::1
2025-09-09 10:09:48 Security check: file is normal
2025-09-09 10:09:48 Checking permissions of /usr/share/lynis/include/tests_dns
2025-09-09 10:09:48 File permissions are OK
2025-09-09 10:09:48 Security check: file is normal
2025-09-09 10:09:48 Checking permissions of /usr/share/lynis/include/tests_ports_packages
2025-09-09 10:09:48 File permissions are OK
2025-09-09 10:09:48 ====
2025-09-09 10:09:48 Action: Performing tests from category: Ports and packages
2025-09-09 10:09:48 ====
2025-09-09 10:09:48 Skipped test PKGS-7200 (Querying apk)
2025-09-09 10:09:48 Reason to skip: Prerequisites not met (ie missing tool, other type of Linux distribution)
2025-09-09 10:09:48 Result: apk NOT
2025-09-09 10:09:48 ====
2025-09-09 10:09:48 Skipped test PKGS-7301 (Query FreeBSD pkg)
2025-09-09 10:09:48 Reason to skip: Prerequisites not met (ie missing tool, other type of Linux distribution)
2025-09-09 10:09:48 ====
2025-09-09 10:09:48 Skipped test PKGS-7302 (Query FreeBSD/NetBSD pkg_info)
2025-09-09 10:09:48 Reason to skip: Prerequisites not met (ie missing tool, other type of Linux distribution)
2025-09-09 10:09:48 ====
2025-09-09 10:09:48 Skipped test PKGS-7303 (Query brew package manager)
2025-09-09 10:09:48 Reason to skip: Prerequisites not met (ie missing tool, other type of Linux distribution)
2025-09-09 10:09:48 Result: brew can NOT be found on this system
2025-09-09 10:09:48 ====
2025-09-09 10:09:48 Skipped test PKGS-7304 (Querying Gentoo packages)
2025-09-09 10:09:48 Reason to skip: Prerequisites not met (ie missing tool, other type of Linux distribution)
2025-09-09 10:09:48 Result: emerge can NOT be found on this system
2025-09-09 10:09:48 ====
2025-09-09 10:09:48 Skipped test PKGS-7306 (Querying Solaris packages)
2025-09-09 10:09:48 Reason to skip: Incorrect guest OS (Solaris only)
2025-09-09 10:09:48 Result: pkginfo can NOT be found on this system
2025-09-09 10:09:48 ====
2025-09-09 10:09:48 Skipped test PKGS-7308 (Checking package list with RPM)
2025-09-09 10:09:48 Reason to skip: Prerequisites not met (ie missing tool, other type of Linux distribution)
2025-09-09 10:09:48 Result: RPM binary NOT found on this system, test skipped
2025-09-09 10:09:48 ====
2025-09-09 10:09:48 Skipped test PKGS-7310 (Checking package list with pacman)
2025-09-09 10:09:48 Reason to skip: Prerequisites not met (ie missing tool, other type of Linux distribution)
2025-09-09 10:09:48 ====
2025-09-09 10:09:48 Skipped test PKGS-7312 (Checking available updates for pacman based system)
2025-09-09 10:09:48 Reason to skip: Prerequisites not met (ie missing tool, other type of Linux distribution)
2025-09-09 10:09:48 Result: pacman binary NOT found on this system, test skipped
2025-09-09 10:09:48 ====
2025-09-09 10:09:48 Skipped test PKGS-7314 (Checking pacman configuration options)
2025-09-09 10:09:48 Reason to skip: Prerequisites not met (ie missing tool, other type of Linux distribution)
2025-09-09 10:09:48 ====
2025-09-09 10:09:48 Skipped test PKGS-7320 (Checking for arch-audit tooling)
2025-09-09 10:09:48 Reason to skip: Test only applies to Arch Linux and Garuda Linux
2025-09-09 10:09:48 ====
2025-09-09 10:09:48 Skipped test PKGS-7322 (Discover vulnerable packages with arch-audit)
2025-09-09 10:09:48 Reason to skip: arch-audit not found
2025-09-09 10:09:48 ====
2025-09-09 10:09:48 Skipped test PKGS-7328 (Querying Zypper for installed packages)
2025-09-09 10:09:48 Reason to skip: Prerequisites not met (ie missing tool, other type of Linux distribution)
2025-09-09 10:09:48 ====
2025-09-09 10:09:48 Skipped test PKGS-7330 (Querying Zypper for vulnerable packages)
2025-09-09 10:09:48 Reason to skip: Prerequisites not met (ie missing tool, other type of Linux distribution)
2025-09-09 10:09:48 ====
2025-09-09 10:09:48 Skipped test PKGS-7332 (Query macOS ports)
2025-09-09 10:09:48 Reason to skip: Incorrect guest OS (macOS only)
2025-09-09 10:09:48 ====
2025-09-09 10:09:48 Skipped test PKGS-7334 (Query port for port upgrades)
2025-09-09 10:09:48 Reason to skip: Incorrect guest OS (macOS only)
2025-09-09 10:09:48 ====
2025-09-09 10:09:48 Performing test ID PKGS-7345 (Querying dpkg)
2025-09-09 10:09:48 Result: Found dpkg binary
2025-09-09 10:09:48 Test: Querying dpkg -l to get package list
2025-09-09 10:09:48 Output:
2025-09-09 10:09:48 Found package: accountsservice (version: 22.08.8-6)
2025-09-09 10:09:48 Found package: ack (version: 3.6.0-1)
2025-09-09 10:09:48 Found package: acl (version: 2.3.1-3)
2025-09-09 10:09:48 Found package: acpica-tools (version: 20200925-8)
2025-09-09 10:09:48 Found package: adduser (version: 3.134)
2025-09-09 10:09:48 Found package: adwaita-icon-theme (version: 43-1)
2025-09-09 10:09:48 Found package: aide (version: 0.18.3-1+deb12u4)
2025-09-09 10:09:48 Found package: aide-common (version: 0.18.3-1+deb12u4)
2025-09-09 10:09:48 Found package: alsa-topology-conf (version: 1.2.5.1-2)
2025-09-09 10:09:48 Found package: alsa-ucm-conf (version: 1.2.8-1)
2025-09-09 10:09:48 Found package: alsa-utils (version: 1.2.8-1)
2025-09-09 10:09:48 Found package: amd64-microcode (version: 3.20250311.1~deb12u1)
2025-09-09 10:09:48 Found package: anacron (version: 2.3-36)
2025-09-09 10:09:48 Found package: anthy (version: 1:0.4-2)
2025-09-09 10:09:48 Found package: anthy-common (version: 1:0.4-2)
2025-09-09 10:09:48 Found package: apparmor (version: 3.0.8-3)
2025-09-09 10:09:48 Found package: apparmor-profiles (version: 3.0.8-3)
2025-09-09 10:09:48 Found package: apparmor-utils (version: 3.0.8-3)
2025-09-09 10:09:48 Found package: appstream (version: 0.16.1-2)
2025-09-09 10:09:48 Found package: apt (version: 2.6.1)
2025-09-09 10:09:48 Found package: apt-listbugs (version: 0.1.40)
2025-09-09 10:09:48 Found package: apt-listchanges (version: 3.24)
2025-09-09 10:09:48 Found package: apt-transport-https (version: 2.6.1)
2025-09-09 10:09:48 Found package: apt-utils (version: 2.6.1)
2025-09-09 10:09:48 Found package: arandr (version: 0.1.11-1)
2025-09-09 10:09:48 Found package: aspell (version: 0.60.8-4+b1)
2025-09-09 10:09:49 Found package: aspell-am (version: 0.03-1-5.2)
2025-09-09 10:09:49 Found package: aspell-ar (version: 0.0.20060329-6)
2025-09-09 10:09:49 Found package: aspell-ar-large (version: 1.2-0-5)
2025-09-09 10:09:49 Found package: aspell-bg (version: 4.1-7)
2025-09-09 10:09:49 Found package: aspell-bn (version: 1:0.01.1-1-5)
2025-09-09 10:09:49 Found package: aspell-ca (version: 0.20111230b-14)
2025-09-09 10:09:49 Found package: aspell-cs (version: 0.51.0-1.3)
2025-09-09 10:09:49 Found package: aspell-cy (version: 0.50-3-8)
2025-09-09 10:09:49 Found package: aspell-da (version: 1.6.36-14)
2025-09-09 10:09:49 Found package: aspell-de (version: 20161207-11)
2025-09-09 10:09:49 Found package: aspell-el (version: 0.50-3-7)
2025-09-09 10:09:49 Found package: aspell-en (version: 2020.12.07-0-1)
2025-09-09 10:09:49 Found package: aspell-eo (version: 2.1.2000.02.25-61)
2025-09-09 10:09:49 Found package: aspell-es (version: 1.11-20)
2025-09-09 10:09:49 Found package: aspell-et (version: 1:20030606-32)
2025-09-09 10:09:49 Found package: aspell-eu (version: 3.0.20070215-2)
2025-09-09 10:09:49 Found package: aspell-fa (version: 0.11-0-4)
2025-09-09 10:09:49 Found package: aspell-fr (version: 0.50-3-8.1)
2025-09-09 10:09:49 Found package: aspell-ga (version: 0.50-4-6)
2025-09-09 10:09:49 Found package: aspell-gl-minimos (version: 0.5-48)
2025-09-09 10:09:49 Found package: aspell-gu (version: 0.03-0-12)
2025-09-09 10:09:49 Found package: aspell-he (version: 1.0-0-8.1)
2025-09-09 10:09:49 Found package: aspell-hi (version: 0.02-9)
2025-09-09 10:09:49 Found package: aspell-hr (version: 0.51-6.1)
2025-09-09 10:09:49 Found package: aspell-hu (version: 0.99.4.2-0-4.1)
2025-09-09 10:09:49 Found package: aspell-is (version: 0.51.1-0-2)
2025-09-09 10:09:49 Found package: aspell-it (version: 2.4-20070901-0-3.1)
2025-09-09 10:09:49 Found package: aspell-kk (version: 0.2-3)
2025-09-09 10:09:49 Found package: aspell-ku (version: 0.20-0-8)
2025-09-09 10:09:49 Found package: aspell-lt (version: 1.3.2-3)
2025-09-09 10:09:49 Found package: aspell-lv (version: 0.9.6-12)
2025-09-09 10:09:49 Found package: aspell-ml (version: 0.04-1-10)
2025-09-09 10:09:49 Found package: aspell-mr (version: 0.10-12)
2025-09-09 10:09:49 Found package: aspell-nl (version: 1:2.20.19-2)
2025-09-09 10:09:49 Found package: aspell-no (version: 2.2-4)
2025-09-09 10:09:49 Found package: aspell-pa (version: 0.01-1-7)
2025-09-09 10:09:49 Found package: aspell-pl (version: 20150428-3.1)
2025-09-09 10:09:49 Found package: aspell-pt-br (version: 20131030-18)
2025-09-09 10:09:49 Found package: aspell-pt-pt (version: 20220621-1)
2025-09-09 10:09:49 Found package: aspell-ro (version: 3.3.9-1.2)
2025-09-09 10:09:49 Found package: aspell-ru (version: 0.99g5-29)
2025-09-09 10:09:49 Found package: aspell-sk (version: 2.04+ds.3)
2025-09-09 10:09:49 Found package: aspell-sl (version: 0.60-4.1)
2025-09-09 10:09:49 Found package: aspell-sv (version: 0.51-0-3.2)
2025-09-09 10:09:49 Found package: aspell-ta (version: 20040424-1-4)
2025-09-09 10:09:49 Found package: aspell-te (version: 0.01-2-7)
2025-09-09 10:09:49 Found package: aspell-tl (version: 0.4-0-22)
2025-09-09 10:09:49 Found package: aspell-uk (version: 1.8.0+dfsg-1)
2025-09-09 10:09:49 Found package: at-spi2-common (version: 2.46.0-5)
2025-09-09 10:09:49 Found package: at-spi2-core (version: 2.46.0-5)
2025-09-09 10:09:49 Found package: atmel-firmware (version: 1.3-7)
2025-09-09 10:09:49 Found package: atril (version: 1.26.0-2+deb12u3)
2025-09-09 10:09:49 Found package: atril-common (version: 1.26.0-2+deb12u3)
2025-09-09 10:09:49 Found package: auditd (version: 1:3.0.9-1)
2025-09-09 10:09:49 Found package: autoconf (version: 2.71-3)
2025-09-09 10:09:49 Found package: automake (version: 1:1.16.5-1.3)
2025-09-09 10:09:49 Found package: autopoint (version: 0.21-12)
2025-09-09 10:09:49 Found package: autotools-dev (version: 20220109.1)
2025-09-09 10:09:49 Found package: avahi-autoipd (version: 0.8-10+deb12u1)
2025-09-09 10:09:49 Found package: avahi-daemon (version: 0.8-10+deb12u1)
2025-09-09 10:09:49 Found package: avahi-utils (version: 0.8-10+deb12u1)
2025-09-09 10:09:49 Found package: base-files (version: 12.4+deb12u12)
2025-09-09 10:09:49 Found package: base-passwd (version: 3.6.1)
2025-09-09 10:09:49 Found package: bash (version: 5.2.15-2+b9)
2025-09-09 10:09:49 Found package: bash-completion (version: 1:2.11-6)
2025-09-09 10:09:49 Found package: bat (version: 0.22.1-4)
2025-09-09 10:09:49 Found package: bc (version: 1.07.1-3+b1)
2025-09-09 10:09:49 Found package: bidiv (version: 1.5-6)
2025-09-09 10:09:49 Found package: binutils (version: 2.40-2)
2025-09-09 10:09:49 Found package: binutils-common:amd64 (version: 2.40-2)
2025-09-09 10:09:49 Found package: binutils-x86-64-linux-gnu (version: 2.40-2)
2025-09-09 10:09:49 Found package: blt (version: 2.5.3+dfsg-4.1)
2025-09-09 10:09:49 Found package: bluetooth (version: 5.66-1+deb12u2)
2025-09-09 10:09:49 Found package: bluez (version: 5.66-1+deb12u2)
2025-09-09 10:09:49 Found package: bluez-firmware (version: 1.2-9)
2025-09-09 10:09:49 Found package: brave-browser (version: 1.81.137)
2025-09-09 10:09:49 Found package: brave-keyring (version: 1.19)
2025-09-09 10:09:49 Found package: bsd-mailx (version: 8.1.2-0.20220412cvs-1)
2025-09-09 10:09:49 Found package: bsdextrautils (version: 2.38.1-5+deb12u3)
2025-09-09 10:09:49 Found package: bsdutils (version: 1:2.38.1-5+deb12u3)
2025-09-09 10:09:49 Found package: btrfs-progs (version: 6.2-1+deb12u1)
2025-09-09 10:09:49 Found package: bubblewrap (version: 0.8.0-2+deb12u1)
2025-09-09 10:09:49 Found package: build-essential (version: 12.9)
2025-09-09 10:09:49 Found package: busybox (version: 1:1.35.0-4+b5)
2025-09-09 10:09:49 Found package: bzip2 (version: 1.0.8-5+b1)
2025-09-09 10:09:49 Found package: ca-certificates (version: 20230311+deb12u1)
2025-09-09 10:09:49 Found package: caja (version: 1.26.1-1+deb12u1)
2025-09-09 10:09:49 Found package: caja-common (version: 1.26.1-1+deb12u1)
2025-09-09 10:09:49 Found package: cargo (version: 0.66.0+ds1-1)
2025-09-09 10:09:49 Found package: chkrootkit (version: 0.57-2+b6)
2025-09-09 10:09:49 Found package: chromium (version: 140.0.7339.80-1~deb12u1)
2025-09-09 10:09:49 Found package: chromium-common (version: 140.0.7339.80-1~deb12u1)
2025-09-09 10:09:49 Found package: chromium-sandbox (version: 140.0.7339.80-1~deb12u1)
2025-09-09 10:09:49 Found package: clamav (version: 1.0.9+dfsg-1~deb12u1)
2025-09-09 10:09:49 Found package: clamav-base (version: 1.0.9+dfsg-1~deb12u1)
2025-09-09 10:09:49 Found package: clamav-daemon (version: 1.0.9+dfsg-1~deb12u1)
2025-09-09 10:09:49 Found package: clamav-freshclam (version: 1.0.9+dfsg-1~deb12u1)
2025-09-09 10:09:49 Found package: clamdscan (version: 1.0.9+dfsg-1~deb12u1)
2025-09-09 10:09:49 Found package: cmake (version: 3.25.1-1)
2025-09-09 10:09:49 Found package: cmake-data (version: 3.25.1-1)
2025-09-09 10:09:49 Found package: colord (version: 1.4.6-2.2)
2025-09-09 10:09:49 Found package: colord-data (version: 1.4.6-2.2)
2025-09-09 10:09:49 Found package: console-setup (version: 1.221)
2025-09-09 10:09:49 Found package: console-setup-linux (version: 1.221)
2025-09-09 10:09:49 Found package: coreutils (version: 9.1-1)
2025-09-09 10:09:49 Found package: cpio (version: 2.13+dfsg-7.1)
2025-09-09 10:09:49 Found package: cpp (version: 4:12.2.0-3)
2025-09-09 10:09:49 Found package: cpp-12 (version: 12.2.0-14+deb12u1)
2025-09-09 10:09:49 Found package: cpuid (version: 20230120-1)
2025-09-09 10:09:49 Found package: cracklib-runtime (version: 2.9.6-5+b1)
2025-09-09 10:09:49 Found package: cron (version: 3.0pl1-162)
2025-09-09 10:09:49 Found package: cron-daemon-common (version: 3.0pl1-162)
2025-09-09 10:09:49 Found package: cryptsetup-bin (version: 2:2.6.1-4~deb12u2)
2025-09-09 10:09:49 Found package: culmus (version: 0.133-1)
2025-09-09 10:09:49 Found package: cups (version: 2.4.2-3+deb12u8)
2025-09-09 10:09:49 Found package: cups-browsed (version: 1.28.17-3+deb12u1)
2025-09-09 10:09:49 Found package: cups-client (version: 2.4.2-3+deb12u8)
2025-09-09 10:09:49 Found package: cups-common (version: 2.4.2-3+deb12u8)
2025-09-09 10:09:49 Found package: cups-core-drivers (version: 2.4.2-3+deb12u8)
2025-09-09 10:09:49 Found package: cups-daemon (version: 2.4.2-3+deb12u8)
2025-09-09 10:09:49 Found package: cups-filters (version: 1.28.17-3+deb12u1)
2025-09-09 10:09:49 Found package: cups-filters-core-drivers (version: 1.28.17-3+deb12u1)
2025-09-09 10:09:49 Found package: cups-ipp-utils (version: 2.4.2-3+deb12u8)
2025-09-09 10:09:49 Found package: cups-pk-helper (version: 0.2.6-1+b1)
2025-09-09 10:09:49 Found package: cups-ppdc (version: 2.4.2-3+deb12u8)
2025-09-09 10:09:49 Found package: cups-server-common (version: 2.4.2-3+deb12u8)
2025-09-09 10:09:49 Found package: curl (version: 7.88.1-10+deb12u14)
2025-09-09 10:09:49 Found package: dahdi-firmware-nonfree (version: 2.11.1.0.20170917-2)
2025-09-09 10:09:49 Found package: dash (version: 0.5.12-2)
2025-09-09 10:09:49 Found package: dbus (version: 1.14.10-1~deb12u1)
2025-09-09 10:09:49 Found package: dbus-bin (version: 1.14.10-1~deb12u1)
2025-09-09 10:09:49 Found package: dbus-daemon (version: 1.14.10-1~deb12u1)
2025-09-09 10:09:49 Found package: dbus-session-bus-common (version: 1.14.10-1~deb12u1)
2025-09-09 10:09:49 Found package: dbus-system-bus-common (version: 1.14.10-1~deb12u1)
2025-09-09 10:09:49 Found package: dbus-user-session (version: 1.14.10-1~deb12u1)
2025-09-09 10:09:49 Found package: dbus-x11 (version: 1.14.10-1~deb12u1)
2025-09-09 10:09:49 Found package: dconf-cli (version: 0.40.0-4)
2025-09-09 10:09:49 Found package: dconf-gsettings-backend:amd64 (version: 0.40.0-4)
2025-09-09 10:09:49 Found package: dconf-service (version: 0.40.0-4)
2025-09-09 10:09:49 Found package: dctrl-tools (version: 2.24-3+b1)
2025-09-09 10:09:49 Found package: debconf (version: 1.5.82)
2025-09-09 10:09:49 Found package: debconf-i18n (version: 1.5.82)
2025-09-09 10:09:49 Found package: debhelper (version: 13.11.4)
2025-09-09 10:09:49 Found package: debian-archive-keyring (version: 2023.3+deb12u2)
2025-09-09 10:09:49 Found package: debian-keyring (version: 2022.12.24)
2025-09-09 10:09:49 Found package: debian-mate-default-settings (version: 1.26.0-1+deb12u1)
2025-09-09 10:09:49 Found package: debian-reference-common (version: 2.100)
2025-09-09 10:09:49 Found package: debian-reference-es (version: 2.100)
2025-09-09 10:09:49 Found package: debian-reference-it (version: 2.100)
2025-09-09 10:09:49 Found package: debianutils (version: 5.7-0.5~deb12u1)
2025-09-09 10:09:49 Found package: debsums (version: 3.0.2.1)
2025-09-09 10:09:49 Found package: desktop-base (version: 12.0.6+nmu1~deb12u1)
2025-09-09 10:09:49 Found package: desktop-file-utils (version: 0.26-1)
2025-09-09 10:09:49 Found package: devscripts (version: 2.23.4+deb12u2)
2025-09-09 10:09:49 Found package: dfu-util (version: 0.11-1)
2025-09-09 10:09:49 Found package: dh-autoreconf (version: 20)
2025-09-09 10:09:49 Found package: dh-cargo (version: 30)
2025-09-09 10:09:49 Found package: dh-strip-nondeterminism (version: 1.13.1-1)
2025-09-09 10:09:49 Found package: dictionaries-common (version: 1.29.5)
2025-09-09 10:09:49 Found package: diffstat (version: 1.65-1)
2025-09-09 10:09:49 Found package: diffutils (version: 1:3.8-4)
2025-09-09 10:09:49 Found package: dirmngr (version: 2.2.40-1.1+deb12u1)
2025-09-09 10:09:49 Found package: distro-info-data (version: 0.58+deb12u5)
2025-09-09 10:09:49 Found package: dkms (version: 3.0.10-8+deb12u1)
2025-09-09 10:09:49 Found package: dmeventd (version: 2:1.02.185-2)
2025-09-09 10:09:49 Found package: dmidecode (version: 3.4-1)
2025-09-09 10:09:49 Found package: dmsetup (version: 2:1.02.185-2)
2025-09-09 10:09:49 Found package: dns-root-data (version: 2024071801~deb12u1)
2025-09-09 10:09:49 Found package: dnsmasq-base (version: 2.90-4~deb12u1)
2025-09-09 10:09:49 Found package: docbook-xml (version: 4.5-12)
2025-09-09 10:09:49 Found package: dosfstools (version: 4.2-1)
2025-09-09 10:09:49 Found package: dpkg (version: 1.21.22)
2025-09-09 10:09:49 Found package: dpkg-dev (version: 1.21.22)
2025-09-09 10:09:49 Found package: dput (version: 1.1.3)
2025-09-09 10:09:49 Found package: dwz (version: 0.15-1)
2025-09-09 10:09:49 Found package: e2fsprogs (version: 1.47.0-2+b2)
2025-09-09 10:09:49 Found package: edid-decode (version: 0.1~git20220315.cb74358c2896-1)
2025-09-09 10:09:49 Found package: eject (version: 2.38.1-5+deb12u3)
2025-09-09 10:09:49 Found package: emacsen-common (version: 3.0.5)
2025-09-09 10:09:49 Found package: enchant-2 (version: 2.3.3-2)
2025-09-09 10:09:49 Found package: engrampa (version: 1.26.0-1+deb12u2)
2025-09-09 10:09:49 Found package: engrampa-common (version: 1.26.0-1+deb12u2)
2025-09-09 10:09:49 Found package: eom (version: 1.26.0-2)
2025-09-09 10:09:49 Found package: eom-common (version: 1.26.0-2)
2025-09-09 10:09:49 Found package: equivs (version: 2.3.1)
2025-09-09 10:09:49 Found package: espeak-ng-data:amd64 (version: 1.51+dfsg-10+deb12u2)
2025-09-09 10:09:49 Found package: ethtool (version: 1:6.1-1)
2025-09-09 10:09:49 Found package: exfatprogs (version: 1.2.0-1+deb12u1)
2025-09-09 10:09:49 Found package: exim4-base (version: 4.96-15+deb12u7)
2025-09-09 10:09:49 Found package: exim4-config (version: 4.96-15+deb12u7)
2025-09-09 10:09:49 Found package: exim4-daemon-light (version: 4.96-15+deb12u7)
2025-09-09 10:09:49 Found package: exuberant-ctags (version: 1:5.9~svn20110310-18)
2025-09-09 10:09:49 Found package: fail2ban (version: 1.0.2-2)
2025-09-09 10:09:49 Found package: fakeroot (version: 1.31-1.2)
2025-09-09 10:09:49 Found package: fbterm (version: 1.7-5)
2025-09-09 10:09:49 Found package: fcitx-config-common (version: 0.4.10-3)
2025-09-09 10:09:49 Found package: fcitx-config-gtk (version: 0.4.10-3)
2025-09-09 10:09:49 Found package: fcitx-frontend-gtk2 (version: 1:4.2.9.9-1)
2025-09-09 10:09:49 Found package: fcitx-frontend-gtk3 (version: 1:4.2.9.9-1)
2025-09-09 10:09:49 Found package: fcitx-frontend-qt5:amd64 (version: 1.2.7-2+b7)
2025-09-09 10:09:49 Found package: fcitx-m17n:amd64 (version: 0.2.4-3)
2025-09-09 10:09:49 Found package: fcitx-module-dbus (version: 1:4.2.9.9-1)
2025-09-09 10:09:49 Found package: fcitx-module-kimpanel (version: 1:4.2.9.9-1)
2025-09-09 10:09:49 Found package: fcitx-module-lua (version: 1:4.2.9.9-1)
2025-09-09 10:09:49 Found package: fcitx-module-quickphrase-editor5:amd64 (version: 1.2.7-2+b7)
2025-09-09 10:09:49 Found package: fcitx-module-x11 (version: 1:4.2.9.9-1)
2025-09-09 10:09:49 Found package: fcitx-modules (version: 1:4.2.9.9-1)
2025-09-09 10:09:49 Found package: fcitx5-chewing:amd64 (version: 5.0.13-1)
2025-09-09 10:09:49 Found package: fcitx5-chinese-addons (version: 5.0.16-1)
2025-09-09 10:09:49 Found package: fcitx5-chinese-addons-bin (version: 5.0.16-1)
2025-09-09 10:09:49 Found package: fcitx5-chinese-addons-data (version: 5.0.16-1)
2025-09-09 10:09:49 Found package: fcitx5-data (version: 5.0.21-3)
2025-09-09 10:09:49 Found package: fcitx5-module-chttrans:amd64 (version: 5.0.16-1)
2025-09-09 10:09:49 Found package: fcitx5-module-cloudpinyin:amd64 (version: 5.0.16-1)
2025-09-09 10:09:49 Found package: fcitx5-module-fullwidth:amd64 (version: 5.0.16-1)
2025-09-09 10:09:49 Found package: fcitx5-module-lua-common (version: 5.0.10-1)
2025-09-09 10:09:49 Found package: fcitx5-module-lua:amd64 (version: 5.0.10-1)
2025-09-09 10:09:49 Found package: fcitx5-module-pinyinhelper:amd64 (version: 5.0.16-1)
2025-09-09 10:09:49 Found package: fcitx5-module-punctuation:amd64 (version: 5.0.16-1)
2025-09-09 10:09:49 Found package: fcitx5-modules:amd64 (version: 5.0.21-3)
2025-09-09 10:09:49 Found package: fcitx5-pinyin:amd64 (version: 5.0.16-1)
2025-09-09 10:09:49 Found package: fcitx5-table:amd64 (version: 5.0.16-1)
2025-09-09 10:09:49 Found package: fdisk (version: 2.38.1-5+deb12u3)
2025-09-09 10:09:49 Found package: ffmpeg (version: 7:5.1.7-0+deb12u1)
2025-09-09 10:09:49 Found package: ffmpegthumbnailer (version: 2.2.2+git20220218+dfsg-1+b1)
2025-09-09 10:09:49 Found package: file (version: 1:5.44-3)
2025-09-09 10:09:49 Found package: findutils (version: 4.9.0-4)
2025-09-09 10:09:49 Found package: firefox-esr (version: 128.14.0esr-1~deb12u1)
2025-09-09 10:09:49 Found package: firefox-esr-l10n-ar (version: 128.14.0esr-1~deb12u1)
2025-09-09 10:09:49 Found package: firefox-esr-l10n-ast (version: 128.14.0esr-1~deb12u1)
2025-09-09 10:09:49 Found package: firefox-esr-l10n-be (version: 128.14.0esr-1~deb12u1)
2025-09-09 10:09:49 Found package: firefox-esr-l10n-bg (version: 128.14.0esr-1~deb12u1)
2025-09-09 10:09:49 Found package: firefox-esr-l10n-bn (version: 128.14.0esr-1~deb12u1)
2025-09-09 10:09:49 Found package: firefox-esr-l10n-bs (version: 128.14.0esr-1~deb12u1)
2025-09-09 10:09:49 Found package: firefox-esr-l10n-ca (version: 128.14.0esr-1~deb12u1)
2025-09-09 10:09:49 Found package: firefox-esr-l10n-cs (version: 128.14.0esr-1~deb12u1)
2025-09-09 10:09:49 Found package: firefox-esr-l10n-cy (version: 128.14.0esr-1~deb12u1)
2025-09-09 10:09:49 Found package: firefox-esr-l10n-da (version: 128.14.0esr-1~deb12u1)
2025-09-09 10:09:49 Found package: firefox-esr-l10n-de (version: 128.14.0esr-1~deb12u1)
2025-09-09 10:09:49 Found package: firefox-esr-l10n-el (version: 128.14.0esr-1~deb12u1)
2025-09-09 10:09:49 Found package: firefox-esr-l10n-en-gb (version: 128.14.0esr-1~deb12u1)
2025-09-09 10:09:49 Found package: firefox-esr-l10n-eo (version: 128.14.0esr-1~deb12u1)
2025-09-09 10:09:49 Found package: firefox-esr-l10n-es-ar (version: 128.14.0esr-1~deb12u1)
2025-09-09 10:09:49 Found package: firefox-esr-l10n-es-cl (version: 128.14.0esr-1~deb12u1)
2025-09-09 10:09:49 Found package: firefox-esr-l10n-es-es (version: 128.14.0esr-1~deb12u1)
2025-09-09 10:09:49 Found package: firefox-esr-l10n-es-mx (version: 128.14.0esr-1~deb12u1)
2025-09-09 10:09:49 Found package: firefox-esr-l10n-et (version: 128.14.0esr-1~deb12u1)
2025-09-09 10:09:49 Found package: firefox-esr-l10n-eu (version: 128.14.0esr-1~deb12u1)
2025-09-09 10:09:49 Found package: firefox-esr-l10n-fa (version: 128.14.0esr-1~deb12u1)
2025-09-09 10:09:49 Found package: firefox-esr-l10n-fi (version: 128.14.0esr-1~deb12u1)
2025-09-09 10:09:49 Found package: firefox-esr-l10n-fr (version: 128.14.0esr-1~deb12u1)
2025-09-09 10:09:49 Found package: firefox-esr-l10n-ga-ie (version: 128.14.0esr-1~deb12u1)
2025-09-09 10:09:49 Found package: firefox-esr-l10n-gl (version: 128.14.0esr-1~deb12u1)
2025-09-09 10:09:49 Found package: firefox-esr-l10n-gu-in (version: 128.14.0esr-1~deb12u1)
2025-09-09 10:09:49 Found package: firefox-esr-l10n-he (version: 128.14.0esr-1~deb12u1)
2025-09-09 10:09:49 Found package: firefox-esr-l10n-hi-in (version: 128.14.0esr-1~deb12u1)
2025-09-09 10:09:49 Found package: firefox-esr-l10n-hr (version: 128.14.0esr-1~deb12u1)
2025-09-09 10:09:49 Found package: firefox-esr-l10n-hu (version: 128.14.0esr-1~deb12u1)
2025-09-09 10:09:49 Found package: firefox-esr-l10n-id (version: 128.14.0esr-1~deb12u1)
2025-09-09 10:09:49 Found package: firefox-esr-l10n-is (version: 128.14.0esr-1~deb12u1)
2025-09-09 10:09:49 Found package: firefox-esr-l10n-it (version: 128.14.0esr-1~deb12u1)
2025-09-09 10:09:49 Found package: firefox-esr-l10n-ja (version: 128.14.0esr-1~deb12u1)
2025-09-09 10:09:49 Found package: firefox-esr-l10n-kk (version: 128.14.0esr-1~deb12u1)
2025-09-09 10:09:49 Found package: firefox-esr-l10n-km (version: 128.14.0esr-1~deb12u1)
2025-09-09 10:09:49 Found package: firefox-esr-l10n-kn (version: 128.14.0esr-1~deb12u1)
2025-09-09 10:09:49 Found package: firefox-esr-l10n-ko (version: 128.14.0esr-1~deb12u1)
2025-09-09 10:09:49 Found package: firefox-esr-l10n-lt (version: 128.14.0esr-1~deb12u1)
2025-09-09 10:09:49 Found package: firefox-esr-l10n-lv (version: 128.14.0esr-1~deb12u1)
2025-09-09 10:09:49 Found package: firefox-esr-l10n-mk (version: 128.14.0esr-1~deb12u1)
2025-09-09 10:09:49 Found package: firefox-esr-l10n-mr (version: 128.14.0esr-1~deb12u1)
2025-09-09 10:09:49 Found package: firefox-esr-l10n-nb-no (version: 128.14.0esr-1~deb12u1)
2025-09-09 10:09:49 Found package: firefox-esr-l10n-ne-np (version: 128.14.0esr-1~deb12u1)
2025-09-09 10:09:49 Found package: firefox-esr-l10n-nl (version: 128.14.0esr-1~deb12u1)
2025-09-09 10:09:49 Found package: firefox-esr-l10n-nn-no (version: 128.14.0esr-1~deb12u1)
2025-09-09 10:09:49 Found package: firefox-esr-l10n-pa-in (version: 128.14.0esr-1~deb12u1)
2025-09-09 10:09:49 Found package: firefox-esr-l10n-pl (version: 128.14.0esr-1~deb12u1)
2025-09-09 10:09:49 Found package: firefox-esr-l10n-pt-br (version: 128.14.0esr-1~deb12u1)
2025-09-09 10:09:49 Found package: firefox-esr-l10n-pt-pt (version: 128.14.0esr-1~deb12u1)
2025-09-09 10:09:49 Found package: firefox-esr-l10n-ro (version: 128.14.0esr-1~deb12u1)
2025-09-09 10:09:49 Found package: firefox-esr-l10n-ru (version: 128.14.0esr-1~deb12u1)
2025-09-09 10:09:49 Found package: firefox-esr-l10n-si (version: 128.14.0esr-1~deb12u1)
2025-09-09 10:09:49 Found package: firefox-esr-l10n-sk (version: 128.14.0esr-1~deb12u1)
2025-09-09 10:09:49 Found package: firefox-esr-l10n-sl (version: 128.14.0esr-1~deb12u1)
2025-09-09 10:09:49 Found package: firefox-esr-l10n-sq (version: 128.14.0esr-1~deb12u1)
2025-09-09 10:09:49 Found package: firefox-esr-l10n-sr (version: 128.14.0esr-1~deb12u1)
2025-09-09 10:09:49 Found package: firefox-esr-l10n-sv-se (version: 128.14.0esr-1~deb12u1)
2025-09-09 10:09:49 Found package: firefox-esr-l10n-ta (version: 128.14.0esr-1~deb12u1)
2025-09-09 10:09:49 Found package: firefox-esr-l10n-te (version: 128.14.0esr-1~deb12u1)
2025-09-09 10:09:50 Found package: firefox-esr-l10n-th (version: 128.14.0esr-1~deb12u1)
2025-09-09 10:09:50 Found package: firefox-esr-l10n-tr (version: 128.14.0esr-1~deb12u1)
2025-09-09 10:09:50 Found package: firefox-esr-l10n-uk (version: 128.14.0esr-1~deb12u1)
2025-09-09 10:09:50 Found package: firefox-esr-l10n-vi (version: 128.14.0esr-1~deb12u1)
2025-09-09 10:09:50 Found package: firefox-esr-l10n-zh-cn (version: 128.14.0esr-1~deb12u1)
2025-09-09 10:09:50 Found package: firefox-esr-l10n-zh-tw (version: 128.14.0esr-1~deb12u1)
2025-09-09 10:09:50 Found package: firejail (version: 0.9.72-2)
2025-09-09 10:09:50 Found package: firejail-profiles (version: 0.9.72-2)
2025-09-09 10:09:50 Found package: firmware-amd-graphics (version: 20230210-5)
2025-09-09 10:09:50 Found package: firmware-ast (version: 20140808-7)
2025-09-09 10:09:50 Found package: firmware-ath9k-htc (version: 1.4.0-108-gd856466+dfsg1-1.3+deb12u1)
2025-09-09 10:09:50 Found package: firmware-atheros (version: 20230210-5)
2025-09-09 10:09:50 Found package: firmware-bnx2 (version: 20230210-5)
2025-09-09 10:09:50 Found package: firmware-bnx2x (version: 20230210-5)
2025-09-09 10:09:50 Found package: firmware-brcm80211 (version: 20230210-5)
2025-09-09 10:09:50 Found package: firmware-cavium (version: 20230210-5)
2025-09-09 10:09:50 Found package: firmware-intel-sound (version: 20230210-5)
2025-09-09 10:09:50 Found package: firmware-ipw2x00 (version: 20230210-5)
2025-09-09 10:09:50 Found package: firmware-ivtv (version: 20230210-5)
2025-09-09 10:09:50 Found package: firmware-iwlwifi (version: 20230210-5)
2025-09-09 10:09:50 Found package: firmware-libertas (version: 20230210-5)
2025-09-09 10:09:50 Found package: firmware-linux (version: 20230210-5)
2025-09-09 10:09:50 Found package: firmware-linux-free (version: 20200122-1)
2025-09-09 10:09:50 Found package: firmware-linux-nonfree (version: 20230210-5)
2025-09-09 10:09:50 Found package: firmware-misc-nonfree (version: 20230210-5)
2025-09-09 10:09:50 Found package: firmware-myricom (version: 20230210-5)
2025-09-09 10:09:50 Found package: firmware-netronome (version: 20230210-5)
2025-09-09 10:09:50 Found package: firmware-netxen (version: 20230210-5)
2025-09-09 10:09:50 Found package: firmware-nvidia-tesla-535-gsp (version: 535.216.03-3~deb12u1)
2025-09-09 10:09:50 Found package: firmware-qlogic (version: 20230210-5)
2025-09-09 10:09:50 Found package: firmware-realtek (version: 20230210-5)
2025-09-09 10:09:50 Found package: firmware-realtek-rtl8723cs-bt (version: 20181104-2)
2025-09-09 10:09:50 Found package: firmware-siano (version: 20230210-5)
2025-09-09 10:09:50 Found package: firmware-sof-signed (version: 2.2.4-1)
2025-09-09 10:09:50 Found package: firmware-tomu (version: 2.0~rc7-2)
2025-09-09 10:09:50 Found package: firmware-zd1211 (version: 1:1.5-10)
2025-09-09 10:09:50 Found package: fontconfig (version: 2.14.1-4)
2025-09-09 10:09:50 Found package: fontconfig-config (version: 2.14.1-4)
2025-09-09 10:09:50 Found package: fonts-arabeyes (version: 2.1-7)
2025-09-09 10:09:50 Found package: fonts-arundina (version: 0.3.2-1)
2025-09-09 10:09:50 Found package: fonts-bpg-georgian (version: 2012-5)
2025-09-09 10:09:50 Found package: fonts-cantarell (version: 0.303.1-1)
2025-09-09 10:09:50 Found package: fonts-dejavu (version: 2.37-6)
2025-09-09 10:09:50 Found package: fonts-dejavu-core (version: 2.37-6)
2025-09-09 10:09:50 Found package: fonts-dejavu-extra (version: 2.37-6)
2025-09-09 10:09:50 Found package: fonts-droid-fallback (version: 1:6.0.1r16-1.1)
2025-09-09 10:09:50 Found package: fonts-dzongkha (version: 0.3-9)
2025-09-09 10:09:50 Found package: fonts-farsiweb (version: 0.4.dfsg-13)
2025-09-09 10:09:50 Found package: fonts-freefont-ttf (version: 20120503-10)
2025-09-09 10:09:50 Found package: fonts-ipafont (version: 00303-23)
2025-09-09 10:09:50 Found package: fonts-ipafont-gothic (version: 00303-23)
2025-09-09 10:09:50 Found package: fonts-ipafont-mincho (version: 00303-23)
2025-09-09 10:09:50 Found package: fonts-kacst (version: 2.01+mry-15)
2025-09-09 10:09:50 Found package: fonts-kacst-one (version: 5.0+svn11846-10)
2025-09-09 10:09:50 Found package: fonts-khmeros (version: 5.0-9)
2025-09-09 10:09:50 Found package: fonts-lato (version: 2.0-2.1)
2025-09-09 10:09:50 Found package: fonts-liberation (version: 1:1.07.4-11)
2025-09-09 10:09:50 Found package: fonts-liberation2 (version: 2.1.5-1)
2025-09-09 10:09:50 Found package: fonts-lohit-beng-assamese (version: 2.91.5-2)
2025-09-09 10:09:50 Found package: fonts-lohit-beng-bengali (version: 2.91.5-3)
2025-09-09 10:09:50 Found package: fonts-lohit-deva (version: 2.95.4-5)
2025-09-09 10:09:50 Found package: fonts-lohit-gujr (version: 2.92.4-4)
2025-09-09 10:09:50 Found package: fonts-lohit-guru (version: 2.91.2-3)
2025-09-09 10:09:50 Found package: fonts-lohit-knda (version: 2.5.4-3)
2025-09-09 10:09:50 Found package: fonts-lohit-mlym (version: 2.92.2-2)
2025-09-09 10:09:50 Found package: fonts-lohit-taml (version: 2.91.3-2)
2025-09-09 10:09:50 Found package: fonts-lohit-telu (version: 2.5.5-2)
2025-09-09 10:09:50 Found package: fonts-lyx (version: 2.3.7-1)
2025-09-09 10:09:50 Found package: fonts-mathjax (version: 2.7.9+dfsg-1)
2025-09-09 10:09:50 Found package: fonts-nanum (version: 20200506-1)
2025-09-09 10:09:50 Found package: fonts-noto (version: 20201225-1)
2025-09-09 10:09:50 Found package: fonts-noto-cjk (version: 1:20220127+repack1-1)
2025-09-09 10:09:50 Found package: fonts-noto-cjk-extra (version: 1:20220127+repack1-1)
2025-09-09 10:09:50 Found package: fonts-noto-color-emoji (version: 2.042-0+deb12u1)
2025-09-09 10:09:50 Found package: fonts-noto-core (version: 20201225-1)
2025-09-09 10:09:50 Found package: fonts-noto-extra (version: 20201225-1)
2025-09-09 10:09:50 Found package: fonts-noto-mono (version: 20201225-1)
2025-09-09 10:09:50 Found package: fonts-noto-ui-core (version: 20201225-1)
2025-09-09 10:09:50 Found package: fonts-noto-ui-extra (version: 20201225-1)
2025-09-09 10:09:50 Found package: fonts-noto-unhinted (version: 20201225-1)
2025-09-09 10:09:50 Found package: fonts-quicksand (version: 0.2016-2.1)
2025-09-09 10:09:50 Found package: fonts-sil-abyssinica (version: 2.100-3)
2025-09-09 10:09:50 Found package: fonts-sil-andika (version: 6.101-2)
2025-09-09 10:09:50 Found package: fonts-symbola (version: 2.60-1.1)
2025-09-09 10:09:50 Found package: fonts-thai-tlwg (version: 1:0.7.3-1)
2025-09-09 10:09:50 Found package: fonts-tlwg-garuda (version: 1:0.7.3-1)
2025-09-09 10:09:50 Found package: fonts-tlwg-garuda-ttf (version: 1:0.7.3-1)
2025-09-09 10:09:50 Found package: fonts-tlwg-kinnari (version: 1:0.7.3-1)
2025-09-09 10:09:50 Found package: fonts-tlwg-kinnari-ttf (version: 1:0.7.3-1)
2025-09-09 10:09:50 Found package: fonts-tlwg-laksaman (version: 1:0.7.3-1)
2025-09-09 10:09:50 Found package: fonts-tlwg-laksaman-ttf (version: 1:0.7.3-1)
2025-09-09 10:09:50 Found package: fonts-tlwg-loma (version: 1:0.7.3-1)
2025-09-09 10:09:50 Found package: fonts-tlwg-loma-ttf (version: 1:0.7.3-1)
2025-09-09 10:09:50 Found package: fonts-tlwg-mono (version: 1:0.7.3-1)
2025-09-09 10:09:50 Found package: fonts-tlwg-mono-ttf (version: 1:0.7.3-1)
2025-09-09 10:09:50 Found package: fonts-tlwg-norasi (version: 1:0.7.3-1)
2025-09-09 10:09:50 Found package: fonts-tlwg-norasi-ttf (version: 1:0.7.3-1)
2025-09-09 10:09:50 Found package: fonts-tlwg-purisa (version: 1:0.7.3-1)
2025-09-09 10:09:50 Found package: fonts-tlwg-purisa-ttf (version: 1:0.7.3-1)
2025-09-09 10:09:50 Found package: fonts-tlwg-sawasdee (version: 1:0.7.3-1)
2025-09-09 10:09:50 Found package: fonts-tlwg-sawasdee-ttf (version: 1:0.7.3-1)
2025-09-09 10:09:50 Found package: fonts-tlwg-typewriter (version: 1:0.7.3-1)
2025-09-09 10:09:50 Found package: fonts-tlwg-typewriter-ttf (version: 1:0.7.3-1)
2025-09-09 10:09:50 Found package: fonts-tlwg-typist (version: 1:0.7.3-1)
2025-09-09 10:09:50 Found package: fonts-tlwg-typist-ttf (version: 1:0.7.3-1)
2025-09-09 10:09:50 Found package: fonts-tlwg-typo (version: 1:0.7.3-1)
2025-09-09 10:09:50 Found package: fonts-tlwg-typo-ttf (version: 1:0.7.3-1)
2025-09-09 10:09:50 Found package: fonts-tlwg-umpush (version: 1:0.7.3-1)
2025-09-09 10:09:50 Found package: fonts-tlwg-umpush-ttf (version: 1:0.7.3-1)
2025-09-09 10:09:50 Found package: fonts-tlwg-waree (version: 1:0.7.3-1)
2025-09-09 10:09:50 Found package: fonts-tlwg-waree-ttf (version: 1:0.7.3-1)
2025-09-09 10:09:50 Found package: fonts-ukij-uyghur (version: 20110217-4)
2025-09-09 10:09:50 Found package: fonts-unifont (version: 1:15.0.01-2)
2025-09-09 10:09:50 Found package: fonts-unikurdweb (version: 1.0-6)
2025-09-09 10:09:50 Found package: fonts-urw-base35 (version: 20200910-7)
2025-09-09 10:09:50 Found package: fonts-vlgothic (version: 20220612-1)
2025-09-09 10:09:50 Found package: fortune-mod (version: 1:1.99.1-7.3)
2025-09-09 10:09:50 Found package: fortunes-debian-hints (version: 2.01.4)
2025-09-09 10:09:50 Found package: fortunes-it (version: 1.99-4.1)
2025-09-09 10:09:50 Found package: fuse3 (version: 3.14.0-4)
2025-09-09 10:09:50 Found package: g++ (version: 4:12.2.0-3)
2025-09-09 10:09:50 Found package: g++-12 (version: 12.2.0-14+deb12u1)
2025-09-09 10:09:50 Found package: gcc (version: 4:12.2.0-3)
2025-09-09 10:09:50 Found package: gcc-12 (version: 12.2.0-14+deb12u1)
2025-09-09 10:09:50 Found package: gcc-12-base:amd64 (version: 12.2.0-14+deb12u1)
2025-09-09 10:09:50 Found package: gcr (version: 3.41.1-1+b1)
2025-09-09 10:09:50 Found package: gdisk (version: 1.0.9-2.1)
2025-09-09 10:09:50 Found package: geoclue-2.0 (version: 2.6.0-2+deb12u1)
2025-09-09 10:09:50 Found package: gettext (version: 0.21-12)
2025-09-09 10:09:50 Found package: gettext-base (version: 0.21-12)
2025-09-09 10:09:50 Found package: ghostscript (version: 10.0.0~dfsg-11+deb12u7)
2025-09-09 10:09:50 Found package: gimp (version: 2.10.34-1+deb12u3)
2025-09-09 10:09:50 Found package: gimp-data (version: 2.10.34-1+deb12u3)
2025-09-09 10:09:50 Found package: gimp-help-common (version: 2.10.34-2)
2025-09-09 10:09:50 Found package: gimp-help-sv (version: 2.10.34-2)
2025-09-09 10:09:50 Found package: gir1.2-atk-1.0:amd64 (version: 2.46.0-5)
2025-09-09 10:09:50 Found package: gir1.2-atspi-2.0:amd64 (version: 2.46.0-5)
2025-09-09 10:09:50 Found package: gir1.2-eom-1.0 (version: 1.26.0-2)
2025-09-09 10:09:50 Found package: gir1.2-freedesktop:amd64 (version: 1.74.0-3)
2025-09-09 10:09:50 Found package: gir1.2-gdkpixbuf-2.0:amd64 (version: 2.42.10+dfsg-1+deb12u2)
2025-09-09 10:09:50 Found package: gir1.2-glib-2.0:amd64 (version: 1.74.0-3)
2025-09-09 10:09:50 Found package: gir1.2-gstreamer-1.0:amd64 (version: 1.22.0-2+deb12u1)
2025-09-09 10:09:50 Found package: gir1.2-gtk-3.0:amd64 (version: 3.24.38-2~deb12u3)
2025-09-09 10:09:50 Found package: gir1.2-gtksource-4:amd64 (version: 4.8.4-4)
2025-09-09 10:09:50 Found package: gir1.2-handy-1:amd64 (version: 1.8.1-1)
2025-09-09 10:09:50 Found package: gir1.2-harfbuzz-0.0:amd64 (version: 6.0.0+dfsg-3)
2025-09-09 10:09:50 Found package: gir1.2-ibus-1.0:amd64 (version: 1.5.27-5)
2025-09-09 10:09:50 Found package: gir1.2-matemenu-2.0:amd64 (version: 1.26.0-3)
2025-09-09 10:09:50 Found package: gir1.2-notify-0.7:amd64 (version: 0.8.1-1)
2025-09-09 10:09:50 Found package: gir1.2-packagekitglib-1.0 (version: 1.2.6-5)
2025-09-09 10:09:50 Found package: gir1.2-pango-1.0:amd64 (version: 1.50.12+ds-1)
2025-09-09 10:09:50 Found package: gir1.2-peas-1.0:amd64 (version: 1.34.0-1+b1)
2025-09-09 10:09:50 Found package: gir1.2-pluma-1.0 (version: 1.26.0-1+deb12u1)
2025-09-09 10:09:50 Found package: gir1.2-polkit-1.0 (version: 122-3)
2025-09-09 10:09:50 Found package: gir1.2-secret-1:amd64 (version: 0.20.5-3)
2025-09-09 10:09:50 Found package: gir1.2-wnck-3.0:amd64 (version: 43.0-3)
2025-09-09 10:09:50 Found package: git (version: 1:2.39.5-0+deb12u2)
2025-09-09 10:09:50 Found package: git-man (version: 1:2.39.5-0+deb12u2)
2025-09-09 10:09:50 Found package: glib-networking-common (version: 2.74.0-4)
2025-09-09 10:09:50 Found package: glib-networking-services (version: 2.74.0-4)
2025-09-09 10:09:50 Found package: glib-networking:amd64 (version: 2.74.0-4)
2025-09-09 10:09:50 Found package: gnome-accessibility-themes (version: 3.28-2)
2025-09-09 10:09:50 Found package: gnome-icon-theme (version: 3.12.0-5)
2025-09-09 10:09:50 Found package: gnome-keyring (version: 42.1-1+b2)
2025-09-09 10:09:50 Found package: gnome-keyring-pkcs11:amd64 (version: 42.1-1+b2)
2025-09-09 10:09:50 Found package: gnome-themes-extra-data (version: 3.28-2)
2025-09-09 10:09:50 Found package: gnome-themes-extra:amd64 (version: 3.28-2)
2025-09-09 10:09:50 Found package: gnupg (version: 2.2.40-1.1+deb12u1)
2025-09-09 10:09:50 Found package: gnupg-l10n (version: 2.2.40-1.1+deb12u1)
2025-09-09 10:09:50 Found package: gnupg-utils (version: 2.2.40-1.1+deb12u1)
2025-09-09 10:09:50 Found package: gnupg2 (version: 2.2.40-1.1+deb12u1)
2025-09-09 10:09:50 Found package: goldendict (version: 1.5.0~rc2+git20221126+ds-1+b1)
2025-09-09 10:09:50 Found package: gpg (version: 2.2.40-1.1+deb12u1)
2025-09-09 10:09:50 Found package: gpg-agent (version: 2.2.40-1.1+deb12u1)
2025-09-09 10:09:50 Found package: gpg-wks-client (version: 2.2.40-1.1+deb12u1)
2025-09-09 10:09:50 Found package: gpg-wks-server (version: 2.2.40-1.1+deb12u1)
2025-09-09 10:09:50 Found package: gpgconf (version: 2.2.40-1.1+deb12u1)
2025-09-09 10:09:50 Found package: gpgsm (version: 2.2.40-1.1+deb12u1)
2025-09-09 10:09:50 Found package: gpgv (version: 2.2.40-1.1+deb12u1)
2025-09-09 10:09:50 Found package: graphviz (version: 2.42.2-7+deb12u1)
2025-09-09 10:09:50 Found package: grep (version: 3.8-5)
2025-09-09 10:09:50 Found package: groff-base (version: 1.22.4-10)
2025-09-09 10:09:50 Found package: grub-common (version: 2.06-13+deb12u1)
2025-09-09 10:09:50 Found package: grub-pc (version: 2.06-13+deb12u1)
2025-09-09 10:09:50 Found package: grub-pc-bin (version: 2.06-13+deb12u1)
2025-09-09 10:09:50 Found package: grub2-common (version: 2.06-13+deb12u1)
2025-09-09 10:09:50 Found package: gsettings-desktop-schemas (version: 43.0-1)
2025-09-09 10:09:50 Found package: gsfonts (version: 2:20200910-7)
2025-09-09 10:09:50 Found package: gstreamer1.0-gl:amd64 (version: 1.22.0-3+deb12u5)
2025-09-09 10:09:50 Found package: gstreamer1.0-libav:amd64 (version: 1.22.0-2)
2025-09-09 10:09:50 Found package: gstreamer1.0-plugins-bad:amd64 (version: 1.22.0-4+deb12u6)
2025-09-09 10:09:50 Found package: gstreamer1.0-plugins-base:amd64 (version: 1.22.0-3+deb12u5)
2025-09-09 10:09:50 Found package: gstreamer1.0-plugins-good:amd64 (version: 1.22.0-5+deb12u3)
2025-09-09 10:09:50 Found package: gstreamer1.0-x:amd64 (version: 1.22.0-3+deb12u5)
2025-09-09 10:09:50 Found package: gtk-update-icon-cache (version: 3.24.38-2~deb12u3)
2025-09-09 10:09:50 Found package: gtk2-engines-murrine:amd64 (version: 0.98.2-3+b1)
2025-09-09 10:09:50 Found package: gtk2-engines-pixbuf:amd64 (version: 2.24.33-2+deb12u1)
2025-09-09 10:09:50 Found package: gtk2-engines:amd64 (version: 1:2.20.2-5+b1)
2025-09-09 10:09:50 Found package: gvfs-backends (version: 1.50.3-1)
2025-09-09 10:09:50 Found package: gvfs-common (version: 1.50.3-1)
2025-09-09 10:09:50 Found package: gvfs-daemons (version: 1.50.3-1)
2025-09-09 10:09:50 Found package: gvfs-fuse (version: 1.50.3-1)
2025-09-09 10:09:50 Found package: gvfs-libs:amd64 (version: 1.50.3-1)
2025-09-09 10:09:50 Found package: gvfs:amd64 (version: 1.50.3-1)
2025-09-09 10:09:50 Found package: gzip (version: 1.12-1)
2025-09-09 10:09:50 Found package: hardn-xdr (version: 2.0.0-1)
2025-09-09 10:09:50 Found package: hdmi2usb-fx2-firmware (version: 0.0.0~git20151225-3)
2025-09-09 10:09:50 Found package: hdparm (version: 9.65+ds-1)
2025-09-09 10:09:50 Found package: hicolor-icon-theme (version: 0.17-2)
2025-09-09 10:09:50 Found package: hostname (version: 3.23+nmu1)
2025-09-09 10:09:50 Found package: hspell (version: 1.4-3.1)
2025-09-09 10:09:50 Found package: hspell-gui (version: 0.2.6-7)
2025-09-09 10:09:50 Found package: htop (version: 3.2.2-2)
2025-09-09 10:09:50 Found package: hunspell (version: 1.7.1-1)
2025-09-09 10:09:50 Found package: hunspell-ar (version: 3.2-1.2)
2025-09-09 10:09:50 Found package: hunspell-be (version: 0.53-3.1)
2025-09-09 10:09:50 Found package: hunspell-bg (version: 1:7.5.0-1)
2025-09-09 10:09:50 Found package: hunspell-bs (version: 1:7.5.0-1)
2025-09-09 10:09:50 Found package: hunspell-ca (version: 3.0.7+repack1-5)
2025-09-09 10:09:50 Found package: hunspell-cs (version: 1:7.5.0-1)
2025-09-09 10:09:50 Found package: hunspell-da (version: 1:7.5.0-1)
2025-09-09 10:09:50 Found package: hunspell-de-at (version: 20161207-11)
2025-09-09 10:09:50 Found package: hunspell-de-ch (version: 20161207-11)
2025-09-09 10:09:50 Found package: hunspell-de-de (version: 20161207-11)
2025-09-09 10:09:50 Found package: hunspell-el (version: 1:7.5.0-1)
2025-09-09 10:09:50 Found package: hunspell-en-gb (version: 1:7.5.0-1)
2025-09-09 10:09:50 Found package: hunspell-en-us (version: 1:2020.12.07-2)
2025-09-09 10:09:50 Found package: hunspell-eu (version: 5.1-4)
2025-09-09 10:09:50 Found package: hunspell-fr (version: 1:7.0-1)
2025-09-09 10:09:50 Found package: hunspell-fr-classical (version: 1:7.0-1)
2025-09-09 10:09:50 Found package: hunspell-gl (version: 1:7.5.0-1)
2025-09-09 10:09:50 Found package: hunspell-gl-es (version: 1:7.5.0-1)
2025-09-09 10:09:50 Found package: hunspell-gu (version: 1:7.5.0-1)
2025-09-09 10:09:50 Found package: hunspell-hi (version: 1:7.5.0-1)
2025-09-09 10:09:50 Found package: hunspell-hr (version: 1:7.5.0-1)
2025-09-09 10:09:50 Found package: hunspell-hu (version: 1:7.5.0-1)
2025-09-09 10:09:50 Found package: hunspell-id (version: 1:7.5.0-1)
2025-09-09 10:09:50 Found package: hunspell-is (version: 1:7.5.0-1)
2025-09-09 10:09:50 Found package: hunspell-it (version: 1:7.5.0-1)
2025-09-09 10:09:50 Found package: hunspell-kk (version: 1.1-3)
2025-09-09 10:09:50 Found package: hunspell-kmr (version: 1:7.5.0-1)
2025-09-09 10:09:50 Found package: hunspell-ko (version: 0.7.92-1)
2025-09-09 10:09:50 Found package: hunspell-lt (version: 1:7.5.0-1)
2025-09-09 10:09:50 Found package: hunspell-lv (version: 1.4.0-4)
2025-09-09 10:09:50 Found package: hunspell-ml (version: 0.1-2.1)
2025-09-09 10:09:50 Found package: hunspell-ne (version: 1:7.5.0-1)
2025-09-09 10:09:50 Found package: hunspell-nl (version: 2:2.20.19-2)
2025-09-09 10:09:50 Found package: hunspell-pl (version: 1:7.5.0-1)
2025-09-09 10:09:50 Found package: hunspell-pt-br (version: 1:7.5.0-1)
2025-09-09 10:09:50 Found package: hunspell-pt-pt (version: 1:7.5.0-1)
2025-09-09 10:09:50 Found package: hunspell-ro (version: 1:7.5.0-1)
2025-09-09 10:09:50 Found package: hunspell-ru (version: 1:7.5.0-1)
2025-09-09 10:09:50 Found package: hunspell-si (version: 1:7.5.0-1)
2025-09-09 10:09:50 Found package: hunspell-sl (version: 1:7.5.0-1)
2025-09-09 10:09:50 Found package: hunspell-sr (version: 1:7.5.0-1)
2025-09-09 10:09:50 Found package: hunspell-sv (version: 1:7.5.0-1)
2025-09-09 10:09:50 Found package: hunspell-sv-se (version: 1:7.5.0-1)
2025-09-09 10:09:50 Found package: hunspell-te (version: 1:7.5.0-1)
2025-09-09 10:09:50 Found package: hunspell-th (version: 1:7.5.0-1)
2025-09-09 10:09:50 Found package: hunspell-vi (version: 1:7.5.0-1)
2025-09-09 10:09:50 Found package: hw-probe (version: 1.6.5-1)
2025-09-09 10:09:50 Found package: hwinfo (version: 21.82-1)
2025-09-09 10:09:50 Found package: hyphen-de (version: 1:7.5.0-1)
2025-09-09 10:09:50 Found package: hyphen-en-us (version: 2.8.8-7)
2025-09-09 10:09:50 Found package: hyphen-hr (version: 1:7.5.0-1)
2025-09-09 10:09:50 Found package: hyphen-hu (version: 1:7.5.0-1)
2025-09-09 10:09:50 Found package: hyphen-lt (version: 1:7.5.0-1)
2025-09-09 10:09:50 Found package: i2c-tools (version: 4.3-2+b3)
2025-09-09 10:09:50 Found package: i965-va-driver:amd64 (version: 2.4.1+dfsg1-1)
2025-09-09 10:09:50 Found package: iamerican (version: 3.4.05-1)
2025-09-09 10:09:50 Found package: ibrazilian (version: 3.0~beta4-24)
2025-09-09 10:09:50 Found package: ibritish (version: 3.4.05-1)
2025-09-09 10:09:50 Found package: ibulgarian (version: 4.1-7)
2025-09-09 10:09:50 Found package: ibus (version: 1.5.27-5)
2025-09-09 10:09:50 Found package: ibus-data (version: 1.5.27-5)
2025-09-09 10:09:50 Found package: ibus-gtk3:amd64 (version: 1.5.27-5)
2025-09-09 10:09:50 Found package: ibus-gtk4:amd64 (version: 1.5.27-5)
2025-09-09 10:09:50 Found package: ibus-gtk:amd64 (version: 1.5.27-5)
2025-09-09 10:09:50 Found package: ibus-hangul (version: 1.5.4-2)
2025-09-09 10:09:50 Found package: ibus-m17n (version: 1.4.19-1)
2025-09-09 10:09:50 Found package: icatalan (version: 0.20111230b-14)
2025-09-09 10:09:50 Found package: icu-devtools (version: 72.1-3+deb12u1)
2025-09-09 10:09:50 Found package: idanish (version: 1.6.36-14)
2025-09-09 10:09:50 Found package: idutch (version: 1:2.20.19-2)
2025-09-09 10:09:50 Found package: ienglish-common (version: 3.4.05-1)
2025-09-09 10:09:51 Found package: ifrench-gut (version: 1:1.0-32.2)
2025-09-09 10:09:51 Found package: ifupdown (version: 0.8.41)
2025-09-09 10:09:51 Found package: ihungarian (version: 1.6.1-2.1)
2025-09-09 10:09:51 Found package: iio-sensor-proxy (version: 3.0-2)
2025-09-09 10:09:51 Found package: iitalian (version: 1:2.3-3.1)
2025-09-09 10:09:51 Found package: ilithuanian (version: 1.3.2-3)
2025-09-09 10:09:51 Found package: im-config (version: 0.55-2)
2025-09-09 10:09:51 Found package: imagemagick-6-common (version: 8:6.9.11.60+dfsg-1.6+deb12u3)
2025-09-09 10:09:51 Found package: indi-dsi (version: 0.4+20221223123028-1)
2025-09-09 10:09:51 Found package: ingerman (version: 20161207-11)
2025-09-09 10:09:51 Found package: init (version: 1.65.2+deb12u1)
2025-09-09 10:09:51 Found package: init-system-helpers (version: 1.65.2+deb12u1)
2025-09-09 10:09:51 Found package: initramfs-tools (version: 0.142+deb12u3)
2025-09-09 10:09:51 Found package: initramfs-tools-core (version: 0.142+deb12u3)
2025-09-09 10:09:51 Found package: inorwegian (version: 2.2-4)
2025-09-09 10:09:51 Found package: intel-media-va-driver:amd64 (version: 23.1.1+dfsg1-1)
2025-09-09 10:09:51 Found package: intel-microcode (version: 3.20250512.1~deb12u1)
2025-09-09 10:09:51 Found package: intltool-debian (version: 0.35.0+20060710.6)
2025-09-09 10:09:51 Found package: ipolish (version: 20220301-1)
2025-09-09 10:09:51 Found package: iportuguese (version: 20220621-1)
2025-09-09 10:09:51 Found package: ipp-usb (version: 0.9.23-1+b4)
2025-09-09 10:09:51 Found package: iproute2 (version: 6.1.0-3)
2025-09-09 10:09:51 Found package: iptables (version: 1.8.9-2)
2025-09-09 10:09:51 Found package: iputils-ping (version: 3:20221126-1+deb12u1)
2025-09-09 10:09:51 Found package: irussian (version: 0.99g5-29)
2025-09-09 10:09:51 Found package: isc-dhcp-client (version: 4.4.3-P1-2)
2025-09-09 10:09:51 Found package: isc-dhcp-common (version: 4.4.3-P1-2)
2025-09-09 10:09:51 Found package: iso-codes (version: 4.15.0-1)
2025-09-09 10:09:51 Found package: ispanish (version: 1.11-20)
2025-09-09 10:09:51 Found package: ispell (version: 3.4.05-1)
2025-09-09 10:09:51 Found package: iswiss (version: 20161207-11)
2025-09-09 10:09:51 Found package: isympy-common (version: 1.11.1-1)
2025-09-09 10:09:51 Found package: isympy3 (version: 1.11.1-1)
2025-09-09 10:09:51 Found package: itools (version: 1.0-6)
2025-09-09 10:09:51 Found package: iucode-tool (version: 2.3.1-3)
2025-09-09 10:09:51 Found package: iw (version: 5.19-1)
2025-09-09 10:09:51 Found package: ixo-usb-jtag (version: 0.0.1-2)
2025-09-09 10:09:51 Found package: javascript-common (version: 11+nmu1)
2025-09-09 10:09:51 Found package: jh7100-bootloader-recovery (version: 0~2021.07.14~git2b268a1c-2)
2025-09-09 10:09:51 Found package: kasumi (version: 2.5-11)
2025-09-09 10:09:51 Found package: kbd (version: 2.5.1-1+b1)
2025-09-09 10:09:51 Found package: keyboard-configuration (version: 1.221)
2025-09-09 10:09:51 Found package: klibc-utils (version: 2.0.12-1)
2025-09-09 10:09:51 Found package: kmod (version: 30+20221128-1)
2025-09-09 10:09:51 Found package: konwert (version: 1.8-13.2)
2025-09-09 10:09:51 Found package: konwert-filters (version: 1.8-13.2)
2025-09-09 10:09:51 Found package: less (version: 590-2.1~deb12u2)
2025-09-09 10:09:51 Found package: libaa1:amd64 (version: 1.4p5-50)
2025-09-09 10:09:51 Found package: libaacs0:amd64 (version: 0.11.1-2)
2025-09-09 10:09:51 Found package: libabsl20220623:amd64 (version: 20220623.1-1+deb12u2)
2025-09-09 10:09:51 Found package: libaccountsservice0:amd64 (version: 22.08.8-6)
2025-09-09 10:09:51 Found package: libacl1:amd64 (version: 2.3.1-3)
2025-09-09 10:09:51 Found package: libaio1:amd64 (version: 0.3.113-4)
2025-09-09 10:09:51 Found package: libalgorithm-diff-perl (version: 1.201-1)
2025-09-09 10:09:51 Found package: libalgorithm-diff-xs-perl:amd64 (version: 0.04-8+b1)
2025-09-09 10:09:51 Found package: libalgorithm-merge-perl (version: 0.08-5)
2025-09-09 10:09:51 Found package: libaliased-perl (version: 0.34-3)
2025-09-09 10:09:51 Found package: libamd2:amd64 (version: 1:5.12.0+dfsg-2)
2025-09-09 10:09:51 Found package: libann0 (version: 1.1.2+doc-9+b1)
2025-09-09 10:09:51 Found package: libanthy1:amd64 (version: 1:0.4-2)
2025-09-09 10:09:51 Found package: libanthyinput0:amd64 (version: 1:0.4-2)
2025-09-09 10:09:51 Found package: libao-common (version: 1.2.2+20180113-1.1)
2025-09-09 10:09:51 Found package: libao4:amd64 (version: 1.2.2+20180113-1.1)
2025-09-09 10:09:51 Found package: libaom3:amd64 (version: 3.6.0-1+deb12u2)
2025-09-09 10:09:51 Found package: libapparmor1:amd64 (version: 3.0.8-3)
2025-09-09 10:09:51 Found package: libappstream4:amd64 (version: 0.16.1-2)
2025-09-09 10:09:51 Found package: libapt-pkg-perl (version: 0.1.40+b2)
2025-09-09 10:09:51 Found package: libapt-pkg6.0:amd64 (version: 2.6.1)
2025-09-09 10:09:51 Found package: libarchive-cpio-perl (version: 0.10-3)
2025-09-09 10:09:51 Found package: libarchive-zip-perl (version: 1.68-1)
2025-09-09 10:09:51 Found package: libarchive13:amd64 (version: 3.6.2-1+deb12u3)
2025-09-09 10:09:51 Found package: libargon2-1:amd64 (version: 0~20171227-0.3+deb12u1)
2025-09-09 10:09:51 Found package: libarray-intspan-perl (version: 2.004-2)
2025-09-09 10:09:51 Found package: libasan8:amd64 (version: 12.2.0-14+deb12u1)
2025-09-09 10:09:51 Found package: libasound2-data (version: 1.2.8-1)
2025-09-09 10:09:51 Found package: libasound2-plugins:amd64 (version: 1.2.7.1-1)
2025-09-09 10:09:51 Found package: libasound2:amd64 (version: 1.2.8-1+b1)
2025-09-09 10:09:51 Found package: libaspell15:amd64 (version: 0.60.8-4+b1)
2025-09-09 10:09:51 Found package: libass9:amd64 (version: 1:0.17.1-1)
2025-09-09 10:09:51 Found package: libassuan0:amd64 (version: 2.5.5-5)
2025-09-09 10:09:51 Found package: libasyncns0:amd64 (version: 0.8-6+b3)
2025-09-09 10:09:51 Found package: libatasmart4:amd64 (version: 0.19-5)
2025-09-09 10:09:51 Found package: libatk-adaptor:amd64 (version: 2.46.0-5)
2025-09-09 10:09:51 Found package: libatk-bridge2.0-0:amd64 (version: 2.46.0-5)
2025-09-09 10:09:51 Found package: libatk1.0-0:amd64 (version: 2.46.0-5)
2025-09-09 10:09:51 Found package: libatkmm-1.6-1v5:amd64 (version: 2.28.3-1)
2025-09-09 10:09:51 Found package: libatomic1:amd64 (version: 12.2.0-14+deb12u1)
2025-09-09 10:09:51 Found package: libatopology2:amd64 (version: 1.2.8-1+b1)
2025-09-09 10:09:51 Found package: libatrildocument3 (version: 1.26.0-2+deb12u3)
2025-09-09 10:09:51 Found package: libatrilview3 (version: 1.26.0-2+deb12u3)
2025-09-09 10:09:51 Found package: libatspi2.0-0:amd64 (version: 2.46.0-5)
2025-09-09 10:09:51 Found package: libattr1:amd64 (version: 1:2.5.1-4)
2025-09-09 10:09:51 Found package: libaudio2:amd64 (version: 1.9.4-7)
2025-09-09 10:09:51 Found package: libaudit-common (version: 1:3.0.9-1)
2025-09-09 10:09:51 Found package: libaudit1:amd64 (version: 1:3.0.9-1)
2025-09-09 10:09:51 Found package: libauparse0:amd64 (version: 1:3.0.9-1)
2025-09-09 10:09:51 Found package: libauthen-sasl-perl (version: 2.1600-3)
2025-09-09 10:09:51 Found package: libavahi-client3:amd64 (version: 0.8-10+deb12u1)
2025-09-09 10:09:51 Found package: libavahi-common-data:amd64 (version: 0.8-10+deb12u1)
2025-09-09 10:09:51 Found package: libavahi-common3:amd64 (version: 0.8-10+deb12u1)
2025-09-09 10:09:51 Found package: libavahi-core7:amd64 (version: 0.8-10+deb12u1)
2025-09-09 10:09:51 Found package: libavahi-glib1:amd64 (version: 0.8-10+deb12u1)
2025-09-09 10:09:51 Found package: libavc1394-0:amd64 (version: 0.5.4-5)
2025-09-09 10:09:51 Found package: libavcodec59:amd64 (version: 7:5.1.7-0+deb12u1)
2025-09-09 10:09:51 Found package: libavdevice59:amd64 (version: 7:5.1.7-0+deb12u1)
2025-09-09 10:09:51 Found package: libavfilter8:amd64 (version: 7:5.1.7-0+deb12u1)
2025-09-09 10:09:51 Found package: libavformat59:amd64 (version: 7:5.1.7-0+deb12u1)
2025-09-09 10:09:51 Found package: libavif15:amd64 (version: 0.11.1-1+deb12u1)
2025-09-09 10:09:51 Found package: libavutil57:amd64 (version: 7:5.1.7-0+deb12u1)
2025-09-09 10:09:51 Found package: libayatana-appindicator3-1 (version: 0.5.92-1)
2025-09-09 10:09:51 Found package: libayatana-ido3-0.4-0:amd64 (version: 0.9.3-1)
2025-09-09 10:09:51 Found package: libayatana-indicator3-7:amd64 (version: 0.9.3-1)
2025-09-09 10:09:51 Found package: libb-hooks-endofscope-perl (version: 0.26-1)
2025-09-09 10:09:51 Found package: libb-hooks-op-check-perl:amd64 (version: 0.22-2+b1)
2025-09-09 10:09:51 Found package: libbabl-0.1-0:amd64 (version: 1:0.1.98-1+b1)
2025-09-09 10:09:51 Found package: libbdplus0:amd64 (version: 0.2.0-3)
2025-09-09 10:09:51 Found package: libberkeleydb-perl:amd64 (version: 0.64-2+b1)
2025-09-09 10:09:51 Found package: libbinutils:amd64 (version: 2.40-2)
2025-09-09 10:09:51 Found package: libblas3:amd64 (version: 3.11.0-2)
2025-09-09 10:09:51 Found package: libblkid1:amd64 (version: 2.38.1-5+deb12u3)
2025-09-09 10:09:51 Found package: libblockdev-crypto2:amd64 (version: 2.28-2+deb12u1)
2025-09-09 10:09:51 Found package: libblockdev-fs2:amd64 (version: 2.28-2+deb12u1)
2025-09-09 10:09:51 Found package: libblockdev-loop2:amd64 (version: 2.28-2+deb12u1)
2025-09-09 10:09:51 Found package: libblockdev-part-err2:amd64 (version: 2.28-2+deb12u1)
2025-09-09 10:09:51 Found package: libblockdev-part2:amd64 (version: 2.28-2+deb12u1)
2025-09-09 10:09:51 Found package: libblockdev-swap2:amd64 (version: 2.28-2+deb12u1)
2025-09-09 10:09:51 Found package: libblockdev-utils2:amd64 (version: 2.28-2+deb12u1)
2025-09-09 10:09:51 Found package: libblockdev2:amd64 (version: 2.28-2+deb12u1)
2025-09-09 10:09:51 Found package: libbluetooth3:amd64 (version: 5.66-1+deb12u2)
2025-09-09 10:09:51 Found package: libbluray2:amd64 (version: 1:1.3.4-1)
2025-09-09 10:09:51 Found package: libboost-dev:amd64 (version: 1.74.0.3)
2025-09-09 10:09:51 Found package: libboost-iostreams1.74.0:amd64 (version: 1.74.0+ds1-21)
2025-09-09 10:09:51 Found package: libboost-regex1.74.0:amd64 (version: 1.74.0+ds1-21)
2025-09-09 10:09:51 Found package: libboost1.74-dev:amd64 (version: 1.74.0+ds1-21)
2025-09-09 10:09:51 Found package: libbpf1:amd64 (version: 1:1.1.2-0+deb12u1)
2025-09-09 10:09:51 Found package: libbrlapi0.8:amd64 (version: 6.5-7+deb12u1)
2025-09-09 10:09:51 Found package: libbrotli1:amd64 (version: 1.0.9-2+b6)
2025-09-09 10:09:51 Found package: libbs2b0:amd64 (version: 3.1.0+dfsg-7)
2025-09-09 10:09:51 Found package: libbsd0:amd64 (version: 0.11.7-2)
2025-09-09 10:09:51 Found package: libbz2-1.0:amd64 (version: 1.0.8-5+b1)
2025-09-09 10:09:51 Found package: libc-bin (version: 2.36-9+deb12u13)
2025-09-09 10:09:51 Found package: libc-dev-bin (version: 2.36-9+deb12u13)
2025-09-09 10:09:51 Found package: libc-devtools (version: 2.36-9+deb12u13)
2025-09-09 10:09:51 Found package: libc-l10n (version: 2.36-9+deb12u13)
2025-09-09 10:09:51 Found package: libc6-dev:amd64 (version: 2.36-9+deb12u13)
2025-09-09 10:09:51 Found package: libc6:amd64 (version: 2.36-9+deb12u13)
2025-09-09 10:09:51 Found package: libcaca0:amd64 (version: 0.99.beta20-3)
2025-09-09 10:09:51 Found package: libcairo-gobject-perl (version: 1.005-4)
2025-09-09 10:09:51 Found package: libcairo-gobject2:amd64 (version: 1.16.0-7)
2025-09-09 10:09:51 Found package: libcairo-perl (version: 1.109-3+b1)
2025-09-09 10:09:51 Found package: libcairo-script-interpreter2:amd64 (version: 1.16.0-7)
2025-09-09 10:09:51 Found package: libcairo2:amd64 (version: 1.16.0-7)
2025-09-09 10:09:51 Found package: libcairomm-1.0-1v5:amd64 (version: 1.14.4-2)
2025-09-09 10:09:51 Found package: libcaja-extension1:amd64 (version: 1.26.1-1+deb12u1)
2025-09-09 10:09:51 Found package: libcamd2:amd64 (version: 1:5.12.0+dfsg-2)
2025-09-09 10:09:51 Found package: libcanberra-gtk3-0:amd64 (version: 0.30-10)
2025-09-09 10:09:51 Found package: libcanberra-gtk3-module:amd64 (version: 0.30-10)
2025-09-09 10:09:51 Found package: libcanberra-pulse:amd64 (version: 0.30-10)
2025-09-09 10:09:51 Found package: libcanberra0:amd64 (version: 0.30-10)
2025-09-09 10:09:51 Found package: libcap-ng0:amd64 (version: 0.8.3-1+b3)
2025-09-09 10:09:51 Found package: libcap2-bin (version: 1:2.66-4+deb12u2)
2025-09-09 10:09:51 Found package: libcap2:amd64 (version: 1:2.66-4+deb12u2)
2025-09-09 10:09:51 Found package: libcapture-tiny-perl (version: 0.48-2)
2025-09-09 10:09:51 Found package: libcbor0.8:amd64 (version: 0.8.0-2+b1)
2025-09-09 10:09:51 Found package: libcc1-0:amd64 (version: 12.2.0-14+deb12u1)
2025-09-09 10:09:51 Found package: libccolamd2:amd64 (version: 1:5.12.0+dfsg-2)
2025-09-09 10:09:51 Found package: libcdio-cdda2:amd64 (version: 10.2+2.0.1-1)
2025-09-09 10:09:51 Found package: libcdio-paranoia2:amd64 (version: 10.2+2.0.1-1)
2025-09-09 10:09:51 Found package: libcdio19:amd64 (version: 2.1.0-4)
2025-09-09 10:09:51 Found package: libcdparanoia0:amd64 (version: 3.10.2+debian-14)
2025-09-09 10:09:51 Found package: libcdt5:amd64 (version: 2.42.2-7+deb12u1)
2025-09-09 10:09:51 Found package: libcfitsio10:amd64 (version: 4.2.0-3)
2025-09-09 10:09:51 Found package: libcgi-fast-perl (version: 1:2.15-1)
2025-09-09 10:09:51 Found package: libcgi-pm-perl (version: 4.55-1)
2025-09-09 10:09:51 Found package: libcgraph6:amd64 (version: 2.42.2-7+deb12u1)
2025-09-09 10:09:51 Found package: libchewing3-data (version: 0.5.1-5)
2025-09-09 10:09:51 Found package: libchewing3:amd64 (version: 0.5.1-5)
2025-09-09 10:09:51 Found package: libcholmod3:amd64 (version: 1:5.12.0+dfsg-2)
2025-09-09 10:09:51 Found package: libchromaprint1:amd64 (version: 1.5.1-2+b1)
2025-09-09 10:09:51 Found package: libcjson1:amd64 (version: 1.7.15-1+deb12u3)
2025-09-09 10:09:51 Found package: libclamav11:amd64 (version: 1.0.9+dfsg-1~deb12u1)
2025-09-09 10:09:51 Found package: libclang-cpp14 (version: 1:14.0.6-12)
2025-09-09 10:09:51 Found package: libclass-data-inheritable-perl (version: 0.08-3)
2025-09-09 10:09:51 Found package: libclass-inspector-perl (version: 1.36-3)
2025-09-09 10:09:51 Found package: libclass-method-modifiers-perl (version: 2.14-1)
2025-09-09 10:09:51 Found package: libclass-xsaccessor-perl (version: 1.19-4+b1)
2025-09-09 10:09:51 Found package: libclone-perl:amd64 (version: 0.46-1)
2025-09-09 10:09:51 Found package: libcloudproviders0:amd64 (version: 0.3.1-2)
2025-09-09 10:09:51 Found package: libcodec2-1.0:amd64 (version: 1.0.5-1)
2025-09-09 10:09:51 Found package: libcolamd2:amd64 (version: 1:5.12.0+dfsg-2)
2025-09-09 10:09:51 Found package: libcolord2:amd64 (version: 1.4.6-2.2)
2025-09-09 10:09:51 Found package: libcolorhug2:amd64 (version: 1.4.6-2.2)
2025-09-09 10:09:51 Found package: libcom-err2:amd64 (version: 1.47.0-2+b2)
2025-09-09 10:09:51 Found package: libcommon-sense-perl:amd64 (version: 3.75-3)
2025-09-09 10:09:51 Found package: libconfig-tiny-perl (version: 2.28-2)
2025-09-09 10:09:51 Found package: libconst-fast-perl (version: 0.014-2)
2025-09-09 10:09:51 Found package: libcontextual-return-perl (version: 0.004014-4)
2025-09-09 10:09:51 Found package: libconvert-binhex-perl (version: 1.125-3)
2025-09-09 10:09:51 Found package: libcpanel-json-xs-perl:amd64 (version: 4.35-1)
2025-09-09 10:09:51 Found package: libcpupower1 (version: 6.1.148-1)
2025-09-09 10:09:51 Found package: libcrack2:amd64 (version: 2.9.6-5+b1)
2025-09-09 10:09:51 Found package: libcrypt-dev:amd64 (version: 1:4.4.33-2)
2025-09-09 10:09:51 Found package: libcrypt1:amd64 (version: 1:4.4.33-2)
2025-09-09 10:09:51 Found package: libcryptsetup12:amd64 (version: 2:2.6.1-4~deb12u2)
2025-09-09 10:09:51 Found package: libctf-nobfd0:amd64 (version: 2.40-2)
2025-09-09 10:09:51 Found package: libctf0:amd64 (version: 2.40-2)
2025-09-09 10:09:51 Found package: libcups2:amd64 (version: 2.4.2-3+deb12u8)
2025-09-09 10:09:51 Found package: libcupsfilters1:amd64 (version: 1.28.17-3+deb12u1)
2025-09-09 10:09:51 Found package: libcurl3-gnutls:amd64 (version: 7.88.1-10+deb12u14)
2025-09-09 10:09:51 Found package: libcurl3-nss:amd64 (version: 7.88.1-10+deb12u14)
2025-09-09 10:09:51 Found package: libcurl4:amd64 (version: 7.88.1-10+deb12u14)
2025-09-09 10:09:51 Found package: libdaemon0:amd64 (version: 0.14-7.1)
2025-09-09 10:09:51 Found package: libdata-dpath-perl (version: 0.58-2)
2025-09-09 10:09:51 Found package: libdata-dump-perl (version: 1.25-1)
2025-09-09 10:09:51 Found package: libdata-messagepack-perl (version: 1.02-1+b1)
2025-09-09 10:09:51 Found package: libdata-optlist-perl (version: 0.113-1)
2025-09-09 10:09:51 Found package: libdata-validate-domain-perl (version: 0.10-1.1)
2025-09-09 10:09:51 Found package: libdata-validate-ip-perl (version: 0.31-1)
2025-09-09 10:09:51 Found package: libdata-validate-uri-perl (version: 0.07-2)
2025-09-09 10:09:51 Found package: libdatrie1:amd64 (version: 0.2.13-2+b1)
2025-09-09 10:09:51 Found package: libdav1d6:amd64 (version: 1.0.0-2+deb12u1)
2025-09-09 10:09:51 Found package: libdb5.3:amd64 (version: 5.3.28+dfsg2-1)
2025-09-09 10:09:51 Found package: libdbus-1-3:amd64 (version: 1.14.10-1~deb12u1)
2025-09-09 10:09:51 Found package: libdbus-glib-1-2:amd64 (version: 0.112-3)
2025-09-09 10:09:51 Found package: libdbusmenu-glib4:amd64 (version: 18.10.20180917~bzr492+repack1-3)
2025-09-09 10:09:51 Found package: libdbusmenu-gtk3-4:amd64 (version: 18.10.20180917~bzr492+repack1-3)
2025-09-09 10:09:51 Found package: libdc1394-25:amd64 (version: 2.2.6-4)
2025-09-09 10:09:51 Found package: libdca0:amd64 (version: 0.0.7-2)
2025-09-09 10:09:51 Found package: libdconf1:amd64 (version: 0.40.0-4)
2025-09-09 10:09:51 Found package: libde265-0:amd64 (version: 1.0.11-1+deb12u2)
2025-09-09 10:09:51 Found package: libdebconfclient0:amd64 (version: 0.270)
2025-09-09 10:09:51 Found package: libdebhelper-perl (version: 13.11.4)
2025-09-09 10:09:51 Found package: libdecor-0-0:amd64 (version: 0.1.1-2)
2025-09-09 10:09:51 Found package: libdecor-0-plugin-1-cairo:amd64 (version: 0.1.1-2)
2025-09-09 10:09:51 Found package: libdeflate0:amd64 (version: 1.14-1)
2025-09-09 10:09:51 Found package: libdevel-callchecker-perl:amd64 (version: 0.008-2)
2025-09-09 10:09:51 Found package: libdevel-size-perl (version: 0.83-2+b1)
2025-09-09 10:09:51 Found package: libdevel-stacktrace-perl (version: 2.0400-2)
2025-09-09 10:09:51 Found package: libdevmapper-event1.02.1:amd64 (version: 2:1.02.185-2)
2025-09-09 10:09:51 Found package: libdevmapper1.02.1:amd64 (version: 2:1.02.185-2)
2025-09-09 10:09:51 Found package: libdirectfb-1.7-7:amd64 (version: 1.7.7-11)
2025-09-09 10:09:51 Found package: libdistro-info-perl (version: 1.5+deb12u1)
2025-09-09 10:09:51 Found package: libdjvulibre-text (version: 3.5.28-2.2~deb12u1)
2025-09-09 10:09:51 Found package: libdjvulibre21:amd64 (version: 3.5.28-2.2~deb12u1)
2025-09-09 10:09:51 Found package: libdotconf0:amd64 (version: 1.3-0.3)
2025-09-09 10:09:51 Found package: libdouble-conversion3:amd64 (version: 3.2.1-1)
2025-09-09 10:09:51 Found package: libdpkg-perl (version: 1.21.22)
2025-09-09 10:09:51 Found package: libdrm-amdgpu1:amd64 (version: 2.4.114-1+b1)
2025-09-09 10:09:51 Found package: libdrm-common (version: 2.4.114-1)
2025-09-09 10:09:51 Found package: libdrm-intel1:amd64 (version: 2.4.114-1+b1)
2025-09-09 10:09:51 Found package: libdrm-nouveau2:amd64 (version: 2.4.114-1+b1)
2025-09-09 10:09:51 Found package: libdrm-radeon1:amd64 (version: 2.4.114-1+b1)
2025-09-09 10:09:51 Found package: libdrm2:amd64 (version: 2.4.114-1+b1)
2025-09-09 10:09:51 Found package: libduktape207:amd64 (version: 2.7.0-2)
2025-09-09 10:09:51 Found package: libdv4:amd64 (version: 1.0.0-15)
2025-09-09 10:09:51 Found package: libdvdnav4:amd64 (version: 6.1.1-1)
2025-09-09 10:09:51 Found package: libdvdread8:amd64 (version: 6.1.3-1)
2025-09-09 10:09:51 Found package: libdw1:amd64 (version: 0.188-2.1)
2025-09-09 10:09:51 Found package: libdynaloader-functions-perl (version: 0.003-3)
2025-09-09 10:09:51 Found package: libeb16:amd64 (version: 4.4.3-14)
2025-09-09 10:09:51 Found package: libedit2:amd64 (version: 3.1-20221030-2)
2025-09-09 10:09:51 Found package: libefiboot1:amd64 (version: 37-6)
2025-09-09 10:09:51 Found package: libefivar1:amd64 (version: 37-6)
2025-09-09 10:09:51 Found package: libegl-mesa0:amd64 (version: 22.3.6-1+deb12u1)
2025-09-09 10:09:51 Found package: libegl1:amd64 (version: 1.6.0-1)
2025-09-09 10:09:51 Found package: libelf1:amd64 (version: 0.188-2.1)
2025-09-09 10:09:51 Found package: libemail-address-xs-perl (version: 1.05-1+b1)
2025-09-09 10:09:51 Found package: libenchant-2-2:amd64 (version: 2.3.3-2)
2025-09-09 10:09:51 Found package: libenchant-2-voikko:amd64 (version: 2.3.3-2)
2025-09-09 10:09:51 Found package: libencode-locale-perl (version: 1.05-3)
2025-09-09 10:09:51 Found package: libepoxy0:amd64 (version: 1.5.10-1)
2025-09-09 10:09:51 Found package: libept1.6.0:amd64 (version: 1.2.1)
2025-09-09 10:09:51 Found package: liberror-perl (version: 0.17029-2)
2025-09-09 10:09:51 Found package: libespeak-ng1:amd64 (version: 1.51+dfsg-10+deb12u2)
2025-09-09 10:09:51 Found package: libestr0:amd64 (version: 0.1.11-1)
2025-09-09 10:09:51 Found package: libevdev2:amd64 (version: 1.13.0+dfsg-1)
2025-09-09 10:09:51 Found package: libevent-2.1-7:amd64 (version: 2.1.12-stable-8)
2025-09-09 10:09:51 Found package: libevent-core-2.1-7:amd64 (version: 2.1.12-stable-8)
2025-09-09 10:09:51 Found package: libevent-pthreads-2.1-7:amd64 (version: 2.1.12-stable-8)
2025-09-09 10:09:51 Found package: libexception-class-perl (version: 1.45-1)
2025-09-09 10:09:51 Found package: libexempi8:amd64 (version: 2.6.3-1)
2025-09-09 10:09:51 Found package: libexif12:amd64 (version: 0.6.24-1+b1)
2025-09-09 10:09:51 Found package: libexiv2-27:amd64 (version: 0.27.6-1)
2025-09-09 10:09:51 Found package: libexpat1-dev:amd64 (version: 2.5.0-1+deb12u2)
2025-09-09 10:09:51 Found package: libexpat1:amd64 (version: 2.5.0-1+deb12u2)
2025-09-09 10:09:51 Found package: libexporter-tiny-perl (version: 1.006000-1)
2025-09-09 10:09:51 Found package: libext2fs2:amd64 (version: 1.47.0-2+b2)
2025-09-09 10:09:51 Found package: libextutils-depends-perl (version: 0.8001-2)
2025-09-09 10:09:51 Found package: libfaad2:amd64 (version: 2.10.1-1)
2025-09-09 10:09:52 Found package: libfakeroot:amd64 (version: 1.31-1.2)
2025-09-09 10:09:52 Found package: libfastjson4:amd64 (version: 1.2304.0-1)
2025-09-09 10:09:52 Found package: libfcgi-bin (version: 2.4.2-2+deb12u1)
2025-09-09 10:09:52 Found package: libfcgi-perl (version: 0.82+ds-2)
2025-09-09 10:09:52 Found package: libfcgi0ldbl:amd64 (version: 2.4.2-2+deb12u1)
2025-09-09 10:09:52 Found package: libfcitx-config4:amd64 (version: 1:4.2.9.9-1)
2025-09-09 10:09:52 Found package: libfcitx-core0:amd64 (version: 1:4.2.9.9-1)
2025-09-09 10:09:52 Found package: libfcitx-gclient1:amd64 (version: 1:4.2.9.9-1)
2025-09-09 10:09:52 Found package: libfcitx-qt5-1:amd64 (version: 1.2.7-2+b7)
2025-09-09 10:09:52 Found package: libfcitx-qt5-data (version: 1.2.7-2)
2025-09-09 10:09:52 Found package: libfcitx-utils0:amd64 (version: 1:4.2.9.9-1)
2025-09-09 10:09:52 Found package: libfcitx5-qt-data (version: 5.0.16-1)
2025-09-09 10:09:52 Found package: libfcitx5-qt1:amd64 (version: 5.0.16-1+b3)
2025-09-09 10:09:52 Found package: libfcitx5config6:amd64 (version: 5.0.21-3)
2025-09-09 10:09:52 Found package: libfcitx5core7:amd64 (version: 5.0.21-3)
2025-09-09 10:09:52 Found package: libfcitx5utils2:amd64 (version: 5.0.21-3)
2025-09-09 10:09:52 Found package: libfdisk1:amd64 (version: 2.38.1-5+deb12u3)
2025-09-09 10:09:52 Found package: libfeature-compat-class-perl (version: 0.05-1)
2025-09-09 10:09:52 Found package: libfeature-compat-try-perl (version: 0.05-1)
2025-09-09 10:09:52 Found package: libffi-dev:amd64 (version: 3.4.4-1)
2025-09-09 10:09:52 Found package: libffi8:amd64 (version: 3.4.4-1)
2025-09-09 10:09:52 Found package: libffmpegthumbnailer4v5:amd64 (version: 2.2.2+git20220218+dfsg-1+b1)
2025-09-09 10:09:52 Found package: libfftw3-double3:amd64 (version: 3.3.10-1)
2025-09-09 10:09:52 Found package: libfftw3-single3:amd64 (version: 3.3.10-1)
2025-09-09 10:09:52 Found package: libfido2-1:amd64 (version: 1.12.0-2+b1)
2025-09-09 10:09:52 Found package: libfile-basedir-perl (version: 0.09-2)
2025-09-09 10:09:52 Found package: libfile-chdir-perl (version: 0.1008-1.1)
2025-09-09 10:09:52 Found package: libfile-desktopentry-perl (version: 0.22-3)
2025-09-09 10:09:52 Found package: libfile-dirlist-perl (version: 0.05-3)
2025-09-09 10:09:52 Found package: libfile-fcntllock-perl (version: 0.22-4+b1)
2025-09-09 10:09:52 Found package: libfile-find-rule-perl (version: 0.34-4~deb12u1)
2025-09-09 10:09:52 Found package: libfile-fnmatch-perl (version: 0.02-3+b1)
2025-09-09 10:09:52 Found package: libfile-homedir-perl (version: 1.006-2)
2025-09-09 10:09:52 Found package: libfile-listing-perl (version: 6.15-1)
2025-09-09 10:09:52 Found package: libfile-mimeinfo-perl (version: 0.33-1)
2025-09-09 10:09:52 Found package: libfile-next-perl (version: 1.18-1)
2025-09-09 10:09:52 Found package: libfile-stripnondeterminism-perl (version: 1.13.1-1)
2025-09-09 10:09:52 Found package: libfile-touch-perl (version: 0.12-2)
2025-09-09 10:09:52 Found package: libfile-which-perl (version: 1.27-2)
2025-09-09 10:09:52 Found package: libflac12:amd64 (version: 1.4.2+ds-2)
2025-09-09 10:09:52 Found package: libflite1:amd64 (version: 2.2-5)
2025-09-09 10:09:52 Found package: libfluidsynth3:amd64 (version: 2.3.1-2)
2025-09-09 10:09:52 Found package: libfont-afm-perl (version: 1.20-4)
2025-09-09 10:09:52 Found package: libfont-ttf-perl (version: 1.06-2)
2025-09-09 10:09:52 Found package: libfontconfig1:amd64 (version: 2.14.1-4)
2025-09-09 10:09:52 Found package: libfontembed1:amd64 (version: 1.28.17-3+deb12u1)
2025-09-09 10:09:52 Found package: libfontenc1:amd64 (version: 1:1.1.4-1)
2025-09-09 10:09:52 Found package: libfreeaptx0:amd64 (version: 0.1.1-2)
2025-09-09 10:09:52 Found package: libfreetype6:amd64 (version: 2.12.1+dfsg-5+deb12u4)
2025-09-09 10:09:52 Found package: libfreezethaw-perl (version: 0.5001-3)
2025-09-09 10:09:52 Found package: libfribidi0:amd64 (version: 1.0.8-2.1)
2025-09-09 10:09:52 Found package: libfuse2:amd64 (version: 2.9.9-6+b1)
2025-09-09 10:09:52 Found package: libfuse3-3:amd64 (version: 3.14.0-4)
2025-09-09 10:09:52 Found package: libgail-3-0:amd64 (version: 3.24.38-2~deb12u3)
2025-09-09 10:09:52 Found package: libgail-common:amd64 (version: 2.24.33-2+deb12u1)
2025-09-09 10:09:52 Found package: libgail18:amd64 (version: 2.24.33-2+deb12u1)
2025-09-09 10:09:52 Found package: libgav1-1:amd64 (version: 0.18.0-1+b1)
2025-09-09 10:09:52 Found package: libgbm1:amd64 (version: 22.3.6-1+deb12u1)
2025-09-09 10:09:52 Found package: libgcc-12-dev:amd64 (version: 12.2.0-14+deb12u1)
2025-09-09 10:09:52 Found package: libgcc-s1:amd64 (version: 12.2.0-14+deb12u1)
2025-09-09 10:09:52 Found package: libgck-1-0:amd64 (version: 3.41.1-1+b1)
2025-09-09 10:09:52 Found package: libgcr-base-3-1:amd64 (version: 3.41.1-1+b1)
2025-09-09 10:09:52 Found package: libgcr-ui-3-1:amd64 (version: 3.41.1-1+b1)
2025-09-09 10:09:52 Found package: libgcroots0:amd64 (version: 0.9.1-2)
2025-09-09 10:09:52 Found package: libgcrypt20:amd64 (version: 1.10.1-3)
2025-09-09 10:09:52 Found package: libgd3:amd64 (version: 2.3.3-9)
2025-09-09 10:09:52 Found package: libgdata-common (version: 0.18.1-2)
2025-09-09 10:09:52 Found package: libgdata22:amd64 (version: 0.18.1-2)
2025-09-09 10:09:52 Found package: libgdbm-compat4:amd64 (version: 1.23-3)
2025-09-09 10:09:52 Found package: libgdbm6:amd64 (version: 1.23-3)
2025-09-09 10:09:52 Found package: libgdk-pixbuf-2.0-0:amd64 (version: 2.42.10+dfsg-1+deb12u2)
2025-09-09 10:09:52 Found package: libgdk-pixbuf2.0-bin (version: 2.42.10+dfsg-1+deb12u2)
2025-09-09 10:09:52 Found package: libgdk-pixbuf2.0-common (version: 2.42.10+dfsg-1+deb12u2)
2025-09-09 10:09:52 Found package: libgegl-0.4-0:amd64 (version: 1:0.4.42-2)
2025-09-09 10:09:52 Found package: libgegl-common (version: 1:0.4.42-2)
2025-09-09 10:09:52 Found package: libgexiv2-2:amd64 (version: 0.14.0-1+b1)
2025-09-09 10:09:52 Found package: libgfortran5:amd64 (version: 12.2.0-14+deb12u1)
2025-09-09 10:09:52 Found package: libgimp2.0:amd64 (version: 2.10.34-1+deb12u3)
2025-09-09 10:09:52 Found package: libgirepository-1.0-1:amd64 (version: 1.74.0-3)
2025-09-09 10:09:52 Found package: libgit-wrapper-perl (version: 0.048-2)
2025-09-09 10:09:52 Found package: libgit2-1.5:amd64 (version: 1.5.1+ds-1+deb12u1)
2025-09-09 10:09:52 Found package: libgitlab-api-v4-perl (version: 0.26-3)
2025-09-09 10:09:52 Found package: libgl1-mesa-dri:amd64 (version: 22.3.6-1+deb12u1)
2025-09-09 10:09:52 Found package: libgl1:amd64 (version: 1.6.0-1)
2025-09-09 10:09:52 Found package: libglapi-mesa:amd64 (version: 22.3.6-1+deb12u1)
2025-09-09 10:09:52 Found package: libgles2:amd64 (version: 1.6.0-1)
2025-09-09 10:09:52 Found package: libglib-object-introspection-perl (version: 0.049-3)
2025-09-09 10:09:52 Found package: libglib-perl:amd64 (version: 3:1.329.3-2+b2)
2025-09-09 10:09:52 Found package: libglib2.0-0:amd64 (version: 2.74.6-2+deb12u7)
2025-09-09 10:09:52 Found package: libglib2.0-bin (version: 2.74.6-2+deb12u7)
2025-09-09 10:09:52 Found package: libglib2.0-data (version: 2.74.6-2+deb12u7)
2025-09-09 10:09:52 Found package: libglibmm-2.4-1v5:amd64 (version: 2.66.5-2)
2025-09-09 10:09:52 Found package: libglu1-mesa:amd64 (version: 9.0.2-1.1)
2025-09-09 10:09:52 Found package: libglvnd0:amd64 (version: 1.6.0-1)
2025-09-09 10:09:52 Found package: libglx-mesa0:amd64 (version: 22.3.6-1+deb12u1)
2025-09-09 10:09:52 Found package: libglx0:amd64 (version: 1.6.0-1)
2025-09-09 10:09:52 Found package: libgme0:amd64 (version: 0.6.3-6)
2025-09-09 10:09:52 Found package: libgmp10:amd64 (version: 2:6.2.1+dfsg1-1.1)
2025-09-09 10:09:52 Found package: libgnutls-dane0:amd64 (version: 3.7.9-2+deb12u5)
2025-09-09 10:09:52 Found package: libgnutls30:amd64 (version: 3.7.9-2+deb12u5)
2025-09-09 10:09:52 Found package: libgoa-1.0-0b:amd64 (version: 3.46.0-1)
2025-09-09 10:09:52 Found package: libgoa-1.0-common (version: 3.46.0-1)
2025-09-09 10:09:52 Found package: libgomp1:amd64 (version: 12.2.0-14+deb12u1)
2025-09-09 10:09:52 Found package: libgpg-error0:amd64 (version: 1.46-1)
2025-09-09 10:09:52 Found package: libgpgme11:amd64 (version: 1.18.0-3+b1)
2025-09-09 10:09:52 Found package: libgphoto2-6:amd64 (version: 2.5.30-1)
2025-09-09 10:09:52 Found package: libgphoto2-l10n (version: 2.5.30-1)
2025-09-09 10:09:52 Found package: libgphoto2-port12:amd64 (version: 2.5.30-1)
2025-09-09 10:09:52 Found package: libgpm2:amd64 (version: 1.20.7-10+b1)
2025-09-09 10:09:52 Found package: libgprofng0:amd64 (version: 2.40-2)
2025-09-09 10:09:52 Found package: libgraphene-1.0-0:amd64 (version: 1.10.8-1)
2025-09-09 10:09:52 Found package: libgraphite2-3:amd64 (version: 1.3.14-1)
2025-09-09 10:09:52 Found package: libgs-common (version: 10.0.0~dfsg-11+deb12u7)
2025-09-09 10:09:52 Found package: libgs10-common (version: 10.0.0~dfsg-11+deb12u7)
2025-09-09 10:09:52 Found package: libgs10:amd64 (version: 10.0.0~dfsg-11+deb12u7)
2025-09-09 10:09:52 Found package: libgsm1:amd64 (version: 1.0.22-1)
2025-09-09 10:09:52 Found package: libgssapi-krb5-2:amd64 (version: 1.20.1-2+deb12u4)
2025-09-09 10:09:52 Found package: libgssdp-1.6-0:amd64 (version: 1.6.2-2)
2025-09-09 10:09:52 Found package: libgstreamer-gl1.0-0:amd64 (version: 1.22.0-3+deb12u5)
2025-09-09 10:09:52 Found package: libgstreamer-plugins-bad1.0-0:amd64 (version: 1.22.0-4+deb12u6)
2025-09-09 10:09:52 Found package: libgstreamer-plugins-base1.0-0:amd64 (version: 1.22.0-3+deb12u5)
2025-09-09 10:09:52 Found package: libgstreamer1.0-0:amd64 (version: 1.22.0-2+deb12u1)
2025-09-09 10:09:52 Found package: libgtk-3-0:amd64 (version: 3.24.38-2~deb12u3)
2025-09-09 10:09:52 Found package: libgtk-3-bin (version: 3.24.38-2~deb12u3)
2025-09-09 10:09:52 Found package: libgtk-3-common (version: 3.24.38-2~deb12u3)
2025-09-09 10:09:52 Found package: libgtk-4-1:amd64 (version: 4.8.3+ds-2+deb12u1)
2025-09-09 10:09:52 Found package: libgtk-4-bin (version: 4.8.3+ds-2+deb12u1)
2025-09-09 10:09:52 Found package: libgtk-4-common (version: 4.8.3+ds-2+deb12u1)
2025-09-09 10:09:52 Found package: libgtk-layer-shell0 (version: 0.8.0-1)
2025-09-09 10:09:52 Found package: libgtk2.0-0:amd64 (version: 2.24.33-2+deb12u1)
2025-09-09 10:09:52 Found package: libgtk2.0-bin (version: 2.24.33-2+deb12u1)
2025-09-09 10:09:52 Found package: libgtk2.0-common (version: 2.24.33-2+deb12u1)
2025-09-09 10:09:52 Found package: libgtk3-perl (version: 0.038-3)
2025-09-09 10:09:52 Found package: libgtkmm-3.0-1v5:amd64 (version: 3.24.7-1)
2025-09-09 10:09:52 Found package: libgtksourceview-3.0-1:amd64 (version: 3.24.11-2+b1)
2025-09-09 10:09:52 Found package: libgtksourceview-3.0-common (version: 3.24.11-2)
2025-09-09 10:09:52 Found package: libgtksourceview-4-0:amd64 (version: 4.8.4-4)
2025-09-09 10:09:52 Found package: libgtksourceview-4-common (version: 4.8.4-4)
2025-09-09 10:09:52 Found package: libgtop-2.0-11:amd64 (version: 2.40.0-2)
2025-09-09 10:09:52 Found package: libgtop2-common (version: 2.40.0-2)
2025-09-09 10:09:52 Found package: libgts-0.7-5:amd64 (version: 0.7.6+darcs121130-5+b1)
2025-09-09 10:09:52 Found package: libgts-bin (version: 0.7.6+darcs121130-5+b1)
2025-09-09 10:09:52 Found package: libgucharmap-2-90-7:amd64 (version: 1:15.0.2-1)
2025-09-09 10:09:52 Found package: libgudev-1.0-0:amd64 (version: 237-2)
2025-09-09 10:09:52 Found package: libgupnp-1.6-0:amd64 (version: 1.6.3-1)
2025-09-09 10:09:52 Found package: libgupnp-igd-1.0-4:amd64 (version: 1.2.0-3)
2025-09-09 10:09:52 Found package: libgusb2:amd64 (version: 0.3.10-1)
2025-09-09 10:09:52 Found package: libgvc6 (version: 2.42.2-7+deb12u1)
2025-09-09 10:09:52 Found package: libgvpr2:amd64 (version: 2.42.2-7+deb12u1)
2025-09-09 10:09:52 Found package: libgxps2:amd64 (version: 0.3.2-2+b1)
2025-09-09 10:09:52 Found package: libhandy-1-0:amd64 (version: 1.8.1-1)
2025-09-09 10:09:52 Found package: libhangul-data (version: 0.1.0+git20191003-2)
2025-09-09 10:09:52 Found package: libhangul1:amd64 (version: 0.1.0+git20191003-2)
2025-09-09 10:09:52 Found package: libharfbuzz-icu0:amd64 (version: 6.0.0+dfsg-3)
2025-09-09 10:09:52 Found package: libharfbuzz-subset0:amd64 (version: 6.0.0+dfsg-3)
2025-09-09 10:09:52 Found package: libharfbuzz0b:amd64 (version: 6.0.0+dfsg-3)
2025-09-09 10:09:52 Found package: libhd21:amd64 (version: 21.82-1)
2025-09-09 10:09:52 Found package: libhdate1:amd64 (version: 1.6.02-2.1+b3)
2025-09-09 10:09:52 Found package: libheif1:amd64 (version: 1.15.1-1+deb12u1)
2025-09-09 10:09:52 Found package: libhfstospell11:amd64 (version: 0.5.3-1+b2)
2025-09-09 10:09:52 Found package: libhiredis0.14:amd64 (version: 0.14.1-3)
2025-09-09 10:09:52 Found package: libhogweed6:amd64 (version: 3.8.1-2)
2025-09-09 10:09:52 Found package: libhtml-form-perl (version: 6.11-1)
2025-09-09 10:09:52 Found package: libhtml-format-perl (version: 2.16-2)
2025-09-09 10:09:52 Found package: libhtml-html5-entities-perl (version: 0.004-3)
2025-09-09 10:09:52 Found package: libhtml-parser-perl:amd64 (version: 3.81-1)
2025-09-09 10:09:52 Found package: libhtml-tagset-perl (version: 3.20-6)
2025-09-09 10:09:52 Found package: libhtml-tokeparser-simple-perl (version: 3.16-4)
2025-09-09 10:09:52 Found package: libhtml-tree-perl (version: 5.07-3)
2025-09-09 10:09:52 Found package: libhtp2 (version: 1:0.5.42-1)
2025-09-09 10:09:52 Found package: libhttp-cookies-perl (version: 6.10-1)
2025-09-09 10:09:52 Found package: libhttp-daemon-perl (version: 6.16-1)
2025-09-09 10:09:52 Found package: libhttp-date-perl (version: 6.05-2)
2025-09-09 10:09:52 Found package: libhttp-message-perl (version: 6.44-1)
2025-09-09 10:09:52 Found package: libhttp-negotiate-perl (version: 6.01-2)
2025-09-09 10:09:52 Found package: libhttp-parser2.9:amd64 (version: 2.9.4-5)
2025-09-09 10:09:52 Found package: libhttp-tiny-multipart-perl (version: 0.08-2)
2025-09-09 10:09:52 Found package: libhunspell-1.7-0:amd64 (version: 1.7.1-1)
2025-09-09 10:09:52 Found package: libhwy1:amd64 (version: 1.0.3-3+deb12u1)
2025-09-09 10:09:52 Found package: libhyperscan5 (version: 5.4.0-2)
2025-09-09 10:09:52 Found package: libhyphen0:amd64 (version: 2.8.8-7)
2025-09-09 10:09:52 Found package: libi2c0:amd64 (version: 4.3-2+b3)
2025-09-09 10:09:52 Found package: libibus-1.0-5:amd64 (version: 1.5.27-5)
2025-09-09 10:09:52 Found package: libice6:amd64 (version: 2:1.0.10-1)
2025-09-09 10:09:52 Found package: libicu-dev:amd64 (version: 72.1-3+deb12u1)
2025-09-09 10:09:52 Found package: libicu72:amd64 (version: 72.1-3+deb12u1)
2025-09-09 10:09:52 Found package: libidn12:amd64 (version: 1.41-1)
2025-09-09 10:09:52 Found package: libidn2-0:amd64 (version: 2.3.3-1+b1)
2025-09-09 10:09:52 Found package: libiec61883-0:amd64 (version: 1.2.0-6+b1)
2025-09-09 10:09:52 Found package: libieee1284-3:amd64 (version: 0.2.11-14)
2025-09-09 10:09:52 Found package: libigdgmm12:amd64 (version: 22.3.3+ds1-1)
2025-09-09 10:09:52 Found package: libijs-0.35:amd64 (version: 0.35-15)
2025-09-09 10:09:52 Found package: libimagequant0:amd64 (version: 2.17.0-1)
2025-09-09 10:09:52 Found package: libimath-3-1-29:amd64 (version: 3.1.6-1)
2025-09-09 10:09:52 Found package: libime-data (version: 1.0.16-1)
2025-09-09 10:09:52 Found package: libime-data-language-model:amd64 (version: 1.0.16-1)
2025-09-09 10:09:52 Found package: libimecore0:amd64 (version: 1.0.16-1)
2025-09-09 10:09:52 Found package: libimepinyin0:amd64 (version: 1.0.16-1)
2025-09-09 10:09:52 Found package: libimetable0:amd64 (version: 1.0.16-1)
2025-09-09 10:09:52 Found package: libimobiledevice6:amd64 (version: 1.3.0-6+b3)
2025-09-09 10:09:52 Found package: libimport-into-perl (version: 1.002005-2)
2025-09-09 10:09:52 Found package: libindi-data (version: 1.9.9+dfsg-2)
2025-09-09 10:09:52 Found package: libindidriver1:amd64 (version: 1.9.9+dfsg-2+b1)
2025-09-09 10:09:52 Found package: libindirect-perl (version: 0.39-2+b1)
2025-09-09 10:09:52 Found package: libinih1:amd64 (version: 55-1)
2025-09-09 10:09:52 Found package: libinput-bin (version: 1.22.1-1)
2025-09-09 10:09:52 Found package: libinput10:amd64 (version: 1.22.1-1)
2025-09-09 10:09:52 Found package: libinstpatch-1.0-2:amd64 (version: 1.1.6-1)
2025-09-09 10:09:52 Found package: libintl-perl (version: 1.33-1)
2025-09-09 10:09:52 Found package: libintl-xs-perl (version: 1.33-1)
2025-09-09 10:09:52 Found package: libio-html-perl (version: 1.004-3)
2025-09-09 10:09:52 Found package: libio-interactive-perl (version: 1.023-2)
2025-09-09 10:09:52 Found package: libio-prompter-perl (version: 0.004015-2)
2025-09-09 10:09:52 Found package: libio-pty-perl (version: 1:1.17-1)
2025-09-09 10:09:52 Found package: libio-sessiondata-perl (version: 1.03-3)
2025-09-09 10:09:52 Found package: libio-socket-ssl-perl (version: 2.081-2)
2025-09-09 10:09:52 Found package: libio-string-perl (version: 1.08-4)
2025-09-09 10:09:52 Found package: libio-stringy-perl (version: 2.111-3)
2025-09-09 10:09:52 Found package: libip4tc2:amd64 (version: 1.8.9-2)
2025-09-09 10:09:52 Found package: libip6tc2:amd64 (version: 1.8.9-2)
2025-09-09 10:09:52 Found package: libipc-run-perl (version: 20220807.0-1)
2025-09-09 10:09:52 Found package: libipc-run3-perl (version: 0.048-3)
2025-09-09 10:09:52 Found package: libipc-system-simple-perl (version: 1.30-2)
2025-09-09 10:09:52 Found package: libisl23:amd64 (version: 0.25-1.1)
2025-09-09 10:09:52 Found package: libiterator-perl (version: 0.03+ds1-2)
2025-09-09 10:09:52 Found package: libiterator-util-perl (version: 0.02+ds1-2)
2025-09-09 10:09:52 Found package: libitl0 (version: 0.8.0-2)
2025-09-09 10:09:52 Found package: libitm1:amd64 (version: 12.2.0-14+deb12u1)
2025-09-09 10:09:52 Found package: libiw30:amd64 (version: 30~pre9-14)
2025-09-09 10:09:52 Found package: libjack-jackd2-0:amd64 (version: 1.9.21~dfsg-3)
2025-09-09 10:09:52 Found package: libjansson4:amd64 (version: 2.14-2)
2025-09-09 10:09:52 Found package: libjavascriptcoregtk-4.1-0:amd64 (version: 2.48.5-1~deb12u1)
2025-09-09 10:09:52 Found package: libjbig0:amd64 (version: 2.1-6.1)
2025-09-09 10:09:52 Found package: libjbig2dec0:amd64 (version: 0.19-3)
2025-09-09 10:09:52 Found package: libjim0.81:amd64 (version: 0.81+dfsg0-2)
2025-09-09 10:09:52 Found package: libjpeg62-turbo:amd64 (version: 1:2.1.5-2)
2025-09-09 10:09:52 Found package: libjs-jquery (version: 3.6.1+dfsg+~3.5.14-1)
2025-09-09 10:09:52 Found package: libjs-jquery-ui (version: 1.13.2+dfsg-1)
2025-09-09 10:09:52 Found package: libjs-mathjax (version: 2.7.9+dfsg-1)
2025-09-09 10:09:52 Found package: libjs-sphinxdoc (version: 5.3.0-4)
2025-09-09 10:09:52 Found package: libjs-underscore (version: 1.13.4~dfsg+~1.11.4-3)
2025-09-09 10:09:52 Found package: libjson-c5:amd64 (version: 0.16-2)
2025-09-09 10:09:52 Found package: libjson-glib-1.0-0:amd64 (version: 1.6.6-1)
2025-09-09 10:09:52 Found package: libjson-glib-1.0-common (version: 1.6.6-1)
2025-09-09 10:09:52 Found package: libjson-maybexs-perl (version: 1.004004-1)
2025-09-09 10:09:52 Found package: libjson-perl (version: 4.10000-1)
2025-09-09 10:09:52 Found package: libjson-xs-perl (version: 4.030-2+b1)
2025-09-09 10:09:52 Found package: libjsoncpp25:amd64 (version: 1.9.5-4)
2025-09-09 10:09:52 Found package: libjxl0.7:amd64 (version: 0.7.0-10+deb12u1)
2025-09-09 10:09:52 Found package: libjxr-tools (version: 1.2~git20170615.f752187-5)
2025-09-09 10:09:52 Found package: libjxr0:amd64 (version: 1.2~git20170615.f752187-5)
2025-09-09 10:09:52 Found package: libk5crypto3:amd64 (version: 1.20.1-2+deb12u4)
2025-09-09 10:09:52 Found package: libkate1:amd64 (version: 0.4.1-11)
2025-09-09 10:09:52 Found package: libkeyutils1:amd64 (version: 1.6.3-2)
2025-09-09 10:09:52 Found package: libklibc:amd64 (version: 2.0.12-1)
2025-09-09 10:09:52 Found package: libkmod2:amd64 (version: 30+20221128-1)
2025-09-09 10:09:52 Found package: libkpathsea6:amd64 (version: 2022.20220321.62855-5.1+deb12u2)
2025-09-09 10:09:52 Found package: libkrb5-3:amd64 (version: 1.20.1-2+deb12u4)
2025-09-09 10:09:52 Found package: libkrb5support0:amd64 (version: 1.20.1-2+deb12u4)
2025-09-09 10:09:52 Found package: libksba8:amd64 (version: 1.6.3-2)
2025-09-09 10:09:52 Found package: liblab-gamut1:amd64 (version: 2.42.2-7+deb12u1)
2025-09-09 10:09:52 Found package: liblapack3:amd64 (version: 3.11.0-2)
2025-09-09 10:09:52 Found package: liblbfgsb0:amd64 (version: 3.0+dfsg.4-1)
2025-09-09 10:09:52 Found package: liblcms2-2:amd64 (version: 2.14-2)
2025-09-09 10:09:52 Found package: libldacbt-enc2:amd64 (version: 2.0.2.3+git20200429+ed310a0-4)
2025-09-09 10:09:52 Found package: libldap-2.5-0:amd64 (version: 2.5.13+dfsg-5)
2025-09-09 10:09:52 Found package: libldap-common (version: 2.5.13+dfsg-5)
2025-09-09 10:09:52 Found package: libldb2:amd64 (version: 2:2.6.2+samba4.17.12+dfsg-0+deb12u2)
2025-09-09 10:09:52 Found package: liblerc4:amd64 (version: 4.0.0+ds-2)
2025-09-09 10:09:52 Found package: liblightdm-gobject-1-0:amd64 (version: 1.26.0-8)
2025-09-09 10:09:52 Found package: liblilv-0-0:amd64 (version: 0.24.14-1)
2025-09-09 10:09:52 Found package: liblinear4:amd64 (version: 2.3.0+dfsg-5)
2025-09-09 10:09:52 Found package: liblist-compare-perl (version: 0.55-2)
2025-09-09 10:09:52 Found package: liblist-someutils-perl (version: 0.59-1)
2025-09-09 10:09:52 Found package: liblist-someutils-xs-perl:amd64 (version: 0.58-3)
2025-09-09 10:09:52 Found package: liblist-utilsby-perl (version: 0.12-2)
2025-09-09 10:09:52 Found package: libllvm14:amd64 (version: 1:14.0.6-12)
2025-09-09 10:09:52 Found package: libllvm15:amd64 (version: 1:15.0.6-4+b1)
2025-09-09 10:09:52 Found package: liblmdb0:amd64 (version: 0.9.24-1)
2025-09-09 10:09:52 Found package: liblocale-gettext-perl (version: 1.07-5)
2025-09-09 10:09:52 Found package: liblockfile-bin (version: 1.17-1+b1)
2025-09-09 10:09:52 Found package: liblockfile1:amd64 (version: 1.17-1+b1)
2025-09-09 10:09:52 Found package: liblog-any-adapter-screen-perl (version: 0.140-2)
2025-09-09 10:09:52 Found package: liblog-any-perl (version: 1.713-1)
2025-09-09 10:09:52 Found package: liblognorm5:amd64 (version: 2.0.6-4)
2025-09-09 10:09:52 Found package: liblouis-data (version: 3.24.0-1)
2025-09-09 10:09:53 Found package: liblouis20:amd64 (version: 3.24.0-1)
2025-09-09 10:09:53 Found package: liblouisutdml-bin (version: 2.11.0-2)
2025-09-09 10:09:53 Found package: liblouisutdml-data (version: 2.11.0-2)
2025-09-09 10:09:53 Found package: liblouisutdml9:amd64 (version: 2.11.0-2)
2025-09-09 10:09:53 Found package: liblqr-1-0:amd64 (version: 0.4.2-2.1)
2025-09-09 10:09:53 Found package: liblrdf0:amd64 (version: 0.6.1-4)
2025-09-09 10:09:53 Found package: liblsan0:amd64 (version: 12.2.0-14+deb12u1)
2025-09-09 10:09:53 Found package: libltc11:amd64 (version: 1.3.2-1)
2025-09-09 10:09:53 Found package: libltdl-dev:amd64 (version: 2.4.7-7~deb12u1)
2025-09-09 10:09:53 Found package: libltdl7:amd64 (version: 2.4.7-7~deb12u1)
2025-09-09 10:09:53 Found package: liblua5.2-0:amd64 (version: 5.2.4-3)
2025-09-09 10:09:53 Found package: liblua5.3-0:amd64 (version: 5.3.6-2)
2025-09-09 10:09:53 Found package: libluajit-5.1-2:amd64 (version: 2.1.0~beta3+git20220320+dfsg-4.1+deb12u1)
2025-09-09 10:09:53 Found package: libluajit-5.1-common (version: 2.1.0~beta3+git20220320+dfsg-4.1+deb12u1)
2025-09-09 10:09:53 Found package: liblvm2cmd2.03:amd64 (version: 2.03.16-2)
2025-09-09 10:09:53 Found package: liblwp-mediatypes-perl (version: 6.04-2)
2025-09-09 10:09:53 Found package: liblwp-protocol-https-perl (version: 6.10-1)
2025-09-09 10:09:53 Found package: liblz1:amd64 (version: 1.13-5)
2025-09-09 10:09:53 Found package: liblz4-1:amd64 (version: 1.9.4-1)
2025-09-09 10:09:53 Found package: liblzma5:amd64 (version: 5.4.1-1)
2025-09-09 10:09:53 Found package: liblzo2-2:amd64 (version: 2.10-2)
2025-09-09 10:09:53 Found package: libm17n-0:amd64 (version: 1.8.0-6)
2025-09-09 10:09:53 Found package: libmagic-mgc (version: 1:5.44-3)
2025-09-09 10:09:53 Found package: libmagic1:amd64 (version: 1:5.44-3)
2025-09-09 10:09:53 Found package: libmagickcore-6.q16-6-extra:amd64 (version: 8:6.9.11.60+dfsg-1.6+deb12u3)
2025-09-09 10:09:53 Found package: libmagickcore-6.q16-6:amd64 (version: 8:6.9.11.60+dfsg-1.6+deb12u3)
2025-09-09 10:09:53 Found package: libmagickwand-6.q16-6:amd64 (version: 8:6.9.11.60+dfsg-1.6+deb12u3)
2025-09-09 10:09:53 Found package: libmail-sendmail-perl (version: 0.80-3)
2025-09-09 10:09:53 Found package: libmailtools-perl (version: 2.21-2)
2025-09-09 10:09:53 Found package: libmanette-0.2-0:amd64 (version: 0.2.6-3+b1)
2025-09-09 10:09:53 Found package: libmarco-private2:amd64 (version: 1.26.1-3+deb12u2)
2025-09-09 10:09:53 Found package: libmarisa0:amd64 (version: 0.2.6-13+b1)
2025-09-09 10:09:53 Found package: libmarkdown2:amd64 (version: 2.2.7-2)
2025-09-09 10:09:53 Found package: libmate-desktop-2-17:amd64 (version: 1.26.0-2)
2025-09-09 10:09:53 Found package: libmate-menu2:amd64 (version: 1.26.0-3)
2025-09-09 10:09:53 Found package: libmate-panel-applet-4-1:amd64 (version: 1.27.0-1)
2025-09-09 10:09:53 Found package: libmate-slab0:amd64 (version: 1.26.0-2+deb12u1)
2025-09-09 10:09:53 Found package: libmate-window-settings1:amd64 (version: 1.26.0-2+deb12u1)
2025-09-09 10:09:53 Found package: libmatedict6 (version: 1.26.0-1+deb12u1)
2025-09-09 10:09:53 Found package: libmatekbd-common (version: 1.26.0-1+deb12u1)
2025-09-09 10:09:53 Found package: libmatekbd4:amd64 (version: 1.26.0-1+deb12u1)
2025-09-09 10:09:53 Found package: libmatemixer-common (version: 1.26.0-2+deb12u1)
2025-09-09 10:09:53 Found package: libmatemixer0:amd64 (version: 1.26.0-2+deb12u1)
2025-09-09 10:09:53 Found package: libmateweather-common (version: 1.26.0-1.1+deb12u2)
2025-09-09 10:09:53 Found package: libmateweather1:amd64 (version: 1.26.0-1.1+deb12u2)
2025-09-09 10:09:53 Found package: libmath-base85-perl (version: 0.5+dfsg-2)
2025-09-09 10:09:53 Found package: libmaxminddb0:amd64 (version: 1.7.1-1)
2025-09-09 10:09:53 Found package: libmbedcrypto7:amd64 (version: 2.28.3-1)
2025-09-09 10:09:53 Found package: libmbedtls14:amd64 (version: 2.28.3-1)
2025-09-09 10:09:53 Found package: libmbedx509-1:amd64 (version: 2.28.3-1)
2025-09-09 10:09:53 Found package: libmbim-glib4:amd64 (version: 1.28.2-1)
2025-09-09 10:09:53 Found package: libmbim-proxy (version: 1.28.2-1)
2025-09-09 10:09:53 Found package: libmbim-utils (version: 1.28.2-1)
2025-09-09 10:09:53 Found package: libmd0:amd64 (version: 1.0.4-2)
2025-09-09 10:09:53 Found package: libmd4c0:amd64 (version: 0.4.8-1)
2025-09-09 10:09:53 Found package: libmetis5:amd64 (version: 5.1.0.dfsg-7)
2025-09-09 10:09:53 Found package: libmfx1:amd64 (version: 22.5.4-1)
2025-09-09 10:09:53 Found package: libmhash2:amd64 (version: 0.9.9.9-9)
2025-09-09 10:09:53 Found package: libmime-tools-perl (version: 5.510-1)
2025-09-09 10:09:53 Found package: libminizip1:amd64 (version: 1.1-8+deb12u1)
2025-09-09 10:09:53 Found package: libmjpegutils-2.1-0:amd64 (version: 1:2.1.0+debian-7)
2025-09-09 10:09:53 Found package: libmldbm-perl (version: 2.05-4)
2025-09-09 10:09:53 Found package: libmm-glib0:amd64 (version: 1.20.4-1)
2025-09-09 10:09:53 Found package: libmng1:amd64 (version: 1.0.10+dfsg-3.1+b5)
2025-09-09 10:09:53 Found package: libmnl0:amd64 (version: 1.0.4-3)
2025-09-09 10:09:53 Found package: libmodplug1:amd64 (version: 1:0.8.9.0-3)
2025-09-09 10:09:53 Found package: libmodule-find-perl (version: 0.16-2)
2025-09-09 10:09:53 Found package: libmodule-implementation-perl (version: 0.09-2)
2025-09-09 10:09:53 Found package: libmodule-runtime-perl (version: 0.016-2)
2025-09-09 10:09:53 Found package: libmoo-perl (version: 2.005005-1)
2025-09-09 10:09:53 Found package: libmoox-aliases-perl (version: 0.001006-2)
2025-09-09 10:09:53 Found package: libmount1:amd64 (version: 2.38.1-5+deb12u3)
2025-09-09 10:09:53 Found package: libmouse-perl (version: 2.5.10-1+b3)
2025-09-09 10:09:53 Found package: libmp3lame0:amd64 (version: 3.100-6)
2025-09-09 10:09:53 Found package: libmpc3:amd64 (version: 1.3.1-1)
2025-09-09 10:09:53 Found package: libmpcdec6:amd64 (version: 2:0.1~r495-2)
2025-09-09 10:09:53 Found package: libmpeg2encpp-2.1-0:amd64 (version: 1:2.1.0+debian-7)
2025-09-09 10:09:53 Found package: libmpfr6:amd64 (version: 4.2.0-1)
2025-09-09 10:09:53 Found package: libmpg123-0:amd64 (version: 1.31.2-1+deb12u1)
2025-09-09 10:09:53 Found package: libmplex2-2.1-0:amd64 (version: 1:2.1.0+debian-7)
2025-09-09 10:09:53 Found package: libmspack0:amd64 (version: 0.11-1)
2025-09-09 10:09:53 Found package: libmtdev1:amd64 (version: 1.1.6-1)
2025-09-09 10:09:53 Found package: libmtp-common (version: 1.1.20-1)
2025-09-09 10:09:53 Found package: libmtp-runtime (version: 1.1.20-1)
2025-09-09 10:09:53 Found package: libmtp9:amd64 (version: 1.1.20-1)
2025-09-09 10:09:53 Found package: libmypaint-1.5-1:amd64 (version: 1.6.0-2)
2025-09-09 10:09:53 Found package: libmypaint-common (version: 1.6.0-2)
2025-09-09 10:09:53 Found package: libmysofa1:amd64 (version: 1.3.1~dfsg0-1)
2025-09-09 10:09:53 Found package: libnamespace-clean-perl (version: 0.27-2)
2025-09-09 10:09:53 Found package: libncurses-dev:amd64 (version: 6.4-4)
2025-09-09 10:09:53 Found package: libncurses6:amd64 (version: 6.4-4)
2025-09-09 10:09:53 Found package: libncursesw6:amd64 (version: 6.4-4)
2025-09-09 10:09:53 Found package: libndp0:amd64 (version: 1.8-1+deb12u1)
2025-09-09 10:09:53 Found package: libneon27:amd64 (version: 0.32.5-1)
2025-09-09 10:09:53 Found package: libnet-dbus-perl (version: 1.2.0-2)
2025-09-09 10:09:53 Found package: libnet-domain-tld-perl (version: 1.75-3)
2025-09-09 10:09:53 Found package: libnet-http-perl (version: 6.22-1)
2025-09-09 10:09:53 Found package: libnet-ipv6addr-perl (version: 1.02-1)
2025-09-09 10:09:53 Found package: libnet-netmask-perl (version: 2.0002-2)
2025-09-09 10:09:53 Found package: libnet-smtp-ssl-perl (version: 1.04-2)
2025-09-09 10:09:53 Found package: libnet-ssleay-perl:amd64 (version: 1.92-2+b1)
2025-09-09 10:09:53 Found package: libnet1:amd64 (version: 1.1.6+dfsg-3.2)
2025-09-09 10:09:53 Found package: libnetaddr-ip-perl (version: 4.079+dfsg-2+b1)
2025-09-09 10:09:53 Found package: libnetfilter-conntrack3:amd64 (version: 1.0.9-3)
2025-09-09 10:09:53 Found package: libnetfilter-log1:amd64 (version: 1.0.2-3)
2025-09-09 10:09:53 Found package: libnetfilter-queue1:amd64 (version: 1.0.5-3)
2025-09-09 10:09:53 Found package: libnettle8:amd64 (version: 3.8.1-2)
2025-09-09 10:09:53 Found package: libnewt0.52:amd64 (version: 0.52.23-1+b1)
2025-09-09 10:09:53 Found package: libnfnetlink0:amd64 (version: 1.0.2-2)
2025-09-09 10:09:53 Found package: libnfs13:amd64 (version: 4.0.0-1)
2025-09-09 10:09:53 Found package: libnftables1:amd64 (version: 1.0.6-2+deb12u2)
2025-09-09 10:09:53 Found package: libnftnl11:amd64 (version: 1.2.4-2)
2025-09-09 10:09:53 Found package: libnghttp2-14:amd64 (version: 1.52.0-1+deb12u2)
2025-09-09 10:09:53 Found package: libnice10:amd64 (version: 0.1.21-1)
2025-09-09 10:09:53 Found package: libnl-3-200:amd64 (version: 3.7.0-0.2+b1)
2025-09-09 10:09:53 Found package: libnl-genl-3-200:amd64 (version: 3.7.0-0.2+b1)
2025-09-09 10:09:53 Found package: libnl-route-3-200:amd64 (version: 3.7.0-0.2+b1)
2025-09-09 10:09:53 Found package: libnm0:amd64 (version: 1.42.4-1+deb12u1)
2025-09-09 10:09:53 Found package: libnma-common (version: 1.10.6-1)
2025-09-09 10:09:53 Found package: libnma0:amd64 (version: 1.10.6-1)
2025-09-09 10:09:53 Found package: libnorm1:amd64 (version: 1.5.9+dfsg-2)
2025-09-09 10:09:53 Found package: libnotify4:amd64 (version: 0.8.1-1)
2025-09-09 10:09:53 Found package: libnova-0.16-0:amd64 (version: 0.16-5)
2025-09-09 10:09:53 Found package: libnpth0:amd64 (version: 1.6-3)
2025-09-09 10:09:53 Found package: libnsl-dev:amd64 (version: 1.3.0-2)
2025-09-09 10:09:53 Found package: libnsl2:amd64 (version: 1.3.0-2)
2025-09-09 10:09:53 Found package: libnspr4:amd64 (version: 2:4.35-1)
2025-09-09 10:09:53 Found package: libnss-mdns:amd64 (version: 0.15.1-3)
2025-09-09 10:09:53 Found package: libnss-myhostname:amd64 (version: 252.39-1~deb12u1)
2025-09-09 10:09:53 Found package: libnss3:amd64 (version: 2:3.87.1-1+deb12u1)
2025-09-09 10:09:53 Found package: libntfs-3g89:amd64 (version: 1:2022.10.3-1+deb12u2)
2025-09-09 10:09:53 Found package: libnuma1:amd64 (version: 2.0.16-1)
2025-09-09 10:09:53 Found package: libnumber-compare-perl (version: 0.03-3)
2025-09-09 10:09:53 Found package: libobject-pad-perl (version: 0.78-1)
2025-09-09 10:09:53 Found package: libogg0:amd64 (version: 1.3.5-3)
2025-09-09 10:09:53 Found package: libopenal-data (version: 1:1.19.1-2)
2025-09-09 10:09:53 Found package: libopenal1:amd64 (version: 1:1.19.1-2)
2025-09-09 10:09:53 Found package: libopenblas-dev:amd64 (version: 0.3.21+ds-4)
2025-09-09 10:09:53 Found package: libopenblas-pthread-dev:amd64 (version: 0.3.21+ds-4)
2025-09-09 10:09:53 Found package: libopenblas0-pthread:amd64 (version: 0.3.21+ds-4)
2025-09-09 10:09:53 Found package: libopenblas0:amd64 (version: 0.3.21+ds-4)
2025-09-09 10:09:53 Found package: libopencc-data (version: 1.1.6+ds1-1)
2025-09-09 10:09:53 Found package: libopencc1.1 (version: 1.1.6+ds1-1)
2025-09-09 10:09:53 Found package: libopenexr-3-1-30:amd64 (version: 3.1.5-5)
2025-09-09 10:09:53 Found package: libopengl0:amd64 (version: 1.6.0-1)
2025-09-09 10:09:53 Found package: libopenh264-7:amd64 (version: 2.3.1+dfsg-3+deb12u2)
2025-09-09 10:09:53 Found package: libopenjp2-7:amd64 (version: 2.5.0-2+deb12u2)
2025-09-09 10:09:53 Found package: libopenmpt0:amd64 (version: 0.6.9-1)
2025-09-09 10:09:53 Found package: libopenni2-0:amd64 (version: 2.2.0.33+dfsg-15+b1)
2025-09-09 10:09:53 Found package: libopus0:amd64 (version: 1.3.1-3)
2025-09-09 10:09:53 Found package: liborc-0.4-0:amd64 (version: 1:0.4.33-2)
2025-09-09 10:09:53 Found package: libotf1:amd64 (version: 0.9.16-4)
2025-09-09 10:09:53 Found package: libp11-kit0:amd64 (version: 0.24.1-2)
2025-09-09 10:09:53 Found package: libpackage-stash-perl (version: 0.40-1)
2025-09-09 10:09:53 Found package: libpackage-stash-xs-perl:amd64 (version: 0.30-1+b1)
2025-09-09 10:09:53 Found package: libpackagekit-glib2-18:amd64 (version: 1.2.6-5)
2025-09-09 10:09:53 Found package: libpam-gnome-keyring:amd64 (version: 42.1-1+b2)
2025-09-09 10:09:53 Found package: libpam-google-authenticator (version: 20191231-2)
2025-09-09 10:09:53 Found package: libpam-modules-bin (version: 1.5.2-6+deb12u1)
2025-09-09 10:09:53 Found package: libpam-modules:amd64 (version: 1.5.2-6+deb12u1)
2025-09-09 10:09:53 Found package: libpam-pwquality:amd64 (version: 1.4.5-1+b1)
2025-09-09 10:09:53 Found package: libpam-runtime (version: 1.5.2-6+deb12u1)
2025-09-09 10:09:53 Found package: libpam-systemd:amd64 (version: 252.39-1~deb12u1)
2025-09-09 10:09:53 Found package: libpam-tmpdir (version: 0.09+b2)
2025-09-09 10:09:53 Found package: libpam0g:amd64 (version: 1.5.2-6+deb12u1)
2025-09-09 10:09:53 Found package: libpango-1.0-0:amd64 (version: 1.50.12+ds-1)
2025-09-09 10:09:53 Found package: libpangocairo-1.0-0:amd64 (version: 1.50.12+ds-1)
2025-09-09 10:09:53 Found package: libpangoft2-1.0-0:amd64 (version: 1.50.12+ds-1)
2025-09-09 10:09:53 Found package: libpangomm-1.4-1v5:amd64 (version: 2.46.3-1)
2025-09-09 10:09:53 Found package: libpangoxft-1.0-0:amd64 (version: 1.50.12+ds-1)
2025-09-09 10:09:53 Found package: libpaper-utils (version: 1.1.29)
2025-09-09 10:09:53 Found package: libpaper1:amd64 (version: 1.1.29)
2025-09-09 10:09:53 Found package: libparams-classify-perl:amd64 (version: 0.015-2+b1)
2025-09-09 10:09:53 Found package: libparams-util-perl (version: 1.102-2+b1)
2025-09-09 10:09:53 Found package: libparted-fs-resize0:amd64 (version: 3.5-3)
2025-09-09 10:09:53 Found package: libparted2:amd64 (version: 3.5-3)
2025-09-09 10:09:53 Found package: libpath-iterator-rule-perl (version: 1.015-2)
2025-09-09 10:09:53 Found package: libpath-tiny-perl (version: 0.144-1)
2025-09-09 10:09:53 Found package: libpathplan4:amd64 (version: 2.42.2-7+deb12u1)
2025-09-09 10:09:53 Found package: libpcap0.8:amd64 (version: 1.10.3-1)
2025-09-09 10:09:53 Found package: libpcaudio0:amd64 (version: 1.2-2)
2025-09-09 10:09:53 Found package: libpci3:amd64 (version: 1:3.9.0-4)
2025-09-09 10:09:53 Found package: libpciaccess0:amd64 (version: 0.17-2)
2025-09-09 10:09:53 Found package: libpcre2-16-0:amd64 (version: 10.42-1)
2025-09-09 10:09:53 Found package: libpcre2-8-0:amd64 (version: 10.42-1)
2025-09-09 10:09:53 Found package: libpcre3:amd64 (version: 2:8.39-15)
2025-09-09 10:09:53 Found package: libpcsclite1:amd64 (version: 1.9.9-2)
2025-09-09 10:09:53 Found package: libpeas-1.0-0:amd64 (version: 1.34.0-1+b1)
2025-09-09 10:09:53 Found package: libpeas-common (version: 1.34.0-1)
2025-09-09 10:09:53 Found package: libperl5.36:amd64 (version: 5.36.0-7+deb12u3)
2025-09-09 10:09:53 Found package: libperlio-gzip-perl (version: 0.20-1+b1)
2025-09-09 10:09:53 Found package: libperlio-utf8-strict-perl (version: 0.010-1)
2025-09-09 10:09:53 Found package: libpfm4:amd64 (version: 4.13.0-1)
2025-09-09 10:09:53 Found package: libpgm-5.3-0:amd64 (version: 5.3.128~dfsg-2)
2025-09-09 10:09:53 Found package: libpipeline1:amd64 (version: 1.5.7-1)
2025-09-09 10:09:53 Found package: libpipewire-0.3-0:amd64 (version: 0.3.65-3+deb12u1)
2025-09-09 10:09:53 Found package: libpipewire-0.3-common (version: 0.3.65-3+deb12u1)
2025-09-09 10:09:53 Found package: libpixman-1-0:amd64 (version: 0.42.2-1)
2025-09-09 10:09:53 Found package: libpkgconf3:amd64 (version: 1.8.1-1)
2025-09-09 10:09:53 Found package: libplacebo208:amd64 (version: 4.208.0-3)
2025-09-09 10:09:53 Found package: libplist3:amd64 (version: 2.2.0-6+b2)
2025-09-09 10:09:53 Found package: libplymouth5:amd64 (version: 22.02.122-3)
2025-09-09 10:09:53 Found package: libpng16-16:amd64 (version: 1.6.39-2)
2025-09-09 10:09:53 Found package: libpocketsphinx3:amd64 (version: 0.8+5prealpha+1-15)
2025-09-09 10:09:53 Found package: libpod-constants-perl (version: 0.19-2)
2025-09-09 10:09:53 Found package: libpod-parser-perl (version: 1.65-1)
2025-09-09 10:09:53 Found package: libpolkit-agent-1-0:amd64 (version: 122-3)
2025-09-09 10:09:53 Found package: libpolkit-gobject-1-0:amd64 (version: 122-3)
2025-09-09 10:09:53 Found package: libpoppler-cpp0v5:amd64 (version: 22.12.0-2+deb12u1)
2025-09-09 10:09:53 Found package: libpoppler-glib8:amd64 (version: 22.12.0-2+deb12u1)
2025-09-09 10:09:53 Found package: libpoppler126:amd64 (version: 22.12.0-2+deb12u1)
2025-09-09 10:09:53 Found package: libpopt0:amd64 (version: 1.19+dfsg-1)
2025-09-09 10:09:53 Found package: libpostproc56:amd64 (version: 7:5.1.7-0+deb12u1)
2025-09-09 10:09:53 Found package: libpresage-data (version: 0.9.1-2.5)
2025-09-09 10:09:53 Found package: libpresage1v5:amd64 (version: 0.9.1-2.5)
2025-09-09 10:09:53 Found package: libproc-processtable-perl:amd64 (version: 0.634-1+b2)
2025-09-09 10:09:53 Found package: libproc2-0:amd64 (version: 2:4.0.2-3)
2025-09-09 10:09:53 Found package: libprotobuf32:amd64 (version: 3.21.12-3)
2025-09-09 10:09:53 Found package: libproxy1v5:amd64 (version: 0.4.18-1.2)
2025-09-09 10:09:53 Found package: libpsl5:amd64 (version: 0.21.2-1)
2025-09-09 10:09:53 Found package: libpulse-mainloop-glib0:amd64 (version: 16.1+dfsg1-2+b1)
2025-09-09 10:09:53 Found package: libpulse0:amd64 (version: 16.1+dfsg1-2+b1)
2025-09-09 10:09:53 Found package: libpulsedsp:amd64 (version: 16.1+dfsg1-2+b1)
2025-09-09 10:09:53 Found package: libpwquality-common (version: 1.4.5-1)
2025-09-09 10:09:53 Found package: libpwquality1:amd64 (version: 1.4.5-1+b1)
2025-09-09 10:09:53 Found package: libpython3-all-dev:amd64 (version: 3.11.2-1+b1)
2025-09-09 10:09:53 Found package: libpython3-dev:amd64 (version: 3.11.2-1+b1)
2025-09-09 10:09:53 Found package: libpython3-stdlib:amd64 (version: 3.11.2-1+b1)
2025-09-09 10:09:53 Found package: libpython3.11-dev:amd64 (version: 3.11.2-6+deb12u6)
2025-09-09 10:09:53 Found package: libpython3.11-minimal:amd64 (version: 3.11.2-6+deb12u6)
2025-09-09 10:09:53 Found package: libpython3.11-stdlib:amd64 (version: 3.11.2-6+deb12u6)
2025-09-09 10:09:53 Found package: libpython3.11:amd64 (version: 3.11.2-6+deb12u6)
2025-09-09 10:09:53 Found package: libqhull-r8.0:amd64 (version: 2020.2-5)
2025-09-09 10:09:53 Found package: libqmi-glib5:amd64 (version: 1.32.2-1)
2025-09-09 10:09:53 Found package: libqmi-proxy (version: 1.32.2-1)
2025-09-09 10:09:53 Found package: libqmi-utils (version: 1.32.2-1)
2025-09-09 10:09:53 Found package: libqpdf29:amd64 (version: 11.3.0-1+deb12u1)
2025-09-09 10:09:53 Found package: libqrencode4:amd64 (version: 4.1.1-1)
2025-09-09 10:09:53 Found package: libqrtr-glib0:amd64 (version: 1.2.2-1)
2025-09-09 10:09:53 Found package: libqt5core5a:amd64 (version: 5.15.8+dfsg-11+deb12u3)
2025-09-09 10:09:53 Found package: libqt5dbus5:amd64 (version: 5.15.8+dfsg-11+deb12u3)
2025-09-09 10:09:53 Found package: libqt5gui5:amd64 (version: 5.15.8+dfsg-11+deb12u3)
2025-09-09 10:09:53 Found package: libqt5help5:amd64 (version: 5.15.8-2)
2025-09-09 10:09:53 Found package: libqt5multimedia5-plugins:amd64 (version: 5.15.8-2)
2025-09-09 10:09:53 Found package: libqt5multimedia5:amd64 (version: 5.15.8-2)
2025-09-09 10:09:53 Found package: libqt5multimediagsttools5:amd64 (version: 5.15.8-2)
2025-09-09 10:09:53 Found package: libqt5multimediawidgets5:amd64 (version: 5.15.8-2)
2025-09-09 10:09:53 Found package: libqt5network5:amd64 (version: 5.15.8+dfsg-11+deb12u3)
2025-09-09 10:09:53 Found package: libqt5positioning5:amd64 (version: 5.15.8+dfsg-3+deb12u1)
2025-09-09 10:09:53 Found package: libqt5printsupport5:amd64 (version: 5.15.8+dfsg-11+deb12u3)
2025-09-09 10:09:53 Found package: libqt5qml5:amd64 (version: 5.15.8+dfsg-3)
2025-09-09 10:09:53 Found package: libqt5qmlmodels5:amd64 (version: 5.15.8+dfsg-3)
2025-09-09 10:09:53 Found package: libqt5quick5:amd64 (version: 5.15.8+dfsg-3)
2025-09-09 10:09:53 Found package: libqt5quickwidgets5:amd64 (version: 5.15.8+dfsg-3)
2025-09-09 10:09:53 Found package: libqt5sensors5:amd64 (version: 5.15.8-2)
2025-09-09 10:09:53 Found package: libqt5sql5-sqlite:amd64 (version: 5.15.8+dfsg-11+deb12u3)
2025-09-09 10:09:53 Found package: libqt5sql5:amd64 (version: 5.15.8+dfsg-11+deb12u3)
2025-09-09 10:09:53 Found package: libqt5svg5:amd64 (version: 5.15.8-3)
2025-09-09 10:09:53 Found package: libqt5waylandclient5:amd64 (version: 5.15.8-2)
2025-09-09 10:09:53 Found package: libqt5waylandcompositor5:amd64 (version: 5.15.8-2)
2025-09-09 10:09:53 Found package: libqt5webchannel5:amd64 (version: 5.15.8-2)
2025-09-09 10:09:53 Found package: libqt5webengine-data (version: 5.15.13+dfsg-1~deb12u1)
2025-09-09 10:09:53 Found package: libqt5webenginecore5:amd64 (version: 5.15.13+dfsg-1~deb12u1)
2025-09-09 10:09:53 Found package: libqt5webenginewidgets5:amd64 (version: 5.15.13+dfsg-1~deb12u1)
2025-09-09 10:09:53 Found package: libqt5webkit5:amd64 (version: 5.212.0~alpha4-30)
2025-09-09 10:09:53 Found package: libqt5widgets5:amd64 (version: 5.15.8+dfsg-11+deb12u3)
2025-09-09 10:09:53 Found package: libqt5x11extras5:amd64 (version: 5.15.8-2)
2025-09-09 10:09:53 Found package: libqt5xml5:amd64 (version: 5.15.8+dfsg-11+deb12u3)
2025-09-09 10:09:53 Found package: libquadmath0:amd64 (version: 12.2.0-14+deb12u1)
2025-09-09 10:09:53 Found package: librabbitmq4:amd64 (version: 0.11.0-1+deb12u1)
2025-09-09 10:09:53 Found package: libraptor2-0:amd64 (version: 2.0.15-4+deb12u1)
2025-09-09 10:09:53 Found package: libraqm0:amd64 (version: 0.7.0-4.1)
2025-09-09 10:09:53 Found package: librav1e0:amd64 (version: 0.5.1-6)
2025-09-09 10:09:53 Found package: libraw1394-11:amd64 (version: 2.1.2-2)
2025-09-09 10:09:53 Found package: libraw20:amd64 (version: 0.20.2-2.1+deb12u1)
2025-09-09 10:09:53 Found package: librda-common (version: 0.0.5-1.1)
2025-09-09 10:09:53 Found package: librda0:amd64 (version: 0.0.5-1.1)
2025-09-09 10:09:53 Found package: libre-engine-re2-perl:amd64 (version: 0.17+ds-1)
2025-09-09 10:09:53 Found package: libre2-9:amd64 (version: 20220601+dfsg-1+b1)
2025-09-09 10:09:53 Found package: libreadline8:amd64 (version: 8.2-1.3)
2025-09-09 10:09:53 Found package: libreadonly-perl (version: 2.050-3)
2025-09-09 10:09:53 Found package: librecode0:amd64 (version: 3.6-25)
2025-09-09 10:09:53 Found package: libref-util-perl (version: 0.204-2)
2025-09-09 10:09:54 Found package: libref-util-xs-perl (version: 0.117-2+b1)
2025-09-09 10:09:54 Found package: libregexp-ipv6-perl (version: 0.03-3)
2025-09-09 10:09:54 Found package: libregexp-pattern-license-perl (version: 3.9.4-3)
2025-09-09 10:09:54 Found package: libregexp-pattern-perl (version: 0.2.14-2)
2025-09-09 10:09:54 Found package: libregexp-wildcards-perl (version: 1.05-3)
2025-09-09 10:09:54 Found package: librhash0:amd64 (version: 1.4.3-3)
2025-09-09 10:09:54 Found package: librist4:amd64 (version: 0.2.7+dfsg-1)
2025-09-09 10:09:54 Found package: librole-tiny-perl (version: 2.002004-1)
2025-09-09 10:09:54 Found package: librsvg2-2:amd64 (version: 2.54.7+dfsg-1~deb12u1)
2025-09-09 10:09:54 Found package: librsvg2-common:amd64 (version: 2.54.7+dfsg-1~deb12u1)
2025-09-09 10:09:54 Found package: librtmp1:amd64 (version: 2.4+20151223.gitfa8646d.1-2+b2)
2025-09-09 10:09:54 Found package: librubberband2:amd64 (version: 3.1.2+dfsg0-1)
2025-09-09 10:09:54 Found package: libruby3.1:amd64 (version: 3.1.2-7+deb12u1)
2025-09-09 10:09:54 Found package: libruby:amd64 (version: 1:3.1)
2025-09-09 10:09:54 Found package: libsamplerate0:amd64 (version: 0.2.2-3)
2025-09-09 10:09:54 Found package: libsane-common (version: 1.2.1-2)
2025-09-09 10:09:54 Found package: libsane1:amd64 (version: 1.2.1-2)
2025-09-09 10:09:54 Found package: libsasl2-2:amd64 (version: 2.1.28+dfsg-10)
2025-09-09 10:09:54 Found package: libsasl2-modules-db:amd64 (version: 2.1.28+dfsg-10)
2025-09-09 10:09:54 Found package: libsasl2-modules:amd64 (version: 2.1.28+dfsg-10)
2025-09-09 10:09:54 Found package: libsbc1:amd64 (version: 2.0-1)
2025-09-09 10:09:54 Found package: libsdl2-2.0-0:amd64 (version: 2.26.5+dfsg-1)
2025-09-09 10:09:54 Found package: libseccomp2:amd64 (version: 2.5.4-1+deb12u1)
2025-09-09 10:09:54 Found package: libsecret-1-0:amd64 (version: 0.20.5-3)
2025-09-09 10:09:54 Found package: libsecret-common (version: 0.20.5-3)
2025-09-09 10:09:54 Found package: libselinux1:amd64 (version: 3.4-1+b6)
2025-09-09 10:09:54 Found package: libsemanage-common (version: 3.4-1)
2025-09-09 10:09:54 Found package: libsemanage2:amd64 (version: 3.4-1+b5)
2025-09-09 10:09:54 Found package: libsensors-config (version: 1:3.6.0-7.1)
2025-09-09 10:09:54 Found package: libsensors5:amd64 (version: 1:3.6.0-7.1)
2025-09-09 10:09:54 Found package: libsepol2:amd64 (version: 3.4-2.1)
2025-09-09 10:09:54 Found package: libserd-0-0:amd64 (version: 0.30.16-1)
2025-09-09 10:09:54 Found package: libsereal-decoder-perl (version: 5.003+ds-1)
2025-09-09 10:09:54 Found package: libsereal-encoder-perl (version: 5.003+ds-1)
2025-09-09 10:09:54 Found package: libset-intspan-perl (version: 1.19-3)
2025-09-09 10:09:54 Found package: libshine3:amd64 (version: 3.1.1-2)
2025-09-09 10:09:54 Found package: libshout3:amd64 (version: 2.4.6-1+b1)
2025-09-09 10:09:54 Found package: libsigc++-2.0-0v5:amd64 (version: 2.12.0-1)
2025-09-09 10:09:54 Found package: libslang2:amd64 (version: 2.3.3-3)
2025-09-09 10:09:54 Found package: libsm6:amd64 (version: 2:1.2.3-1)
2025-09-09 10:09:54 Found package: libsmartcols1:amd64 (version: 2.38.1-5+deb12u3)
2025-09-09 10:09:54 Found package: libsmbclient:amd64 (version: 2:4.17.12+dfsg-0+deb12u2)
2025-09-09 10:09:54 Found package: libsnappy1v5:amd64 (version: 1.1.9-3)
2025-09-09 10:09:54 Found package: libsndfile1:amd64 (version: 1.2.0-1+deb12u1)
2025-09-09 10:09:54 Found package: libsndio7.0:amd64 (version: 1.9.0-0.3+b2)
2025-09-09 10:09:54 Found package: libsnmp-base (version: 5.9.3+dfsg-2)
2025-09-09 10:09:54 Found package: libsnmp40:amd64 (version: 5.9.3+dfsg-2)
2025-09-09 10:09:54 Found package: libsoap-lite-perl (version: 1.27-3)
2025-09-09 10:09:54 Found package: libsocket6-perl (version: 0.29-3)
2025-09-09 10:09:54 Found package: libsodium23:amd64 (version: 1.0.18-1)
2025-09-09 10:09:54 Found package: libsonic0:amd64 (version: 0.2.0-12)
2025-09-09 10:09:54 Found package: libsord-0-0:amd64 (version: 0.16.14+git221008-1)
2025-09-09 10:09:54 Found package: libsort-naturally-perl (version: 1.03-4)
2025-09-09 10:09:54 Found package: libsort-versions-perl (version: 1.62-3)
2025-09-09 10:09:54 Found package: libsoundtouch1:amd64 (version: 2.3.2+ds1-1)
2025-09-09 10:09:54 Found package: libsoup-3.0-0:amd64 (version: 3.2.3-0+deb12u2)
2025-09-09 10:09:54 Found package: libsoup-3.0-common (version: 3.2.3-0+deb12u2)
2025-09-09 10:09:54 Found package: libsoup2.4-1:amd64 (version: 2.74.3-1+deb12u1)
2025-09-09 10:09:54 Found package: libsoup2.4-common (version: 2.74.3-1+deb12u1)
2025-09-09 10:09:54 Found package: libsoxr0:amd64 (version: 0.1.3-4)
2025-09-09 10:09:54 Found package: libspa-0.2-modules:amd64 (version: 0.3.65-3+deb12u1)
2025-09-09 10:09:54 Found package: libspandsp2:amd64 (version: 0.0.6+dfsg-2+b1)
2025-09-09 10:09:54 Found package: libspectre1:amd64 (version: 0.2.12-1)
2025-09-09 10:09:54 Found package: libspeechd2:amd64 (version: 0.11.4-2)
2025-09-09 10:09:54 Found package: libspeex1:amd64 (version: 1.2.1-2)
2025-09-09 10:09:54 Found package: libspeexdsp1:amd64 (version: 1.2.1-1)
2025-09-09 10:09:54 Found package: libsphinxbase3:amd64 (version: 0.8+5prealpha+1-16)
2025-09-09 10:09:54 Found package: libsqlite3-0:amd64 (version: 3.40.1-2+deb12u2)
2025-09-09 10:09:54 Found package: libsratom-0-0:amd64 (version: 0.6.14-1)
2025-09-09 10:09:54 Found package: libsrt1.5-gnutls:amd64 (version: 1.5.1-1+deb12u1)
2025-09-09 10:09:54 Found package: libsrtp2-1:amd64 (version: 2.5.0-3)
2025-09-09 10:09:54 Found package: libss2:amd64 (version: 1.47.0-2+b2)
2025-09-09 10:09:54 Found package: libssh-gcrypt-4:amd64 (version: 0.10.6-0+deb12u1)
2025-09-09 10:09:54 Found package: libssh2-1:amd64 (version: 1.10.0-3+b1)
2025-09-09 10:09:54 Found package: libssl-dev:amd64 (version: 3.0.17-1~deb12u2)
2025-09-09 10:09:54 Found package: libssl3:amd64 (version: 3.0.17-1~deb12u2)
2025-09-09 10:09:54 Found package: libstartup-notification0:amd64 (version: 0.12-6+b1)
2025-09-09 10:09:54 Found package: libstd-rust-1.63:amd64 (version: 1.63.0+dfsg1-2)
2025-09-09 10:09:54 Found package: libstd-rust-dev:amd64 (version: 1.63.0+dfsg1-2)
2025-09-09 10:09:54 Found package: libstdc++-12-dev:amd64 (version: 12.2.0-14+deb12u1)
2025-09-09 10:09:54 Found package: libstdc++6:amd64 (version: 12.2.0-14+deb12u1)
2025-09-09 10:09:54 Found package: libstemmer0d:amd64 (version: 2.2.0-2)
2025-09-09 10:09:54 Found package: libstrictures-perl (version: 2.000006-1)
2025-09-09 10:09:54 Found package: libstring-copyright-perl (version: 0.003014-1)
2025-09-09 10:09:54 Found package: libstring-escape-perl (version: 2010.002-3)
2025-09-09 10:09:54 Found package: libstring-license-perl (version: 0.0.2-1)
2025-09-09 10:09:54 Found package: libstring-shellquote-perl (version: 1.04-3)
2025-09-09 10:09:54 Found package: libsub-exporter-perl (version: 0.989-1)
2025-09-09 10:09:54 Found package: libsub-exporter-progressive-perl (version: 0.001013-3)
2025-09-09 10:09:54 Found package: libsub-identify-perl (version: 0.14-3)
2025-09-09 10:09:54 Found package: libsub-install-perl (version: 0.929-1)
2025-09-09 10:09:54 Found package: libsub-name-perl:amd64 (version: 0.26-2+b1)
2025-09-09 10:09:54 Found package: libsub-override-perl (version: 0.09-4)
2025-09-09 10:09:54 Found package: libsub-quote-perl (version: 2.006008-1)
2025-09-09 10:09:54 Found package: libsuitesparseconfig5:amd64 (version: 1:5.12.0+dfsg-2)
2025-09-09 10:09:54 Found package: libsvtav1enc1:amd64 (version: 1.4.1+dfsg-1)
2025-09-09 10:09:54 Found package: libswresample4:amd64 (version: 7:5.1.7-0+deb12u1)
2025-09-09 10:09:54 Found package: libswscale6:amd64 (version: 7:5.1.7-0+deb12u1)
2025-09-09 10:09:54 Found package: libsynctex2:amd64 (version: 2022.20220321.62855-5.1+deb12u2)
2025-09-09 10:09:54 Found package: libsyntax-keyword-try-perl (version: 0.28-1)
2025-09-09 10:09:54 Found package: libsys-cpuaffinity-perl (version: 1.13~03-2+b1)
2025-09-09 10:09:54 Found package: libsys-hostname-long-perl (version: 1.5-3)
2025-09-09 10:09:54 Found package: libsystemd-shared:amd64 (version: 252.39-1~deb12u1)
2025-09-09 10:09:54 Found package: libsystemd0:amd64 (version: 252.39-1~deb12u1)
2025-09-09 10:09:54 Found package: libtag1v5-vanilla:amd64 (version: 1.13-2)
2025-09-09 10:09:54 Found package: libtag1v5:amd64 (version: 1.13-2)
2025-09-09 10:09:54 Found package: libtalloc2:amd64 (version: 2.4.0-f2)
2025-09-09 10:09:54 Found package: libtask-weaken-perl (version: 1.06-2)
2025-09-09 10:09:54 Found package: libtasn1-6:amd64 (version: 4.19.0-2+deb12u1)
2025-09-09 10:09:54 Found package: libtcl8.6:amd64 (version: 8.6.13+dfsg-2)
2025-09-09 10:09:54 Found package: libtdb1:amd64 (version: 1.4.8-2)
2025-09-09 10:09:54 Found package: libteamdctl0:amd64 (version: 1.31-1)
2025-09-09 10:09:54 Found package: libterm-readkey-perl (version: 2.38-2+b1)
2025-09-09 10:09:54 Found package: libtevent0:amd64 (version: 0.14.1-1)
2025-09-09 10:09:54 Found package: libtext-charwidth-perl:amd64 (version: 0.04-11)
2025-09-09 10:09:54 Found package: libtext-glob-perl (version: 0.11-3)
2025-09-09 10:09:54 Found package: libtext-iconv-perl:amd64 (version: 1.7-8)
2025-09-09 10:09:54 Found package: libtext-levenshteinxs-perl (version: 0.03-5+b1)
2025-09-09 10:09:54 Found package: libtext-markdown-discount-perl (version: 0.16-1)
2025-09-09 10:09:54 Found package: libtext-wrapi18n-perl (version: 0.06-10)
2025-09-09 10:09:54 Found package: libtext-xslate-perl:amd64 (version: 3.5.9-1+b2)
2025-09-09 10:09:54 Found package: libthai-data (version: 0.1.29-1)
2025-09-09 10:09:54 Found package: libthai0:amd64 (version: 0.1.29-1)
2025-09-09 10:09:54 Found package: libtheora0:amd64 (version: 1.1.1+dfsg.1-16.1+deb12u1)
2025-09-09 10:09:54 Found package: libtie-ixhash-perl (version: 1.23-4)
2025-09-09 10:09:54 Found package: libtiff6:amd64 (version: 4.5.0-6+deb12u2)
2025-09-09 10:09:54 Found package: libtime-duration-perl (version: 1.21-2)
2025-09-09 10:09:54 Found package: libtime-moment-perl (version: 0.44-2+b1)
2025-09-09 10:09:54 Found package: libtimedate-perl (version: 2.3300-2)
2025-09-09 10:09:54 Found package: libtinfo-dev:amd64 (version: 6.4-4)
2025-09-09 10:09:54 Found package: libtinfo6:amd64 (version: 6.4-4)
2025-09-09 10:09:54 Found package: libtinyxml2.6.2v5:amd64 (version: 2.6.2-6+deb12u1)
2025-09-09 10:09:54 Found package: libtirpc-common (version: 1.3.3+ds-1)
2025-09-09 10:09:54 Found package: libtirpc-dev:amd64 (version: 1.3.3+ds-1)
2025-09-09 10:09:54 Found package: libtirpc3:amd64 (version: 1.3.3+ds-1)
2025-09-09 10:09:54 Found package: libtk8.6:amd64 (version: 8.6.13-2)
2025-09-09 10:09:54 Found package: libtool (version: 2.4.7-7~deb12u1)
2025-09-09 10:09:54 Found package: libtry-tiny-perl (version: 0.31-2)
2025-09-09 10:09:54 Found package: libtsan2:amd64 (version: 12.2.0-14+deb12u1)
2025-09-09 10:09:54 Found package: libtwolame0:amd64 (version: 0.4.0-2)
2025-09-09 10:09:54 Found package: libtype-tiny-perl (version: 2.002001-1)
2025-09-09 10:09:54 Found package: libtype-tiny-xs-perl:amd64 (version: 0.025-1)
2025-09-09 10:09:54 Found package: libtypes-serialiser-perl (version: 1.01-1)
2025-09-09 10:09:54 Found package: libubsan1:amd64 (version: 12.2.0-14+deb12u1)
2025-09-09 10:09:54 Found package: libuchardet0:amd64 (version: 0.0.7-1)
2025-09-09 10:09:54 Found package: libudev1:amd64 (version: 252.39-1~deb12u1)
2025-09-09 10:09:54 Found package: libudfread0:amd64 (version: 1.1.2-1)
2025-09-09 10:09:54 Found package: libudisks2-0:amd64 (version: 2.9.4-4+deb12u2)
2025-09-09 10:09:54 Found package: libuim-custom2:amd64 (version: 1:1.8.8-9.2+b2)
2025-09-09 10:09:54 Found package: libuim-data (version: 1:1.8.8-9.2)
2025-09-09 10:09:54 Found package: libuim-scm0:amd64 (version: 1:1.8.8-9.2+b2)
2025-09-09 10:09:54 Found package: libuim8:amd64 (version: 1:1.8.8-9.2+b2)
2025-09-09 10:09:54 Found package: libumfpack5:amd64 (version: 1:5.12.0+dfsg-2)
2025-09-09 10:09:54 Found package: libunbound8:amd64 (version: 1.17.1-2+deb12u3)
2025-09-09 10:09:54 Found package: libunicode-utf8-perl (version: 0.62-2)
2025-09-09 10:09:54 Found package: libunistring2:amd64 (version: 1.0-2)
2025-09-09 10:09:54 Found package: libunwind8:amd64 (version: 1.6.2-3)
2025-09-09 10:09:54 Found package: libupower-glib3:amd64 (version: 0.99.20-2)
2025-09-09 10:09:54 Found package: liburcu8:amd64 (version: 0.13.2-1)
2025-09-09 10:09:54 Found package: liburi-perl (version: 5.17-1)
2025-09-09 10:09:54 Found package: libusb-1.0-0:amd64 (version: 2:1.0.26-1)
2025-09-09 10:09:54 Found package: libusbmuxd6:amd64 (version: 2.0.2-3)
2025-09-09 10:09:54 Found package: libutempter0:amd64 (version: 1.2.1-3)
2025-09-09 10:09:54 Found package: libuuid1:amd64 (version: 2.38.1-5+deb12u3)
2025-09-09 10:09:54 Found package: libuv1:amd64 (version: 1.44.2-1+deb12u1)
2025-09-09 10:09:54 Found package: libv4l-0:amd64 (version: 1.22.1-5+b2)
2025-09-09 10:09:54 Found package: libv4lconvert0:amd64 (version: 1.22.1-5+b2)
2025-09-09 10:09:54 Found package: libva-drm2:amd64 (version: 2.17.0-1)
2025-09-09 10:09:54 Found package: libva-wayland2:amd64 (version: 2.17.0-1)
2025-09-09 10:09:54 Found package: libva-x11-2:amd64 (version: 2.17.0-1)
2025-09-09 10:09:54 Found package: libva2:amd64 (version: 2.17.0-1)
2025-09-09 10:09:54 Found package: libvariable-magic-perl (version: 0.63-1+b1)
2025-09-09 10:09:54 Found package: libvdpau-va-gl1:amd64 (version: 0.4.2-1+b1)
2025-09-09 10:09:54 Found package: libvdpau1:amd64 (version: 1.5-2)
2025-09-09 10:09:54 Found package: libvidstab1.1:amd64 (version: 1.1.0-2+b1)
2025-09-09 10:09:54 Found package: libvisual-0.4-0:amd64 (version: 0.4.0-19)
2025-09-09 10:09:54 Found package: libvo-aacenc0:amd64 (version: 0.1.3-2)
2025-09-09 10:09:54 Found package: libvo-amrwbenc0:amd64 (version: 0.1.3-2)
2025-09-09 10:09:54 Found package: libvoikko1:amd64 (version: 4.3.1-1+b1)
2025-09-09 10:09:54 Found package: libvolume-key1:amd64 (version: 0.3.12-5+b1)
2025-09-09 10:09:54 Found package: libvorbis0a:amd64 (version: 1.3.7-1)
2025-09-09 10:09:54 Found package: libvorbisenc2:amd64 (version: 1.3.7-1)
2025-09-09 10:09:54 Found package: libvorbisfile3:amd64 (version: 1.3.7-1)
2025-09-09 10:09:54 Found package: libvpx7:amd64 (version: 1.12.0-1+deb12u4)
2025-09-09 10:09:54 Found package: libvte-2.91-0:amd64 (version: 0.70.6-2~deb12u1)
2025-09-09 10:09:54 Found package: libvte-2.91-common (version: 0.70.6-2~deb12u1)
2025-09-09 10:09:54 Found package: libvulkan1:amd64 (version: 1.3.239.0-1)
2025-09-09 10:09:54 Found package: libwacom-common (version: 2.6.0-1)
2025-09-09 10:09:54 Found package: libwacom9:amd64 (version: 2.6.0-1)
2025-09-09 10:09:54 Found package: libwant-perl (version: 0.29-2+b1)
2025-09-09 10:09:54 Found package: libwavpack1:amd64 (version: 5.6.0-1)
2025-09-09 10:09:54 Found package: libwayland-client0:amd64 (version: 1.21.0-1)
2025-09-09 10:09:54 Found package: libwayland-cursor0:amd64 (version: 1.21.0-1)
2025-09-09 10:09:54 Found package: libwayland-egl1:amd64 (version: 1.21.0-1)
2025-09-09 10:09:54 Found package: libwayland-server0:amd64 (version: 1.21.0-1)
2025-09-09 10:09:54 Found package: libwbclient0:amd64 (version: 2:4.17.12+dfsg-0+deb12u2)
2025-09-09 10:09:54 Found package: libwebkit2gtk-4.1-0:amd64 (version: 2.48.5-1~deb12u1)
2025-09-09 10:09:54 Found package: libwebp7:amd64 (version: 1.2.4-0.2+deb12u1)
2025-09-09 10:09:54 Found package: libwebpdemux2:amd64 (version: 1.2.4-0.2+deb12u1)
2025-09-09 10:09:54 Found package: libwebpmux3:amd64 (version: 1.2.4-0.2+deb12u1)
2025-09-09 10:09:54 Found package: libwebrtc-audio-processing1:amd64 (version: 0.3-1+b1)
2025-09-09 10:09:54 Found package: libwildmidi2:amd64 (version: 0.4.3-1)
2025-09-09 10:09:54 Found package: libwmf-0.2-7:amd64 (version: 0.2.12-5.1)
2025-09-09 10:09:54 Found package: libwmflite-0.2-7:amd64 (version: 0.2.12-5.1)
2025-09-09 10:09:54 Found package: libwnck-3-0:amd64 (version: 43.0-3)
2025-09-09 10:09:54 Found package: libwnck-3-common (version: 43.0-3)
2025-09-09 10:09:54 Found package: libwoff1:amd64 (version: 1.0.2-2)
2025-09-09 10:09:54 Found package: libwrap0:amd64 (version: 7.6.q-32)
2025-09-09 10:09:54 Found package: libwww-mechanize-perl (version: 2.16-1)
2025-09-09 10:09:54 Found package: libwww-perl (version: 6.68-1)
2025-09-09 10:09:54 Found package: libwww-robotrules-perl (version: 6.02-1)
2025-09-09 10:09:54 Found package: libx11-6:amd64 (version: 2:1.8.4-2+deb12u2)
2025-09-09 10:09:54 Found package: libx11-data (version: 2:1.8.4-2+deb12u2)
2025-09-09 10:09:54 Found package: libx11-protocol-perl (version: 0.56-9)
2025-09-09 10:09:54 Found package: libx11-xcb1:amd64 (version: 2:1.8.4-2+deb12u2)
2025-09-09 10:09:54 Found package: libx264-164:amd64 (version: 2:0.164.3095+gitbaee400-3)
2025-09-09 10:09:54 Found package: libx265-199:amd64 (version: 3.5-2+b1)
2025-09-09 10:09:54 Found package: libx86-1:amd64 (version: 1.1+ds1-12)
2025-09-09 10:09:54 Found package: libx86emu3:amd64 (version: 3.5-1)
2025-09-09 10:09:54 Found package: libxapian30:amd64 (version: 1.4.22-1)
2025-09-09 10:09:54 Found package: libxatracker2:amd64 (version: 22.3.6-1+deb12u1)
2025-09-09 10:09:54 Found package: libxau6:amd64 (version: 1:1.0.9-1)
2025-09-09 10:09:54 Found package: libxaw7:amd64 (version: 2:1.0.14-1)
2025-09-09 10:09:54 Found package: libxcb-damage0:amd64 (version: 1.15-1)
2025-09-09 10:09:54 Found package: libxcb-dri2-0:amd64 (version: 1.15-1)
2025-09-09 10:09:54 Found package: libxcb-dri3-0:amd64 (version: 1.15-1)
2025-09-09 10:09:54 Found package: libxcb-ewmh2:amd64 (version: 0.4.1-1.1)
2025-09-09 10:09:54 Found package: libxcb-glx0:amd64 (version: 1.15-1)
2025-09-09 10:09:54 Found package: libxcb-icccm4:amd64 (version: 0.4.1-1.1)
2025-09-09 10:09:54 Found package: libxcb-image0:amd64 (version: 0.4.0-2)
2025-09-09 10:09:54 Found package: libxcb-imdkit1:amd64 (version: 1.0.4-3)
2025-09-09 10:09:54 Found package: libxcb-keysyms1:amd64 (version: 0.4.0-1+b2)
2025-09-09 10:09:54 Found package: libxcb-present0:amd64 (version: 1.15-1)
2025-09-09 10:09:54 Found package: libxcb-randr0:amd64 (version: 1.15-1)
2025-09-09 10:09:54 Found package: libxcb-render-util0:amd64 (version: 0.3.9-1+b1)
2025-09-09 10:09:54 Found package: libxcb-render0:amd64 (version: 1.15-1)
2025-09-09 10:09:54 Found package: libxcb-shape0:amd64 (version: 1.15-1)
2025-09-09 10:09:54 Found package: libxcb-shm0:amd64 (version: 1.15-1)
2025-09-09 10:09:54 Found package: libxcb-sync1:amd64 (version: 1.15-1)
2025-09-09 10:09:54 Found package: libxcb-util1:amd64 (version: 0.4.0-1+b1)
2025-09-09 10:09:54 Found package: libxcb-xfixes0:amd64 (version: 1.15-1)
2025-09-09 10:09:54 Found package: libxcb-xinerama0:amd64 (version: 1.15-1)
2025-09-09 10:09:54 Found package: libxcb-xinput0:amd64 (version: 1.15-1)
2025-09-09 10:09:54 Found package: libxcb-xkb1:amd64 (version: 1.15-1)
2025-09-09 10:09:54 Found package: libxcb1:amd64 (version: 1.15-1)
2025-09-09 10:09:54 Found package: libxcomposite1:amd64 (version: 1:0.4.5-1)
2025-09-09 10:09:54 Found package: libxcursor1:amd64 (version: 1:1.2.1-1)
2025-09-09 10:09:54 Found package: libxcvt0:amd64 (version: 0.1.2-1)
2025-09-09 10:09:54 Found package: libxdamage1:amd64 (version: 1:1.1.6-1)
2025-09-09 10:09:54 Found package: libxdelta2:amd64 (version: 1.1.3-10.4)
2025-09-09 10:09:54 Found package: libxdmcp6:amd64 (version: 1:1.1.2-3)
2025-09-09 10:09:54 Found package: libxdo3:amd64 (version: 1:3.20160805.1-5)
2025-09-09 10:09:54 Found package: libxext6:amd64 (version: 2:1.3.4-1+b1)
2025-09-09 10:09:54 Found package: libxfixes3:amd64 (version: 1:6.0.0-2)
2025-09-09 10:09:54 Found package: libxfont2:amd64 (version: 1:2.0.6-1)
2025-09-09 10:09:54 Found package: libxft2:amd64 (version: 2.3.6-1)
2025-09-09 10:09:54 Found package: libxi6:amd64 (version: 2:1.8-1+b1)
2025-09-09 10:09:54 Found package: libxinerama1:amd64 (version: 2:1.1.4-3)
2025-09-09 10:09:54 Found package: libxkbcommon-x11-0:amd64 (version: 1.5.0-1)
2025-09-09 10:09:54 Found package: libxkbcommon0:amd64 (version: 1.5.0-1)
2025-09-09 10:09:54 Found package: libxkbfile1:amd64 (version: 1:1.1.0-1)
2025-09-09 10:09:54 Found package: libxklavier16:amd64 (version: 5.4-4)
2025-09-09 10:09:54 Found package: libxml-libxml-perl (version: 2.0207+dfsg+really+2.0134-1+b1)
2025-09-09 10:09:54 Found package: libxml-namespacesupport-perl (version: 1.12-2)
2025-09-09 10:09:54 Found package: libxml-parser-perl (version: 2.46-4)
2025-09-09 10:09:54 Found package: libxml-sax-base-perl (version: 1.09-3)
2025-09-09 10:09:54 Found package: libxml-sax-expat-perl (version: 0.51-2)
2025-09-09 10:09:54 Found package: libxml-sax-perl (version: 1.02+dfsg-3)
2025-09-09 10:09:54 Found package: libxml-twig-perl (version: 1:3.52-2)
2025-09-09 10:09:54 Found package: libxml-xpathengine-perl (version: 0.14-2)
2025-09-09 10:09:54 Found package: libxml2-dev:amd64 (version: 2.9.14+dfsg-1.3~deb12u4)
2025-09-09 10:09:54 Found package: libxml2:amd64 (version: 2.9.14+dfsg-1.3~deb12u4)
2025-09-09 10:09:54 Found package: libxmlb2:amd64 (version: 0.3.10-2)
2025-09-09 10:09:54 Found package: libxmlrpc-lite-perl (version: 0.717-5)
2025-09-09 10:09:54 Found package: libxmu6:amd64 (version: 2:1.1.3-3)
2025-09-09 10:09:54 Found package: libxmuu1:amd64 (version: 2:1.1.3-3)
2025-09-09 10:09:54 Found package: libxnvctrl0:amd64 (version: 525.85.05-3~deb12u1)
2025-09-09 10:09:54 Found package: libxpm4:amd64 (version: 1:3.5.12-1.1+deb12u1)
2025-09-09 10:09:54 Found package: libxpresent1:amd64 (version: 1.0.0-2+b10)
2025-09-09 10:09:54 Found package: libxrandr2:amd64 (version: 2:1.5.2-2+b1)
2025-09-09 10:09:54 Found package: libxrender1:amd64 (version: 1:0.9.10-1.1)
2025-09-09 10:09:55 Found package: libxres1:amd64 (version: 2:1.2.1-1)
2025-09-09 10:09:55 Found package: libxs-parse-keyword-perl (version: 0.33-1)
2025-09-09 10:09:55 Found package: libxs-parse-sublike-perl:amd64 (version: 0.16-1+b2)
2025-09-09 10:09:55 Found package: libxshmfence1:amd64 (version: 1.3-1)
2025-09-09 10:09:55 Found package: libxsimd-dev:amd64 (version: 8.1.0-7)
2025-09-09 10:09:55 Found package: libxslt1.1:amd64 (version: 1.1.35-1+deb12u2)
2025-09-09 10:09:55 Found package: libxss1:amd64 (version: 1:1.2.3-1)
2025-09-09 10:09:55 Found package: libxstring-perl:amd64 (version: 0.005-2+b1)
2025-09-09 10:09:55 Found package: libxt6:amd64 (version: 1:1.2.1-1.1)
2025-09-09 10:09:55 Found package: libxtables12:amd64 (version: 1.8.9-2)
2025-09-09 10:09:55 Found package: libxtst6:amd64 (version: 2:1.2.3-1.1)
2025-09-09 10:09:55 Found package: libxv1:amd64 (version: 2:1.0.11-1.1)
2025-09-09 10:09:55 Found package: libxvidcore4:amd64 (version: 2:1.3.7-1)
2025-09-09 10:09:55 Found package: libxvmc1:amd64 (version: 2:1.0.12-2)
2025-09-09 10:09:55 Found package: libxxf86dga1:amd64 (version: 2:1.1.5-1)
2025-09-09 10:09:55 Found package: libxxf86vm1:amd64 (version: 1:1.1.4-1+b2)
2025-09-09 10:09:55 Found package: libxxhash0:amd64 (version: 0.8.1-1)
2025-09-09 10:09:55 Found package: libyajl2:amd64 (version: 2.1.0-3+deb12u2)
2025-09-09 10:09:55 Found package: libyaml-0-2:amd64 (version: 0.2.5-1)
2025-09-09 10:09:55 Found package: libyaml-libyaml-perl (version: 0.86+ds-1+deb12u1)
2025-09-09 10:09:55 Found package: libyara9:amd64 (version: 4.2.3-4)
2025-09-09 10:09:55 Found package: libyelp0:amd64 (version: 42.2-1+deb12u1)
2025-09-09 10:09:55 Found package: libyuv0:amd64 (version: 0.0~git20230123.b2528b0-1)
2025-09-09 10:09:55 Found package: libz3-4:amd64 (version: 4.8.12-3.1)
2025-09-09 10:09:55 Found package: libz3-dev:amd64 (version: 4.8.12-3.1)
2025-09-09 10:09:55 Found package: libzbar0:amd64 (version: 0.23.92-7+deb12u1)
2025-09-09 10:09:55 Found package: libzimg2:amd64 (version: 3.0.4+ds1-1)
2025-09-09 10:09:55 Found package: libzmq5:amd64 (version: 4.3.4-6)
2025-09-09 10:09:55 Found package: libzstd1:amd64 (version: 1.5.4+dfsg2-5)
2025-09-09 10:09:55 Found package: libzvbi-common (version: 0.2.41-1)
2025-09-09 10:09:55 Found package: libzvbi0:amd64 (version: 0.2.41-1)
2025-09-09 10:09:55 Found package: libzxing2:amd64 (version: 1.4.0-3+b1)
2025-09-09 10:09:55 Found package: licensecheck (version: 3.3.5-1)
2025-09-09 10:09:55 Found package: lightdm (version: 1.26.0-8)
2025-09-09 10:09:55 Found package: lightdm-gtk-greeter (version: 2.0.8-2+b1)
2025-09-09 10:09:55 Found package: lintian (version: 2.116.3+deb12u1)
2025-09-09 10:09:55 Found package: linux-base (version: 4.9)
2025-09-09 10:09:55 Found package: linux-compiler-gcc-12-x86 (version: 6.1.148-1)
2025-09-09 10:09:55 Found package: linux-headers-6.1.0-35-amd64 (version: 6.1.137-1)
2025-09-09 10:09:55 Found package: linux-headers-6.1.0-35-common (version: 6.1.137-1)
2025-09-09 10:09:55 Found package: linux-headers-6.1.0-38-amd64 (version: 6.1.147-1)
2025-09-09 10:09:55 Found package: linux-headers-6.1.0-38-common (version: 6.1.147-1)
2025-09-09 10:09:55 Found package: linux-headers-6.1.0-39-amd64 (version: 6.1.148-1)
2025-09-09 10:09:55 Found package: linux-headers-6.1.0-39-common (version: 6.1.148-1)
2025-09-09 10:09:55 Found package: linux-headers-amd64 (version: 6.1.148-1)
2025-09-09 10:09:55 Found package: linux-image-6.1.0-38-amd64 (version: 6.1.147-1)
2025-09-09 10:09:55 Found package: linux-image-6.1.0-39-amd64 (version: 6.1.148-1)
2025-09-09 10:09:55 Found package: linux-image-amd64 (version: 6.1.148-1)
2025-09-09 10:09:55 Found package: linux-kbuild-6.1 (version: 6.1.148-1)
2025-09-09 10:09:55 Found package: linux-libc-dev:amd64 (version: 6.1.148-1)
2025-09-09 10:09:55 Found package: live-task-localisation (version: 12.0.2)
2025-09-09 10:09:55 Found package: live-task-localisation-desktop (version: 12.0.2)
2025-09-09 10:09:55 Found package: live-task-recommended (version: 12.0.2)
2025-09-09 10:09:55 Found package: llvm-14 (version: 1:14.0.6-12)
2025-09-09 10:09:55 Found package: llvm-14-dev (version: 1:14.0.6-12)
2025-09-09 10:09:55 Found package: llvm-14-linker-tools (version: 1:14.0.6-12)
2025-09-09 10:09:55 Found package: llvm-14-runtime (version: 1:14.0.6-12)
2025-09-09 10:09:55 Found package: llvm-14-tools (version: 1:14.0.6-12)
2025-09-09 10:09:55 Found package: lm-sensors (version: 1:3.6.0-7.1)
2025-09-09 10:09:55 Found package: locales (version: 2.36-9+deb12u13)
2025-09-09 10:09:55 Found package: login (version: 1:4.13+dfsg1-1+deb12u1)
2025-09-09 10:09:55 Found package: logrotate (version: 3.21.0-1)
2025-09-09 10:09:55 Found package: logsave (version: 1.47.0-2+b2)
2025-09-09 10:09:55 Found package: lsb-release (version: 12.0-1)
2025-09-09 10:09:55 Found package: lsof (version: 4.95.0-1)
2025-09-09 10:09:55 Found package: lua-lpeg:amd64 (version: 1.0.2-2)
2025-09-09 10:09:55 Found package: lv (version: 4.51-9)
2025-09-09 10:09:55 Found package: lvm2 (version: 2.03.16-2)
2025-09-09 10:09:55 Found package: lynis (version: 3.0.8-1.1)
2025-09-09 10:09:55 Found package: lynx (version: 2.9.0dev.12-1)
2025-09-09 10:09:55 Found package: lynx-common (version: 2.9.0dev.12-1)
2025-09-09 10:09:55 Found package: lzop (version: 1.04-2)
2025-09-09 10:09:55 Found package: m17n-db (version: 1.8.0-5)
2025-09-09 10:09:55 Found package: m4 (version: 1.4.19-3)
2025-09-09 10:09:55 Found package: mailcap (version: 3.70+nmu1)
2025-09-09 10:09:55 Found package: maint-guide-it (version: 1.2.53)
2025-09-09 10:09:55 Found package: make (version: 4.3-4.1)
2025-09-09 10:09:55 Found package: man-db (version: 2.11.2-2)
2025-09-09 10:09:55 Found package: manpages (version: 6.03-2)
2025-09-09 10:09:55 Found package: manpages-de (version: 4.18.1-1)
2025-09-09 10:09:55 Found package: manpages-dev (version: 6.03-2)
2025-09-09 10:09:55 Found package: manpages-es (version: 4.18.1-1)
2025-09-09 10:09:55 Found package: manpages-fr (version: 4.18.1-1)
2025-09-09 10:09:55 Found package: manpages-hu (version: 1:4.18.1-1)
2025-09-09 10:09:55 Found package: manpages-it (version: 4.18.1-1)
2025-09-09 10:09:55 Found package: manpages-ja (version: 0.5.0.0.20221215+dfsg-1)
2025-09-09 10:09:55 Found package: manpages-ja-dev (version: 0.5.0.0.20221215+dfsg-1)
2025-09-09 10:09:55 Found package: manpages-mk (version: 4.18.1-1)
2025-09-09 10:09:55 Found package: manpages-nl (version: 4.18.1-1)
2025-09-09 10:09:55 Found package: manpages-pl (version: 1:4.18.1-1)
2025-09-09 10:09:55 Found package: manpages-pl-dev (version: 1:4.18.1-1)
2025-09-09 10:09:55 Found package: manpages-pt-br (version: 4.18.1-1)
2025-09-09 10:09:55 Found package: manpages-ro (version: 4.18.1-1)
2025-09-09 10:09:55 Found package: manpages-tr (version: 2.0.6-2)
2025-09-09 10:09:55 Found package: manpages-zh (version: 1.6.4.0-1)
2025-09-09 10:09:55 Found package: marco (version: 1.26.1-3+deb12u2)
2025-09-09 10:09:55 Found package: marco-common (version: 1.26.1-3+deb12u2)
2025-09-09 10:09:55 Found package: masscan (version: 2:1.3.2+ds1-1)
2025-09-09 10:09:55 Found package: mate-applet-brisk-menu (version: 0.6.2-2)
2025-09-09 10:09:55 Found package: mate-applets (version: 1.26.1-1)
2025-09-09 10:09:55 Found package: mate-applets-common (version: 1.26.1-1)
2025-09-09 10:09:55 Found package: mate-backgrounds (version: 1.26.0-1)
2025-09-09 10:09:55 Found package: mate-calc (version: 1.26.0-1)
2025-09-09 10:09:55 Found package: mate-calc-common (version: 1.26.0-1)
2025-09-09 10:09:55 Found package: mate-control-center (version: 1.26.0-2+deb12u1)
2025-09-09 10:09:55 Found package: mate-control-center-common (version: 1.26.0-2+deb12u1)
2025-09-09 10:09:55 Found package: mate-desktop (version: 1.26.0-2)
2025-09-09 10:09:55 Found package: mate-desktop-common (version: 1.26.0-2)
2025-09-09 10:09:55 Found package: mate-desktop-environment (version: 1.26.0+1)
2025-09-09 10:09:55 Found package: mate-desktop-environment-core (version: 1.26.0+1)
2025-09-09 10:09:55 Found package: mate-icon-theme (version: 1.26.0-1)
2025-09-09 10:09:55 Found package: mate-media (version: 1.26.0-2)
2025-09-09 10:09:55 Found package: mate-media-common (version: 1.26.0-2)
2025-09-09 10:09:55 Found package: mate-menus (version: 1.26.0-3)
2025-09-09 10:09:55 Found package: mate-notification-daemon (version: 1.26.0-1+deb12u1)
2025-09-09 10:09:55 Found package: mate-notification-daemon-common (version: 1.26.0-1+deb12u1)
2025-09-09 10:09:55 Found package: mate-panel (version: 1.27.0-1)
2025-09-09 10:09:55 Found package: mate-panel-common (version: 1.27.0-1)
2025-09-09 10:09:55 Found package: mate-polkit (version: 1.26.1-3)
2025-09-09 10:09:55 Found package: mate-polkit-common (version: 1.26.1-3)
2025-09-09 10:09:55 Found package: mate-power-manager (version: 1.26.0-2+deb12u1)
2025-09-09 10:09:55 Found package: mate-power-manager-common (version: 1.26.0-2+deb12u1)
2025-09-09 10:09:55 Found package: mate-screensaver (version: 1.26.1-1+deb12u1)
2025-09-09 10:09:55 Found package: mate-screensaver-common (version: 1.26.1-1+deb12u1)
2025-09-09 10:09:55 Found package: mate-session-manager (version: 1.26.0-1+deb12u1)
2025-09-09 10:09:55 Found package: mate-settings-daemon (version: 1.26.0-1+deb12u1)
2025-09-09 10:09:55 Found package: mate-settings-daemon-common (version: 1.26.0-1+deb12u1)
2025-09-09 10:09:55 Found package: mate-system-monitor (version: 1.26.0-1)
2025-09-09 10:09:55 Found package: mate-system-monitor-common (version: 1.26.0-1)
2025-09-09 10:09:55 Found package: mate-terminal (version: 1.26.0-2)
2025-09-09 10:09:55 Found package: mate-terminal-common (version: 1.26.0-2)
2025-09-09 10:09:55 Found package: mate-themes (version: 3.22.23-1)
2025-09-09 10:09:55 Found package: mate-user-guide (version: 1.26.0-1)
2025-09-09 10:09:55 Found package: mate-utils (version: 1.26.0-1+deb12u1)
2025-09-09 10:09:55 Found package: mate-utils-common (version: 1.26.0-1+deb12u1)
2025-09-09 10:09:55 Found package: mawk (version: 1.3.4.20200120-3.1)
2025-09-09 10:09:55 Found package: mdadm (version: 4.2-5)
2025-09-09 10:09:55 Found package: media-types (version: 10.0.0)
2025-09-09 10:09:55 Found package: memtester (version: 4.6.0-1)
2025-09-09 10:09:55 Found package: menu (version: 2.1.49)
2025-09-09 10:09:55 Found package: mesa-utils (version: 8.5.0-1)
2025-09-09 10:09:55 Found package: mesa-utils-bin:amd64 (version: 8.5.0-1)
2025-09-09 10:09:55 Found package: mesa-va-drivers:amd64 (version: 22.3.6-1+deb12u1)
2025-09-09 10:09:55 Found package: mesa-vdpau-drivers:amd64 (version: 22.3.6-1+deb12u1)
2025-09-09 10:09:55 Found package: mesa-vulkan-drivers:amd64 (version: 22.3.6-1+deb12u1)
2025-09-09 10:09:55 Found package: mlterm (version: 3.9.0-1+b1)
2025-09-09 10:09:55 Found package: mlterm-common (version: 3.9.0-1+b1)
2025-09-09 10:09:55 Found package: mlterm-tools (version: 3.9.0-1+b1)
2025-09-09 10:09:55 Found package: mobile-broadband-provider-info (version: 20230416-1)
2025-09-09 10:09:55 Found package: modemmanager (version: 1.20.4-1)
2025-09-09 10:09:55 Found package: mount (version: 2.38.1-5+deb12u3)
2025-09-09 10:09:55 Found package: mozc-data (version: 2.28.4715.102+dfsg-2.2+deb12u1)
2025-09-09 10:09:55 Found package: mozc-server (version: 2.28.4715.102+dfsg-2.2+deb12u1)
2025-09-09 10:09:55 Found package: mozc-utils-gui (version: 2.28.4715.102+dfsg-2.2+deb12u1)
2025-09-09 10:09:55 Found package: mueller7-dict (version: 2002.02.27-13)
2025-09-09 10:09:55 Found package: myspell-eo (version: 2.1.2000.02.25-61)
2025-09-09 10:09:55 Found package: myspell-es (version: 1.11-20)
2025-09-09 10:09:55 Found package: myspell-et (version: 1:20030606-32)
2025-09-09 10:09:55 Found package: myspell-fa (version: 0.20070816-3.2)
2025-09-09 10:09:55 Found package: myspell-ga (version: 2.0-27.1)
2025-09-09 10:09:55 Found package: myspell-he (version: 1.4-3.1)
2025-09-09 10:09:55 Found package: myspell-nb (version: 2.2-4)
2025-09-09 10:09:55 Found package: myspell-nn (version: 2.2-4)
2025-09-09 10:09:55 Found package: myspell-sk (version: 0.5.5a-2.4)
2025-09-09 10:09:55 Found package: myspell-sq (version: 1.6.4-1.2)
2025-09-09 10:09:55 Found package: myspell-uk (version: 1.8.0+dfsg-1)
2025-09-09 10:09:55 Found package: mythes-cs (version: 1:7.5.0-1)
2025-09-09 10:09:55 Found package: mythes-de (version: 20160424-4)
2025-09-09 10:09:55 Found package: mythes-de-ch (version: 20160424-4)
2025-09-09 10:09:55 Found package: mythes-en-us (version: 1:7.5.0-1)
2025-09-09 10:09:55 Found package: mythes-fr (version: 1:7.5.0-1)
2025-09-09 10:09:55 Found package: mythes-it (version: 1:7.5.0-1)
2025-09-09 10:09:55 Found package: mythes-ne (version: 1:7.5.0-1)
2025-09-09 10:09:55 Found package: mythes-ru (version: 1:7.5.0-1)
2025-09-09 10:09:55 Found package: mythes-sk (version: 1:7.5.0-1)
2025-09-09 10:09:55 Found package: nano (version: 7.2-1+deb12u1)
2025-09-09 10:09:55 Found package: ncurses-base (version: 6.4-4)
2025-09-09 10:09:55 Found package: ncurses-bin (version: 6.4-4)
2025-09-09 10:09:55 Found package: ncurses-term (version: 6.4-4)
2025-09-09 10:09:55 Found package: needrestart (version: 3.6-4+deb12u3)
2025-09-09 10:09:55 Found package: net-tools (version: 2.10-0.1+deb12u2)
2025-09-09 10:09:55 Found package: netbase (version: 6.4)
2025-09-09 10:09:55 Found package: netcat-openbsd (version: 1.219-1)
2025-09-09 10:09:55 Found package: network-manager (version: 1.42.4-1+deb12u1)
2025-09-09 10:09:55 Found package: network-manager-gnome (version: 1.30.0-2)
2025-09-09 10:09:55 Found package: nftables (version: 1.0.6-2+deb12u2)
2025-09-09 10:09:55 Found package: ninja-build (version: 1.11.1-2~deb12u1)
2025-09-09 10:09:55 Found package: nkf (version: 1:2.1.5-1+b5)
2025-09-09 10:09:55 Found package: nmap (version: 7.93+dfsg1-1)
2025-09-09 10:09:55 Found package: nmap-common (version: 7.93+dfsg1-1)
2025-09-09 10:09:55 Found package: nss-plugin-pem:amd64 (version: 1.0.8+1-1)
2025-09-09 10:09:55 Found package: ntfs-3g (version: 1:2022.10.3-1+deb12u2)
2025-09-09 10:09:55 Found package: ntpdate (version: 1:4.2.8p15+dfsg-2~1.2.2+dfsg1-1+deb12u1)
2025-09-09 10:09:55 Found package: ntpsec-ntpdate (version: 1.2.2+dfsg1-1+deb12u1)
2025-09-09 10:09:55 Found package: ntpsec-ntpdig (version: 1.2.2+dfsg1-1+deb12u1)
2025-09-09 10:09:55 Found package: ocl-icd-libopencl1:amd64 (version: 2.3.1-1)
2025-09-09 10:09:55 Found package: opencc (version: 1.1.6+ds1-1)
2025-09-09 10:09:55 Found package: openssh-client (version: 1:9.2p1-2+deb12u7)
2025-09-09 10:09:55 Found package: openssh-server (version: 1:9.2p1-2+deb12u7)
2025-09-09 10:09:55 Found package: openssh-sftp-server (version: 1:9.2p1-2+deb12u7)
2025-09-09 10:09:55 Found package: openssl (version: 3.0.17-1~deb12u2)
2025-09-09 10:09:55 Found package: orca (version: 43.1-1)
2025-09-09 10:09:55 Found package: os-prober (version: 1.81)
2025-09-09 10:09:55 Found package: p11-kit (version: 0.24.1-2)
2025-09-09 10:09:55 Found package: p11-kit-modules:amd64 (version: 0.24.1-2)
2025-09-09 10:09:55 Found package: p7zip (version: 16.02+dfsg-8)
2025-09-09 10:09:55 Found package: p7zip-full (version: 16.02+dfsg-8)
2025-09-09 10:09:55 Found package: packagekit (version: 1.2.6-5)
2025-09-09 10:09:55 Found package: packagekit-tools (version: 1.2.6-5)
2025-09-09 10:09:55 Found package: parted (version: 3.5-3)
2025-09-09 10:09:55 Found package: pass (version: 1.7.4-6)
2025-09-09 10:09:55 Found package: passwd (version: 1:4.13+dfsg1-1+deb12u1)
2025-09-09 10:09:55 Found package: patch (version: 2.7.6-7)
2025-09-09 10:09:55 Found package: patchutils (version: 0.4.2-1)
2025-09-09 10:09:55 Found package: pbzip2 (version: 1.1.13-1)
2025-09-09 10:09:55 Found package: pci.ids (version: 0.0~2023.04.11-1)
2025-09-09 10:09:55 Found package: pciutils (version: 1:3.9.0-4)
2025-09-09 10:09:55 Found package: perl (version: 5.36.0-7+deb12u3)
2025-09-09 10:09:55 Found package: perl-base (version: 5.36.0-7+deb12u3)
2025-09-09 10:09:55 Found package: perl-modules-5.36 (version: 5.36.0-7+deb12u3)
2025-09-09 10:09:55 Found package: perl-openssl-defaults:amd64 (version: 7+b1)
2025-09-09 10:09:55 Found package: perl-tk (version: 1:804.036-1+b2)
2025-09-09 10:09:55 Found package: pinentry-curses (version: 1.2.1-1)
2025-09-09 10:09:55 Found package: pinentry-gnome3 (version: 1.2.1-1)
2025-09-09 10:09:55 Found package: pixz (version: 1.0.7-2)
2025-09-09 10:09:55 Found package: pkexec (version: 122-3)
2025-09-09 10:09:55 Found package: pkg-config:amd64 (version: 1.8.1-1)
2025-09-09 10:09:55 Found package: pkgconf-bin (version: 1.8.1-1)
2025-09-09 10:09:55 Found package: pkgconf:amd64 (version: 1.8.1-1)
2025-09-09 10:09:55 Found package: pluma (version: 1.26.0-1+deb12u1)
2025-09-09 10:09:55 Found package: pluma-common (version: 1.26.0-1+deb12u1)
2025-09-09 10:09:55 Found package: plymouth (version: 22.02.122-3)
2025-09-09 10:09:55 Found package: plymouth-label (version: 22.02.122-3)
2025-09-09 10:09:55 Found package: plzip (version: 1.10-5)
2025-09-09 10:09:55 Found package: po-debconf (version: 1.0.21+nmu1)
2025-09-09 10:09:55 Found package: pocketsphinx-en-us (version: 0.8+5prealpha+1-15)
2025-09-09 10:09:55 Found package: policykit-1 (version: 122-3)
2025-09-09 10:09:55 Found package: polkitd (version: 122-3)
2025-09-09 10:09:55 Found package: polkitd-pkla (version: 122-3)
2025-09-09 10:09:55 Found package: poppler-data (version: 0.4.12-1)
2025-09-09 10:09:55 Found package: poppler-utils (version: 22.12.0-2+deb12u1)
2025-09-09 10:09:55 Found package: powermgmt-base (version: 1.37)
2025-09-09 10:09:55 Found package: powertop (version: 2.14-1+b2)
2025-09-09 10:09:55 Found package: ppp (version: 2.4.9-1+1.1+b1)
2025-09-09 10:09:55 Found package: presage (version: 0.9.1-2.5)
2025-09-09 10:09:55 Found package: pristine-tar (version: 1.50)
2025-09-09 10:09:55 Found package: procps (version: 2:4.0.2-3)
2025-09-09 10:09:55 Found package: psf-unifont (version: 1:15.0.01-2)
2025-09-09 10:09:55 Found package: psmisc (version: 23.6-1)
2025-09-09 10:09:55 Found package: publicsuffix (version: 20230209.2326-1)
2025-09-09 10:09:55 Found package: pulseaudio (version: 16.1+dfsg1-2+b1)
2025-09-09 10:09:55 Found package: pulseaudio-utils (version: 16.1+dfsg1-2+b1)
2025-09-09 10:09:55 Found package: python-apt-common (version: 2.6.0)
2025-09-09 10:09:55 Found package: python-matplotlib-data (version: 3.6.3-1)
2025-09-09 10:09:55 Found package: python3 (version: 3.11.2-1+b1)
2025-09-09 10:09:55 Found package: python3-all (version: 3.11.2-1+b1)
2025-09-09 10:09:55 Found package: python3-all-dev (version: 3.11.2-1+b1)
2025-09-09 10:09:55 Found package: python3-apparmor (version: 3.0.8-3)
2025-09-09 10:09:55 Found package: python3-appdirs (version: 1.4.4-3)
2025-09-09 10:09:55 Found package: python3-apt (version: 2.6.0)
2025-09-09 10:09:55 Found package: python3-attr (version: 22.2.0-1)
2025-09-09 10:09:55 Found package: python3-beniget (version: 0.4.1-3)
2025-09-09 10:09:55 Found package: python3-blinker (version: 1.5-1)
2025-09-09 10:09:55 Found package: python3-brlapi:amd64 (version: 6.5-7+deb12u1)
2025-09-09 10:09:55 Found package: python3-brotli (version: 1.0.9-2+b6)
2025-09-09 10:09:55 Found package: python3-bs4 (version: 4.11.2-2)
2025-09-09 10:09:55 Found package: python3-cairo:amd64 (version: 1.20.1-5+b1)
2025-09-09 10:09:55 Found package: python3-certifi (version: 2022.9.24-1)
2025-09-09 10:09:55 Found package: python3-cffi-backend:amd64 (version: 1.15.1-5+b1)
2025-09-09 10:09:55 Found package: python3-chardet (version: 5.1.0+dfsg-2)
2025-09-09 10:09:55 Found package: python3-charset-normalizer (version: 3.0.1-2)
2025-09-09 10:09:55 Found package: python3-contourpy (version: 1.0.7-1+b1)
2025-09-09 10:09:55 Found package: python3-cryptography (version: 38.0.4-3+deb12u1)
2025-09-09 10:09:55 Found package: python3-cups:amd64 (version: 2.0.1-5+b4)
2025-09-09 10:09:55 Found package: python3-cupshelpers (version: 1.5.18-1)
2025-09-09 10:09:56 Found package: python3-cycler (version: 0.11.0-1)
2025-09-09 10:09:56 Found package: python3-dateutil (version: 2.8.2-2)
2025-09-09 10:09:56 Found package: python3-dbus (version: 1.3.2-4+b1)
2025-09-09 10:09:56 Found package: python3-debconf (version: 1.5.82)
2025-09-09 10:09:56 Found package: python3-debian (version: 0.1.49)
2025-09-09 10:09:56 Found package: python3-decorator (version: 5.1.1-3)
2025-09-09 10:09:56 Found package: python3-dev (version: 3.11.2-1+b1)
2025-09-09 10:09:56 Found package: python3-distro (version: 1.8.0-1)
2025-09-09 10:09:56 Found package: python3-distro-info (version: 1.5+deb12u1)
2025-09-09 10:09:56 Found package: python3-distutils (version: 3.11.2-3)
2025-09-09 10:09:56 Found package: python3-fonttools (version: 4.38.0-1+b1)
2025-09-09 10:09:56 Found package: python3-fs (version: 2.4.16-2)
2025-09-09 10:09:56 Found package: python3-gast (version: 0.5.2-2)
2025-09-09 10:09:56 Found package: python3-gi (version: 3.42.2-3+b1)
2025-09-09 10:09:56 Found package: python3-gi-cairo (version: 3.42.2-3+b1)
2025-09-09 10:09:56 Found package: python3-gpg (version: 1.18.0-3+b1)
2025-09-09 10:09:56 Found package: python3-html5lib (version: 1.1-3)
2025-09-09 10:09:56 Found package: python3-httplib2 (version: 0.20.4-3)
2025-09-09 10:09:56 Found package: python3-ibus-1.0 (version: 1.5.27-5)
2025-09-09 10:09:56 Found package: python3-idna (version: 3.3-1+deb12u1)
2025-09-09 10:09:56 Found package: python3-jwt (version: 2.6.0-1)
2025-09-09 10:09:56 Found package: python3-kiwisolver (version: 1.4.4-1+b1)
2025-09-09 10:09:56 Found package: python3-lazr.restfulclient (version: 0.14.5-1)
2025-09-09 10:09:56 Found package: python3-lazr.uri (version: 1.0.6-3)
2025-09-09 10:09:56 Found package: python3-lib2to3 (version: 3.11.2-3)
2025-09-09 10:09:56 Found package: python3-libapparmor (version: 3.0.8-3)
2025-09-09 10:09:56 Found package: python3-louis (version: 3.24.0-1)
2025-09-09 10:09:56 Found package: python3-lxml:amd64 (version: 4.9.2-1+b1)
2025-09-09 10:09:56 Found package: python3-lz4 (version: 4.0.2+dfsg-1+b2)
2025-09-09 10:09:56 Found package: python3-magic (version: 2:0.4.26-3)
2025-09-09 10:09:56 Found package: python3-matplotlib (version: 3.6.3-1+b1)
2025-09-09 10:09:56 Found package: python3-minimal (version: 3.11.2-1+b1)
2025-09-09 10:09:56 Found package: python3-mpmath (version: 1.2.1-2)
2025-09-09 10:09:56 Found package: python3-ntp (version: 1.2.2+dfsg1-1+deb12u1)
2025-09-09 10:09:56 Found package: python3-numpy (version: 1:1.24.2-1+deb12u1)
2025-09-09 10:09:56 Found package: python3-oauthlib (version: 3.2.2-1)
2025-09-09 10:09:56 Found package: python3-olefile (version: 0.46-3)
2025-09-09 10:09:56 Found package: python3-packaging (version: 23.0-1)
2025-09-09 10:09:56 Found package: python3-pil.imagetk:amd64 (version: 9.4.0-1.1+deb12u1)
2025-09-09 10:09:56 Found package: python3-pil:amd64 (version: 9.4.0-1.1+deb12u1)
2025-09-09 10:09:56 Found package: python3-pip (version: 23.0.1+dfsg-1)
2025-09-09 10:09:56 Found package: python3-pip-whl (version: 23.0.1+dfsg-1)
2025-09-09 10:09:56 Found package: python3-pkg-resources (version: 66.1.1-1+deb12u2)
2025-09-09 10:09:56 Found package: python3-ply (version: 3.11-5)
2025-09-09 10:09:56 Found package: python3-psutil (version: 5.9.4-1+b1)
2025-09-09 10:09:56 Found package: python3-pyatspi (version: 2.46.0-2)
2025-09-09 10:09:56 Found package: python3-pygments (version: 2.14.0+dfsg-1)
2025-09-09 10:09:56 Found package: python3-pyinotify (version: 0.9.6-2)
2025-09-09 10:09:56 Found package: python3-pyparsing (version: 3.0.9-1)
2025-09-09 10:09:56 Found package: python3-pythran (version: 0.11.0+ds-7)
2025-09-09 10:09:56 Found package: python3-requests (version: 2.28.1+dfsg-1)
2025-09-09 10:09:56 Found package: python3-scipy (version: 1.10.1-2)
2025-09-09 10:09:56 Found package: python3-setuptools (version: 66.1.1-1+deb12u2)
2025-09-09 10:09:56 Found package: python3-setuptools-whl (version: 66.1.1-1+deb12u2)
2025-09-09 10:09:56 Found package: python3-six (version: 1.16.0-4)
2025-09-09 10:09:56 Found package: python3-smbc (version: 1.0.23-2+b4)
2025-09-09 10:09:56 Found package: python3-software-properties (version: 0.99.30-4.1~deb12u1)
2025-09-09 10:09:56 Found package: python3-soupsieve (version: 2.3.2-1)
2025-09-09 10:09:56 Found package: python3-speechd (version: 0.11.4-2)
2025-09-09 10:09:56 Found package: python3-sympy (version: 1.11.1-1)
2025-09-09 10:09:56 Found package: python3-systemd (version: 235-1+b2)
2025-09-09 10:09:56 Found package: python3-tk:amd64 (version: 3.11.2-3)
2025-09-09 10:09:56 Found package: python3-tz (version: 2022.7.1-4)
2025-09-09 10:09:56 Found package: python3-ufolib2 (version: 0.14.0+dfsg1-1)
2025-09-09 10:09:56 Found package: python3-unidiff (version: 0.7.3-1)
2025-09-09 10:09:56 Found package: python3-urllib3 (version: 1.26.12-1+deb12u1)
2025-09-09 10:09:56 Found package: python3-venv (version: 3.11.2-1+b1)
2025-09-09 10:09:56 Found package: python3-wadllib (version: 1.3.6-4)
2025-09-09 10:09:56 Found package: python3-webencodings (version: 0.5.1-5)
2025-09-09 10:09:56 Found package: python3-wheel (version: 0.38.4-2)
2025-09-09 10:09:56 Found package: python3-xdg (version: 0.28-2)
2025-09-09 10:09:56 Found package: python3-yaml (version: 6.0-3+b2)
2025-09-09 10:09:56 Found package: python3.11 (version: 3.11.2-6+deb12u6)
2025-09-09 10:09:56 Found package: python3.11-dev (version: 3.11.2-6+deb12u6)
2025-09-09 10:09:56 Found package: python3.11-minimal (version: 3.11.2-6+deb12u6)
2025-09-09 10:09:56 Found package: python3.11-venv (version: 3.11.2-6+deb12u6)
2025-09-09 10:09:56 Found package: qrencode (version: 4.1.1-1)
2025-09-09 10:09:56 Found package: qt5-gtk-platformtheme:amd64 (version: 5.15.8+dfsg-11+deb12u3)
2025-09-09 10:09:56 Found package: qttranslations5-l10n (version: 5.15.8-2)
2025-09-09 10:09:56 Found package: qtwayland5:amd64 (version: 5.15.8-2)
2025-09-09 10:09:56 Found package: rake (version: 13.0.6-3)
2025-09-09 10:09:56 Found package: re (version: 0.1-7+b1)
2025-09-09 10:09:56 Found package: read-edid (version: 3.0.2-1.1)
2025-09-09 10:09:56 Found package: readline-common (version: 8.2-1.3)
2025-09-09 10:09:56 Found package: ripgrep (version: 13.0.0-4+b2)
2025-09-09 10:09:56 Found package: rkhunter (version: 1.4.6-11)
2025-09-09 10:09:56 Found package: rpcsvc-proto (version: 1.4.3-1)
2025-09-09 10:09:56 Found package: rsyslog (version: 8.2302.0-1+deb12u1)
2025-09-09 10:09:56 Found package: rtkit (version: 0.13-5)
2025-09-09 10:09:56 Found package: ruby (version: 1:3.1)
2025-09-09 10:09:56 Found package: ruby-debian (version: 0.3.10+b8)
2025-09-09 10:09:56 Found package: ruby-domain-name (version: 0.5.20190701-1)
2025-09-09 10:09:56 Found package: ruby-gettext (version: 3.3.3-2)
2025-09-09 10:09:56 Found package: ruby-http-cookie (version: 1.0.5-1)
2025-09-09 10:09:56 Found package: ruby-httpclient (version: 2.8.3+git20211122.4658227-1)
2025-09-09 10:09:56 Found package: ruby-locale (version: 2.1.3-1)
2025-09-09 10:09:56 Found package: ruby-net-telnet (version: 0.2.0-1)
2025-09-09 10:09:56 Found package: ruby-rubygems (version: 3.3.15-2+deb12u1)
2025-09-09 10:09:56 Found package: ruby-sdbm:amd64 (version: 1.0.0-5+b1)
2025-09-09 10:09:56 Found package: ruby-soap4r (version: 2.0.5-6)
2025-09-09 10:09:56 Found package: ruby-sqlite3 (version: 1.4.2-4+b3)
2025-09-09 10:09:56 Found package: ruby-text (version: 1.3.1-1)
2025-09-09 10:09:56 Found package: ruby-unf (version: 0.1.4-2.1)
2025-09-09 10:09:56 Found package: ruby-unf-ext (version: 0.0.7.7-1+b4)
2025-09-09 10:09:56 Found package: ruby-unicode (version: 0.4.4.4-1+b5)
2025-09-09 10:09:56 Found package: ruby-webrick (version: 1.8.1-1)
2025-09-09 10:09:56 Found package: ruby-xmlparser:amd64 (version: 0.7.3-4+b4)
2025-09-09 10:09:56 Found package: ruby-xmlrpc (version: 0.3.2-2)
2025-09-09 10:09:56 Found package: ruby3.1 (version: 3.1.2-7+deb12u1)
2025-09-09 10:09:56 Found package: rubygems-integration (version: 1.18)
2025-09-09 10:09:56 Found package: runit-helper (version: 2.15.2)
2025-09-09 10:09:56 Found package: rustc (version: 1.63.0+dfsg1-2)
2025-09-09 10:09:56 Found package: samba-libs:amd64 (version: 2:4.17.12+dfsg-0+deb12u2)
2025-09-09 10:09:56 Found package: sane-airscan (version: 0.99.27-1+b1)
2025-09-09 10:09:56 Found package: sane-utils (version: 1.2.1-2)
2025-09-09 10:09:56 Found package: sed (version: 4.9-1)
2025-09-09 10:09:56 Found package: sensible-utils (version: 0.0.17+nmu1)
2025-09-09 10:09:56 Found package: sgml-base (version: 1.31)
2025-09-09 10:09:56 Found package: sgml-data (version: 2.0.11+nmu1)
2025-09-09 10:09:56 Found package: shared-mime-info (version: 2.2-1)
2025-09-09 10:09:56 Found package: smartmontools (version: 7.3-1+b1)
2025-09-09 10:09:56 Found package: software-properties-common (version: 0.99.30-4.1~deb12u1)
2025-09-09 10:09:56 Found package: sound-icons (version: 0.1-8)
2025-09-09 10:09:56 Found package: sound-theme-freedesktop (version: 0.8-2)
2025-09-09 10:09:56 Found package: speech-dispatcher (version: 0.11.4-2)
2025-09-09 10:09:56 Found package: speech-dispatcher-audio-plugins:amd64 (version: 0.11.4-2)
2025-09-09 10:09:56 Found package: speech-dispatcher-espeak-ng (version: 0.11.4-2)
2025-09-09 10:09:56 Found package: spice-vdagent (version: 0.22.1-3+b2)
2025-09-09 10:09:56 Found package: sqlite3 (version: 3.40.1-2+deb12u2)
2025-09-09 10:09:56 Found package: ssh-askpass (version: 1:1.2.4.1-16)
2025-09-09 10:09:56 Found package: ssl-cert (version: 1.1.2)
2025-09-09 10:09:56 Found package: strace (version: 6.1-0.1)
2025-09-09 10:09:56 Found package: sudo (version: 1.9.13p3-1+deb12u2)
2025-09-09 10:09:56 Found package: suricata (version: 1:6.0.10-1)
2025-09-09 10:09:56 Found package: suricata-update (version: 1.2.7-1)
2025-09-09 10:09:56 Found package: swath (version: 0.6.1-3)
2025-09-09 10:09:56 Found package: swath-data (version: 0.6.1-3)
2025-09-09 10:09:56 Found package: synaptic (version: 0.91.3)
2025-09-09 10:09:56 Found package: sysstat (version: 12.6.1-1)
2025-09-09 10:09:56 Found package: system-config-printer (version: 1.5.18-1)
2025-09-09 10:09:56 Found package: system-config-printer-common (version: 1.5.18-1)
2025-09-09 10:09:56 Found package: system-config-printer-udev (version: 1.5.18-1)
2025-09-09 10:09:56 Found package: systemd (version: 252.39-1~deb12u1)
2025-09-09 10:09:56 Found package: systemd-sysv (version: 252.39-1~deb12u1)
2025-09-09 10:09:56 Found package: systemd-timesyncd (version: 252.39-1~deb12u1)
2025-09-09 10:09:56 Found package: sysvinit-utils (version: 3.06-4)
2025-09-09 10:09:56 Found package: t1-cyrillic (version: 4.18+num1)
2025-09-09 10:09:56 Found package: t1-teams (version: 4.18+num1)
2025-09-09 10:09:56 Found package: t1utils (version: 1.41-4)
2025-09-09 10:09:56 Found package: tar (version: 1.34+dfsg-1.2+deb12u1)
2025-09-09 10:09:56 Found package: task-albanian-desktop (version: 3.73)
2025-09-09 10:09:56 Found package: task-amharic (version: 3.73)
2025-09-09 10:09:56 Found package: task-amharic-desktop (version: 3.73)
2025-09-09 10:09:56 Found package: task-arabic (version: 3.73)
2025-09-09 10:09:56 Found package: task-arabic-desktop (version: 3.73)
2025-09-09 10:09:56 Found package: task-asturian (version: 3.73)
2025-09-09 10:09:56 Found package: task-asturian-desktop (version: 3.73)
2025-09-09 10:09:56 Found package: task-basque (version: 3.73)
2025-09-09 10:09:56 Found package: task-basque-desktop (version: 3.73)
2025-09-09 10:09:56 Found package: task-belarusian (version: 3.73)
2025-09-09 10:09:56 Found package: task-belarusian-desktop (version: 3.73)
2025-09-09 10:09:56 Found package: task-bengali (version: 3.73)
2025-09-09 10:09:56 Found package: task-bengali-desktop (version: 3.73)
2025-09-09 10:09:56 Found package: task-bosnian (version: 3.73)
2025-09-09 10:09:56 Found package: task-bosnian-desktop (version: 3.73)
2025-09-09 10:09:56 Found package: task-brazilian-portuguese (version: 3.73)
2025-09-09 10:09:56 Found package: task-brazilian-portuguese-desktop (version: 3.73)
2025-09-09 10:09:56 Found package: task-british-desktop (version: 3.73)
2025-09-09 10:09:56 Found package: task-bulgarian (version: 3.73)
2025-09-09 10:09:56 Found package: task-bulgarian-desktop (version: 3.73)
2025-09-09 10:09:56 Found package: task-catalan (version: 3.73)
2025-09-09 10:09:56 Found package: task-catalan-desktop (version: 3.73)
2025-09-09 10:09:56 Found package: task-chinese-s (version: 3.73)
2025-09-09 10:09:56 Found package: task-chinese-s-desktop (version: 3.73)
2025-09-09 10:09:56 Found package: task-chinese-t (version: 3.73)
2025-09-09 10:09:56 Found package: task-chinese-t-desktop (version: 3.73)
2025-09-09 10:09:56 Found package: task-croatian (version: 3.73)
2025-09-09 10:09:56 Found package: task-croatian-desktop (version: 3.73)
2025-09-09 10:09:56 Found package: task-cyrillic (version: 3.73)
2025-09-09 10:09:56 Found package: task-cyrillic-desktop (version: 3.73)
2025-09-09 10:09:56 Found package: task-czech (version: 3.73)
2025-09-09 10:09:56 Found package: task-czech-desktop (version: 3.73)
2025-09-09 10:09:56 Found package: task-danish (version: 3.73)
2025-09-09 10:09:56 Found package: task-danish-desktop (version: 3.73)
2025-09-09 10:09:56 Found package: task-desktop (version: 3.73)
2025-09-09 10:09:56 Found package: task-dutch (version: 3.73)
2025-09-09 10:09:56 Found package: task-dutch-desktop (version: 3.73)
2025-09-09 10:09:56 Found package: task-dzongkha-desktop (version: 3.73)
2025-09-09 10:09:56 Found package: task-english (version: 3.73)
2025-09-09 10:09:56 Found package: task-esperanto (version: 3.73)
2025-09-09 10:09:56 Found package: task-esperanto-desktop (version: 3.73)
2025-09-09 10:09:56 Found package: task-estonian (version: 3.73)
2025-09-09 10:09:56 Found package: task-estonian-desktop (version: 3.73)
2025-09-09 10:09:56 Found package: task-finnish (version: 3.73)
2025-09-09 10:09:56 Found package: task-finnish-desktop (version: 3.73)
2025-09-09 10:09:56 Found package: task-french (version: 3.73)
2025-09-09 10:09:56 Found package: task-french-desktop (version: 3.73)
2025-09-09 10:09:56 Found package: task-galician (version: 3.73)
2025-09-09 10:09:56 Found package: task-galician-desktop (version: 3.73)
2025-09-09 10:09:56 Found package: task-georgian-desktop (version: 3.73)
2025-09-09 10:09:56 Found package: task-german (version: 3.73)
2025-09-09 10:09:56 Found package: task-german-desktop (version: 3.73)
2025-09-09 10:09:56 Found package: task-greek (version: 3.73)
2025-09-09 10:09:56 Found package: task-greek-desktop (version: 3.73)
2025-09-09 10:09:56 Found package: task-gujarati (version: 3.73)
2025-09-09 10:09:56 Found package: task-gujarati-desktop (version: 3.73)
2025-09-09 10:09:56 Found package: task-hebrew (version: 3.73)
2025-09-09 10:09:56 Found package: task-hebrew-desktop (version: 3.73)
2025-09-09 10:09:56 Found package: task-hindi (version: 3.73)
2025-09-09 10:09:56 Found package: task-hindi-desktop (version: 3.73)
2025-09-09 10:09:56 Found package: task-hungarian (version: 3.73)
2025-09-09 10:09:56 Found package: task-hungarian-desktop (version: 3.73)
2025-09-09 10:09:56 Found package: task-icelandic (version: 3.73)
2025-09-09 10:09:56 Found package: task-icelandic-desktop (version: 3.73)
2025-09-09 10:09:56 Found package: task-indonesian-desktop (version: 3.73)
2025-09-09 10:09:56 Found package: task-irish (version: 3.73)
2025-09-09 10:09:56 Found package: task-irish-desktop (version: 3.73)
2025-09-09 10:09:56 Found package: task-italian (version: 3.73)
2025-09-09 10:09:56 Found package: task-italian-desktop (version: 3.73)
2025-09-09 10:09:56 Found package: task-japanese (version: 3.73)
2025-09-09 10:09:56 Found package: task-japanese-desktop (version: 3.73)
2025-09-09 10:09:56 Found package: task-kannada-desktop (version: 3.73)
2025-09-09 10:09:56 Found package: task-kazakh (version: 3.73)
2025-09-09 10:09:56 Found package: task-kazakh-desktop (version: 3.73)
2025-09-09 10:09:56 Found package: task-khmer (version: 3.73)
2025-09-09 10:09:56 Found package: task-khmer-desktop (version: 3.73)
2025-09-09 10:09:56 Found package: task-korean (version: 3.73)
2025-09-09 10:09:56 Found package: task-korean-desktop (version: 3.73)
2025-09-09 10:09:56 Found package: task-kurdish (version: 3.73)
2025-09-09 10:09:56 Found package: task-kurdish-desktop (version: 3.73)
2025-09-09 10:09:56 Found package: task-laptop (version: 3.73)
2025-09-09 10:09:56 Found package: task-latvian (version: 3.73)
2025-09-09 10:09:56 Found package: task-latvian-desktop (version: 3.73)
2025-09-09 10:09:56 Found package: task-lithuanian (version: 3.73)
2025-09-09 10:09:56 Found package: task-lithuanian-desktop (version: 3.73)
2025-09-09 10:09:56 Found package: task-macedonian (version: 3.73)
2025-09-09 10:09:56 Found package: task-macedonian-desktop (version: 3.73)
2025-09-09 10:09:56 Found package: task-malayalam (version: 3.73)
2025-09-09 10:09:56 Found package: task-malayalam-desktop (version: 3.73)
2025-09-09 10:09:56 Found package: task-marathi (version: 3.73)
2025-09-09 10:09:56 Found package: task-marathi-desktop (version: 3.73)
2025-09-09 10:09:56 Found package: task-mate-desktop (version: 3.73)
2025-09-09 10:09:56 Found package: task-nepali-desktop (version: 3.73)
2025-09-09 10:09:56 Found package: task-northern-sami (version: 3.73)
2025-09-09 10:09:56 Found package: task-northern-sami-desktop (version: 3.73)
2025-09-09 10:09:56 Found package: task-norwegian (version: 3.73)
2025-09-09 10:09:56 Found package: task-norwegian-desktop (version: 3.73)
2025-09-09 10:09:56 Found package: task-persian (version: 3.73)
2025-09-09 10:09:56 Found package: task-persian-desktop (version: 3.73)
2025-09-09 10:09:56 Found package: task-polish (version: 3.73)
2025-09-09 10:09:56 Found package: task-polish-desktop (version: 3.73)
2025-09-09 10:09:56 Found package: task-portuguese (version: 3.73)
2025-09-09 10:09:56 Found package: task-portuguese-desktop (version: 3.73)
2025-09-09 10:09:56 Found package: task-punjabi (version: 3.73)
2025-09-09 10:09:56 Found package: task-punjabi-desktop (version: 3.73)
2025-09-09 10:09:56 Found package: task-romanian (version: 3.73)
2025-09-09 10:09:56 Found package: task-romanian-desktop (version: 3.73)
2025-09-09 10:09:56 Found package: task-russian (version: 3.73)
2025-09-09 10:09:56 Found package: task-russian-desktop (version: 3.73)
2025-09-09 10:09:56 Found package: task-serbian (version: 3.73)
2025-09-09 10:09:56 Found package: task-serbian-desktop (version: 3.73)
2025-09-09 10:09:56 Found package: task-sinhala-desktop (version: 3.73)
2025-09-09 10:09:56 Found package: task-slovak (version: 3.73)
2025-09-09 10:09:56 Found package: task-slovak-desktop (version: 3.73)
2025-09-09 10:09:56 Found package: task-slovenian (version: 3.73)
2025-09-09 10:09:56 Found package: task-slovenian-desktop (version: 3.73)
2025-09-09 10:09:56 Found package: task-south-african-english-desktop (version: 3.73)
2025-09-09 10:09:56 Found package: task-spanish (version: 3.73)
2025-09-09 10:09:56 Found package: task-spanish-desktop (version: 3.73)
2025-09-09 10:09:56 Found package: task-swedish (version: 3.73)
2025-09-09 10:09:56 Found package: task-swedish-desktop (version: 3.73)
2025-09-09 10:09:56 Found package: task-tagalog (version: 3.73)
2025-09-09 10:09:56 Found package: task-tamil (version: 3.73)
2025-09-09 10:09:56 Found package: task-tamil-desktop (version: 3.73)
2025-09-09 10:09:56 Found package: task-telugu (version: 3.73)
2025-09-09 10:09:56 Found package: task-telugu-desktop (version: 3.73)
2025-09-09 10:09:56 Found package: task-thai (version: 3.73)
2025-09-09 10:09:56 Found package: task-thai-desktop (version: 3.73)
2025-09-09 10:09:56 Found package: task-turkish (version: 3.73)
2025-09-09 10:09:56 Found package: task-turkish-desktop (version: 3.73)
2025-09-09 10:09:56 Found package: task-ukrainian (version: 3.73)
2025-09-09 10:09:56 Found package: task-ukrainian-desktop (version: 3.73)
2025-09-09 10:09:56 Found package: task-uyghur-desktop (version: 3.73)
2025-09-09 10:09:56 Found package: task-vietnamese-desktop (version: 3.73)
2025-09-09 10:09:56 Found package: task-welsh (version: 3.73)
2025-09-09 10:09:56 Found package: task-welsh-desktop (version: 3.73)
2025-09-09 10:09:56 Found package: task-xhosa-desktop (version: 3.73)
2025-09-09 10:09:57 Found package: tasksel (version: 3.73)
2025-09-09 10:09:57 Found package: tasksel-data (version: 3.73)
2025-09-09 10:09:57 Found package: tcpd (version: 7.6.q-32)
2025-09-09 10:09:57 Found package: thin-provisioning-tools (version: 0.9.0-2)
2025-09-09 10:09:57 Found package: time (version: 1.9-0.2)
2025-09-09 10:09:57 Found package: timgm6mb-soundfont (version: 1.3-5)
2025-09-09 10:09:57 Found package: tk8.6-blt2.5 (version: 2.5.3+dfsg-4.1)
2025-09-09 10:09:57 Found package: tmispell-voikko (version: 0.7.1-5+b1)
2025-09-09 10:09:57 Found package: tree (version: 2.1.0-1)
2025-09-09 10:09:57 Found package: tzdata (version: 2025b-0+deb12u2)
2025-09-09 10:09:57 Found package: ucf (version: 3.0043+nmu1+deb12u1)
2025-09-09 10:09:57 Found package: udev (version: 252.39-1~deb12u1)
2025-09-09 10:09:57 Found package: udisks2 (version: 2.9.4-4+deb12u2)
2025-09-09 10:09:57 Found package: ufw (version: 0.36.2-1)
2025-09-09 10:09:57 Found package: uim (version: 1:1.8.8-9.2+b2)
2025-09-09 10:09:57 Found package: uim-data (version: 1:1.8.8-9.2)
2025-09-09 10:09:57 Found package: uim-fep (version: 1:1.8.8-9.2+b2)
2025-09-09 10:09:57 Found package: uim-gtk2.0 (version: 1:1.8.8-9.2+b2)
2025-09-09 10:09:57 Found package: uim-gtk2.0-immodule:amd64 (version: 1:1.8.8-9.2+b2)
2025-09-09 10:09:57 Found package: uim-gtk3 (version: 1:1.8.8-9.2+b2)
2025-09-09 10:09:57 Found package: uim-gtk3-immodule:amd64 (version: 1:1.8.8-9.2+b2)
2025-09-09 10:09:57 Found package: uim-mozc:amd64 (version: 2.28.4715.102+dfsg-2.2+deb12u1)
2025-09-09 10:09:57 Found package: uim-plugins:amd64 (version: 1:1.8.8-9.2+b2)
2025-09-09 10:09:57 Found package: uim-qt5 (version: 1:1.8.8-9.2+b2)
2025-09-09 10:09:57 Found package: uim-qt5-immodule:amd64 (version: 1:1.8.8-9.2+b2)
2025-09-09 10:09:57 Found package: uim-xim (version: 1:1.8.8-9.2+b2)
2025-09-09 10:09:57 Found package: unattended-upgrades (version: 2.9.1+nmu3)
2025-09-09 10:09:57 Found package: unhide (version: 20220611-1)
2025-09-09 10:09:57 Found package: unhide.rb (version: 22-6)
2025-09-09 10:09:57 Found package: unicode-data (version: 15.0.0-1)
2025-09-09 10:09:57 Found package: unifont (version: 1:15.0.01-2)
2025-09-09 10:09:57 Found package: unzip (version: 6.0-28)
2025-09-09 10:09:57 Found package: update-inetd (version: 4.53)
2025-09-09 10:09:57 Found package: upower (version: 0.99.20-2)
2025-09-09 10:09:57 Found package: usb-modeswitch (version: 2.6.1-3+b1)
2025-09-09 10:09:57 Found package: usb-modeswitch-data (version: 20191128-5)
2025-09-09 10:09:57 Found package: usb.ids (version: 2025.07.26-0+deb12u1)
2025-09-09 10:09:57 Found package: usbmuxd (version: 1.1.1-2)
2025-09-09 10:09:57 Found package: usbutils (version: 1:014-1+deb12u1)
2025-09-09 10:09:57 Found package: usr-is-merged (version: 37~deb12u1)
2025-09-09 10:09:57 Found package: util-linux (version: 2.38.1-5+deb12u3)
2025-09-09 10:09:57 Found package: util-linux-extra (version: 2.38.1-5+deb12u3)
2025-09-09 10:09:57 Found package: util-linux-locales (version: 2.38.1-5+deb12u3)
2025-09-09 10:09:57 Found package: uuid-runtime (version: 2.38.1-5+deb12u3)
2025-09-09 10:09:57 Found package: va-driver-all:amd64 (version: 2.17.0-1)
2025-09-09 10:09:57 Found package: vainfo (version: 2.12.0+ds1-1)
2025-09-09 10:09:57 Found package: vdpau-driver-all:amd64 (version: 1.5-2)
2025-09-09 10:09:57 Found package: vdpauinfo (version: 1.5-2)
2025-09-09 10:09:57 Found package: vim (version: 2:9.0.1378-2+deb12u2)
2025-09-09 10:09:57 Found package: vim-common (version: 2:9.0.1378-2+deb12u2)
2025-09-09 10:09:57 Found package: vim-runtime (version: 2:9.0.1378-2+deb12u2)
2025-09-09 10:09:57 Found package: vim-tiny (version: 2:9.0.1378-2+deb12u2)
2025-09-09 10:09:57 Found package: voikko-fi (version: 2.5-1)
2025-09-09 10:09:57 Found package: vulkan-tools (version: 1.3.239.0+dfsg1-1)
2025-09-09 10:09:57 Found package: wamerican (version: 2020.12.07-2)
2025-09-09 10:09:57 Found package: wbrazilian (version: 3.0~beta4-24)
2025-09-09 10:09:57 Found package: wbulgarian (version: 4.1-7)
2025-09-09 10:09:57 Found package: wcatalan (version: 0.20111230b-14)
2025-09-09 10:09:57 Found package: wdanish (version: 1.6.36-14)
2025-09-09 10:09:57 Found package: wdiff (version: 1.2.2-5)
2025-09-09 10:09:57 Found package: wdutch (version: 1:2.20.19-2)
2025-09-09 10:09:57 Found package: webp-pixbuf-loader:amd64 (version: 0.2.1-1)
2025-09-09 10:09:57 Found package: wfrench (version: 1.2.7-2)
2025-09-09 10:09:57 Found package: wget (version: 1.21.3-1+deb12u1)
2025-09-09 10:09:57 Found package: whiptail (version: 0.52.23-1+b1)
2025-09-09 10:09:57 Found package: whois (version: 5.5.17)
2025-09-09 10:09:57 Found package: wireless-regdb (version: 2025.07.10-1~deb12u1)
2025-09-09 10:09:57 Found package: wireless-tools (version: 30~pre9-14)
2025-09-09 10:09:57 Found package: witalian (version: 1.10)
2025-09-09 10:09:57 Found package: wl-clipboard (version: 2.1.0-0.1+b1)
2025-09-09 10:09:57 Found package: wngerman (version: 20161207-11)
2025-09-09 10:09:57 Found package: wnorwegian (version: 2.2-4)
2025-09-09 10:09:57 Found package: wpasupplicant (version: 2:2.10-12+deb12u3)
2025-09-09 10:09:57 Found package: wpolish (version: 20220301-1)
2025-09-09 10:09:57 Found package: wportuguese (version: 20220621-1)
2025-09-09 10:09:57 Found package: wspanish (version: 1.0.30)
2025-09-09 10:09:57 Found package: wswedish (version: 1.4.5-3)
2025-09-09 10:09:57 Found package: x11-apps (version: 7.7+9)
2025-09-09 10:09:57 Found package: x11-common (version: 1:7.7+23)
2025-09-09 10:09:57 Found package: x11-session-utils (version: 7.7+5)
2025-09-09 10:09:57 Found package: x11-utils (version: 7.7+5)
2025-09-09 10:09:57 Found package: x11-xkb-utils (version: 7.7+7)
2025-09-09 10:09:57 Found package: x11-xserver-utils (version: 7.7+9+b1)
2025-09-09 10:09:57 Found package: xauth (version: 1:1.1.2-1)
2025-09-09 10:09:57 Found package: xbitmaps (version: 1.1.1-2.2)
2025-09-09 10:09:57 Found package: xbrlapi (version: 6.5-7+deb12u1)
2025-09-09 10:09:57 Found package: xclip (version: 0.13-2)
2025-09-09 10:09:57 Found package: xcvt (version: 0.1.2-1)
2025-09-09 10:09:57 Found package: xdelta (version: 1.1.3-10.4)
2025-09-09 10:09:57 Found package: xdelta3 (version: 3.0.11-dfsg-1.2)
2025-09-09 10:09:57 Found package: xdg-dbus-proxy (version: 0.1.4-3)
2025-09-09 10:09:57 Found package: xdg-desktop-portal (version: 1.16.0-2)
2025-09-09 10:09:57 Found package: xdg-desktop-portal-gtk (version: 1.14.1-1)
2025-09-09 10:09:57 Found package: xdg-user-dirs (version: 0.18-1)
2025-09-09 10:09:57 Found package: xdg-utils (version: 1.1.3-4.1)
2025-09-09 10:09:57 Found package: xdotool (version: 1:3.20160805.1-5)
2025-09-09 10:09:57 Found package: xfonts-100dpi (version: 1:1.0.5)
2025-09-09 10:09:57 Found package: xfonts-75dpi (version: 1:1.0.5)
2025-09-09 10:09:57 Found package: xfonts-base (version: 1:1.0.5+nmu1)
2025-09-09 10:09:57 Found package: xfonts-encodings (version: 1:1.0.4-2.2)
2025-09-09 10:09:57 Found package: xfonts-scalable (version: 1:1.0.3-1.3)
2025-09-09 10:09:57 Found package: xfonts-thai (version: 1:1.2.7-6)
2025-09-09 10:09:57 Found package: xfonts-thai-etl (version: 1:1.2.7-6)
2025-09-09 10:09:57 Found package: xfonts-thai-manop (version: 1:1.2.7-6)
2025-09-09 10:09:57 Found package: xfonts-thai-nectec (version: 1:1.2.7-6)
2025-09-09 10:09:57 Found package: xfonts-thai-poonlap (version: 1:1.2.7-6)
2025-09-09 10:09:57 Found package: xfonts-thai-vor (version: 1:1.2.7-6)
2025-09-09 10:09:57 Found package: xfonts-unifont (version: 1:15.0.01-2)
2025-09-09 10:09:57 Found package: xfonts-utils (version: 1:7.7+6)
2025-09-09 10:09:57 Found package: xfsprogs (version: 6.1.0-1)
2025-09-09 10:09:57 Found package: xinit (version: 1.4.0-1)
2025-09-09 10:09:57 Found package: xinput (version: 1.6.3-1)
2025-09-09 10:09:57 Found package: xiterm+thai (version: 1.10-2+b2)
2025-09-09 10:09:57 Found package: xkb-data (version: 2.35.1-1)
2025-09-09 10:09:57 Found package: xkbset (version: 0.6-3)
2025-09-09 10:09:57 Found package: xml-core (version: 0.18+nmu1)
2025-09-09 10:09:57 Found package: xorg (version: 1:7.7+23)
2025-09-09 10:09:57 Found package: xorg-docs-core (version: 1:1.7.1-1.2)
2025-09-09 10:09:57 Found package: xsel (version: 1.2.0+git9bfc13d.20180109-4)
2025-09-09 10:09:57 Found package: xserver-common (version: 2:21.1.7-3+deb12u10)
2025-09-09 10:09:57 Found package: xserver-xorg (version: 1:7.7+23)
2025-09-09 10:09:57 Found package: xserver-xorg-core (version: 2:21.1.7-3+deb12u10)
2025-09-09 10:09:57 Found package: xserver-xorg-input-all (version: 1:7.7+23)
2025-09-09 10:09:57 Found package: xserver-xorg-input-libinput (version: 1.2.1-1+b1)
2025-09-09 10:09:57 Found package: xserver-xorg-input-wacom (version: 1.1.0-1)
2025-09-09 10:09:57 Found package: xserver-xorg-legacy (version: 2:21.1.7-3+deb12u10)
2025-09-09 10:09:57 Found package: xserver-xorg-video-all (version: 1:7.7+23)
2025-09-09 10:09:57 Found package: xserver-xorg-video-amdgpu (version: 23.0.0-1)
2025-09-09 10:09:57 Found package: xserver-xorg-video-ati (version: 1:19.1.0-3)
2025-09-09 10:09:57 Found package: xserver-xorg-video-dummy (version: 1:0.4.0-1)
2025-09-09 10:09:57 Found package: xserver-xorg-video-fbdev (version: 1:0.5.0-2)
2025-09-09 10:09:57 Found package: xserver-xorg-video-intel (version: 2:2.99.917+git20210115-1)
2025-09-09 10:09:57 Found package: xserver-xorg-video-nouveau (version: 1:1.0.17-2)
2025-09-09 10:09:57 Found package: xserver-xorg-video-qxl (version: 0.1.5+git20200331-3)
2025-09-09 10:09:57 Found package: xserver-xorg-video-radeon (version: 1:19.1.0-3)
2025-09-09 10:09:57 Found package: xserver-xorg-video-vesa (version: 1:2.5.0-1+b1)
2025-09-09 10:09:57 Found package: xserver-xorg-video-vmware (version: 1:13.3.0-3.1+b1)
2025-09-09 10:09:57 Found package: xterm (version: 379-1)
2025-09-09 10:09:57 Found package: xvfb (version: 2:21.1.7-3+deb12u10)
2025-09-09 10:09:57 Found package: xxd (version: 2:9.0.1378-2+deb12u2)
2025-09-09 10:09:57 Found package: xxkb (version: 1.11.1-2)
2025-09-09 10:09:57 Found package: xz-utils (version: 5.4.1-1)
2025-09-09 10:09:57 Found package: yara (version: 4.2.3-4)
2025-09-09 10:09:57 Found package: yelp (version: 42.2-1+deb12u1)
2025-09-09 10:09:57 Found package: yelp-xsl (version: 42.1-2+deb12u1)
2025-09-09 10:09:57 Found package: zenity (version: 3.44.0-1)
2025-09-09 10:09:57 Found package: zenity-common (version: 3.44.0-1)
2025-09-09 10:09:57 Found package: zhcon (version: 1:0.2.6-19+b1)
2025-09-09 10:09:57 Found package: zhcon-data (version: 1:0.2.6-19)
2025-09-09 10:09:57 Found package: zip (version: 3.0-13)
2025-09-09 10:09:57 Found package: zlib1g-dev:amd64 (version: 1:1.2.13.dfsg-1)
2025-09-09 10:09:57 Found package: zlib1g:amd64 (version: 1:1.2.13.dfsg-1)
2025-09-09 10:09:57 Found package: zstd (version: 1.5.4+dfsg2-5)
2025-09-09 10:09:57 ====
2025-09-09 10:09:57 Performing test ID PKGS-7346 (Search unpurged packages on system)
2025-09-09 10:09:57 Test: Querying dpkg -l to get unpurged packages
2025-09-09 10:09:57 Result: found one or more packages with left over configuration files, cron jobs etc
2025-09-09 10:09:57 Output:
2025-09-09 10:09:57 Found unpurged package: cryptsetup
2025-09-09 10:09:57 Found unpurged package: kded5
2025-09-09 10:09:57 Found unpurged package: keyutils
2025-09-09 10:09:57 Found unpurged package: kio
2025-09-09 10:09:57 Found unpurged package: kwayland-data
2025-09-09 10:09:57 Found unpurged package: kwayland-integration:amd64
2025-09-09 10:09:57 Found unpurged package: libkf5activities5:amd64
2025-09-09 10:09:57 Found unpurged package: libkf5archive5:amd64
2025-09-09 10:09:57 Found unpurged package: libkf5attica5:amd64
2025-09-09 10:09:57 Found unpurged package: libkf5auth-data
2025-09-09 10:09:57 Found unpurged package: libkf5codecs-data
2025-09-09 10:09:57 Found unpurged package: libkf5configwidgets-data
2025-09-09 10:09:57 Found unpurged package: libkf5coreaddons-data
2025-09-09 10:09:57 Found unpurged package: libkf5crash5:amd64
2025-09-09 10:09:57 Found unpurged package: libkf5dbusaddons-data
2025-09-09 10:09:57 Found unpurged package: libkf5globalaccel5:amd64
2025-09-09 10:09:57 Found unpurged package: libkf5iconthemes-data
2025-09-09 10:09:57 Found unpurged package: libkf5itemmodels5:amd64
2025-09-09 10:09:57 Found unpurged package: libkf5jobwidgets-data
2025-09-09 10:09:57 Found unpurged package: libkf5kiocore5:amd64
2025-09-09 10:09:57 Found unpurged package: libkf5notifications-data
2025-09-09 10:09:57 Found unpurged package: libkf5notifications5:amd64
2025-09-09 10:09:57 Found unpurged package: libkf5package-data
2025-09-09 10:09:57 Found unpurged package: libkf5runner5:amd64
2025-09-09 10:09:57 Found unpurged package: libkf5service-data
2025-09-09 10:09:57 Found unpurged package: libkf5solid5:amd64
2025-09-09 10:09:57 Found unpurged package: libkf5sonnet5-data
2025-09-09 10:09:57 Found unpurged package: libkf5wallet-data
2025-09-09 10:09:57 Found unpurged package: libkf5windowsystem-data
2025-09-09 10:09:57 Found unpurged package: libkf5xmlgui-data
2025-09-09 10:09:57 Found unpurged package: libkf5xmlgui5:amd64
2025-09-09 10:09:57 Found unpurged package: linux-image-6.1.0-35-amd64
2025-09-09 10:09:57 Found unpurged package: linux-image-6.1.0-37-amd64
2025-09-09 10:09:57 Found unpurged package: live-tools
2025-09-09 10:09:57 Found unpurged package: rsync
2025-09-09 10:09:57 Found unpurged package: systemsettings
2025-09-09 10:09:57 Found unpurged package: user-setup
2025-09-09 10:09:57 Found unpurged package: xpra
2025-09-09 10:09:57 Suggestion: Purge old/removed packages (38 found) with aptitude purge or dpkg --purge command. This will cleanup old configuration files, cron jobs and startup scripts. [test:PKGS-7346] [details:-] [solution:-]
2025-09-09 10:09:57 ====
2025-09-09 10:09:57 Skipped test PKGS-7348 (Check for old distfiles)
2025-09-09 10:09:57 Reason to skip: Incorrect guest OS (FreeBSD only)
2025-09-09 10:09:57 ====
2025-09-09 10:09:57 Skipped test PKGS-7350 (Checking for installed packages with DNF utility)
2025-09-09 10:09:57 Reason to skip: Prerequisites not met (ie missing tool, other type of Linux distribution)
2025-09-09 10:09:57 ====
2025-09-09 10:09:57 Skipped test PKGS-7352 (Checking for security updates with DNF utility)
2025-09-09 10:09:57 Reason to skip: Prerequisites not met (ie missing tool, other type of Linux distribution)
2025-09-09 10:09:57 ====
2025-09-09 10:09:57 Skipped test PKGS-7354 (Checking package database integrity)
2025-09-09 10:09:57 Reason to skip: Prerequisites not met (ie missing tool, other type of Linux distribution)
2025-09-09 10:09:57 ====
2025-09-09 10:09:57 Skipped test PKGS-7366 (Checking for debsecan utility)
2025-09-09 10:09:57 Reason to skip: Prerequisites not met (ie missing tool, other type of Linux distribution)
2025-09-09 10:09:57 ====
2025-09-09 10:09:57 Performing test ID PKGS-7370 (Checking for debsums utility)
2025-09-09 10:09:57 Result: debsums utility is installed
2025-09-09 10:09:57 Hardening: assigned maximum number of hardening points for this item (1). Currently having 123 points (out of 160)
2025-09-09 10:09:57 Result: Cron job is configured for debsums utility.
2025-09-09 10:09:57 Hardening: assigned maximum number of hardening points for this item (3). Currently having 126 points (out of 163)
2025-09-09 10:09:57 ====
2025-09-09 10:09:57 Skipped test PKGS-7378 (Query portmaster for port upgrades)
2025-09-09 10:09:57 Reason to skip: Prerequisites not met (ie missing tool, other type of Linux distribution)
2025-09-09 10:09:57 ====
2025-09-09 10:09:57 Skipped test PKGS-7380 (Check for vulnerable NetBSD packages)
2025-09-09 10:09:57 Reason to skip: Incorrect guest OS (NetBSD only)
2025-09-09 10:09:57 ====
2025-09-09 10:09:57 Skipped test PKGS-7381 (Check for vulnerable FreeBSD packages with pkg)
2025-09-09 10:09:57 Reason to skip: pkg tool not available
2025-09-09 10:09:57 ====
2025-09-09 10:09:57 Skipped test PKGS-7382 (Check for vulnerable FreeBSD packages with portaudit)
2025-09-09 10:09:57 Reason to skip: Prerequisites not met (ie missing tool, other type of Linux distribution)
2025-09-09 10:09:57 ====
2025-09-09 10:09:57 Skipped test PKGS-7383 (Check for YUM package update management)
2025-09-09 10:09:57 Reason to skip: Prerequisites not met (ie missing tool, other type of Linux distribution)
2025-09-09 10:09:57 ====
2025-09-09 10:09:57 Skipped test PKGS-7384 (Check for YUM utils package)
2025-09-09 10:09:57 Reason to skip: Prerequisites not met (ie missing tool, other type of Linux distribution)
2025-09-09 10:09:57 ====
2025-09-09 10:09:57 Skipped test PKGS-7386 (Check for YUM security package)
2025-09-09 10:09:57 Reason to skip: Prerequisites not met (ie missing tool, other type of Linux distribution)
2025-09-09 10:09:57 ====
2025-09-09 10:09:57 Skipped test PKGS-7387 (Check for GPG signing in YUM security package)
2025-09-09 10:09:57 Reason to skip: Prerequisites not met (ie missing tool, other type of Linux distribution)
2025-09-09 10:09:57 ====
2025-09-09 10:09:57 Performing test ID PKGS-7388 (Check security repository in apt sources.list file)
2025-09-09 10:09:57 Searching for security.debian.org/security.ubuntu.com or security repositories in /etc/apt/sources.list file
2025-09-09 10:09:57 Result: Found security repository in /etc/apt/sources.list
2025-09-09 10:09:57 Output: deb http://security.debian.org/debian-security bookworm-security main contrib non-free non-free-firmware
2025-09-09 10:09:57 Output: deb-src http://security.debian.org/debian-security bookworm-security main contrib non-free non-free-firmware
2025-09-09 10:09:57 Searching for security.debian.org/security.ubuntu.com or security repositories in /etc/apt/sources.list.d directory
2025-09-09 10:09:57 Result: security repository was found
2025-09-09 10:09:57 Hardening: assigned maximum number of hardening points for this item (3). Currently having 129 points (out of 166)
2025-09-09 10:09:57 ====
2025-09-09 10:09:57 Performing test ID PKGS-7390 (Check Ubuntu database consistency)
2025-09-09 10:09:57 Test: Package database consistency by running apt-get check
2025-09-09 10:09:57 Result: package database seems to be consistent.
2025-09-09 10:09:57 ====
2025-09-09 10:09:57 Performing test ID PKGS-7392 (Check for Debian/Ubuntu security updates)
2025-09-09 10:09:57 Action: updating package repository with apt-get
2025-09-09 10:09:59 Result: apt-get finished
2025-09-09 10:09:59 Test: Checking if /usr/lib/update-notifier/apt-check exists
2025-09-09 10:09:59 Result: apt-check (update-notifier-common) not found
2025-09-09 10:09:59 Result: test not fully executed (missing apt-check output)
2025-09-09 10:09:59 ====
2025-09-09 10:09:59 Skipped test PKGS-7393 (Check for Gentoo vulnerable packages)
2025-09-09 10:09:59 Reason to skip: Prerequisites not met (ie missing tool, other type of Linux distribution)
2025-09-09 10:09:59 ====
2025-09-09 10:09:59 Performing test ID PKGS-7394 (Check for Ubuntu updates)
2025-09-09 10:09:59 Test: checking /usr/bin/apt-show-versions
2025-09-09 10:09:59 Result: /usr/bin/apt-show-versions not found
2025-09-09 10:09:59 Suggestion: Install package apt-show-versions for patch management purposes [test:PKGS-7394] [details:-] [solution:-]
2025-09-09 10:09:59 ====
2025-09-09 10:09:59 Skipped test PKGS-7395 (Check for Alpine updates)
2025-09-09 10:09:59 Reason to skip: Prerequisites not met (ie missing tool, other type of Linux distribution)
2025-09-09 10:09:59 ====
2025-09-09 10:09:59 Performing test ID PKGS-7398 (Check for package audit tool)
2025-09-09 10:09:59 Test: checking for package audit tool
2025-09-09 10:09:59 Result: found package audit tool: apt-get
2025-09-09 10:09:59 ====
2025-09-09 10:09:59 Performing test ID PKGS-7410 (Count installed kernel packages)
2025-09-09 10:09:59 Test: Checking how many kernel packages are installed
2025-09-09 10:09:59 Result: found 4 kernel packages on the system, which is fine
2025-09-09 10:09:59 ====
2025-09-09 10:09:59 Performing test ID PKGS-7420 (Detect toolkit to automatically download and apply upgrades)
2025-09-09 10:09:59 Result: found unattended-upgrade
2025-09-09 10:09:59 Hardening: assigned maximum number of hardening points for this item (5). Currently having 134 points (out of 171)
2025-09-09 10:09:59 Security check: file is normal
2025-09-09 10:09:59 Checking permissions of /usr/share/lynis/include/tests_networking
2025-09-09 10:09:59 File permissions are OK
2025-09-09 10:09:59 ====
2025-09-09 10:09:59 Action: Performing tests from category: Networking
2025-09-09 10:09:59 ====
2025-09-09 10:09:59 Performing test ID NETW-2400 (Hostname length and value check)
2025-09-09 10:09:59 Result: FQDN is defined and not longer than 253 characters (6 characters)
2025-09-09 10:09:59 Result: hostnamed is defined and not longer than 63 characters
2025-09-09 10:09:59 Result: good, no unexpected characters discovered in hostname
2025-09-09 10:09:59 ====
2025-09-09 10:09:59 Performing test ID NETW-2600 (Checking IPv6 configuration)
2025-09-09 10:10:00 Result: IPV6 mode is auto
2025-09-09 10:10:00 Result: IPv6 only configuration: NO
2025-09-09 10:10:00 ====
2025-09-09 10:10:00 Performing test ID NETW-2704 (Basic nameserver configuration tests)
2025-09-09 10:10:00 Test: Checking /etc/resolv.conf file
2025-09-09 10:10:00 Result: Found /etc/resolv.conf file
2025-09-09 10:10:00 Test: Querying nameservers
2025-09-09 10:10:00 Found nameserver: 192.168.1.1
2025-09-09 10:10:00 Result: Nameserver test for 192.168.1.1 skipped, 'dig' not installed
2025-09-09 10:10:00 ====
2025-09-09 10:10:00 Performing test ID NETW-2705 (Check availability two nameservers)
2025-09-09 10:10:00 Result: dig not installed, test can't be fully performed
2025-09-09 10:10:00 ====
2025-09-09 10:10:00 Skipped test NETW-2706 (Check systemd-resolved and upstream DNSSEC status)
2025-09-09 10:10:00 Reason to skip: Prerequisites not met (ie missing tool, other type of Linux distribution)
2025-09-09 10:10:00 Result: Test most likely skipped due to not having resolvectl
2025-09-09 10:10:00 ====
2025-09-09 10:10:00 Performing test ID NETW-3001 (Find default gateway (route))
2025-09-09 10:10:00 Test: Searching default gateway(s)
2025-09-09 10:10:00 Result: Found default gateway 10.0.2.2
2025-09-09 10:10:00 ====
2025-09-09 10:10:00 Performing test ID NETW-3004 (Search for available network interfaces)
2025-09-09 10:10:00 Found network interface: lo
2025-09-09 10:10:00 Found network interface: enp0s3
2025-09-09 10:10:00 ====
2025-09-09 10:10:00 Performing test ID NETW-3006 (Get network MAC addresses)
2025-09-09 10:10:00 Found MAC address: 08:00:27:0f:8e:60
2025-09-09 10:10:00 ====
2025-09-09 10:10:00 Performing test ID NETW-3008 (Get network IP addresses)
2025-09-09 10:10:00 Found IPv4 address: 10.0.2.15
2025-09-09 10:10:00 Found IPv4 address: 127.0.0.1
2025-09-09 10:10:00 Found IPv6 address: fe80::a00:27ff:fe0f:8e60
2025-09-09 10:10:00 Found IPv6 address: ::1
2025-09-09 10:10:00 ====
2025-09-09 10:10:00 Performing test ID NETW-3012 (Check listening ports)
2025-09-09 10:10:00 Test: Retrieving ss information to find listening ports
2025-09-09 10:10:00 ====
2025-09-09 10:10:00 Skipped test NETW-3014 (Checking promiscuous interfaces (BSD))
2025-09-09 10:10:00 Reason to skip: Prerequisites not met (ie missing tool, other type of Linux distribution)
2025-09-09 10:10:00 ====
2025-09-09 10:10:00 Performing test ID NETW-3015 (Checking promiscuous interfaces (Linux))
2025-09-09 10:10:00 Test: Using ip binary to retrieve network interfaces
2025-09-09 10:10:00 Test: Checking all interfaces to discover any with promiscuous mode enabled
2025-09-09 10:10:00 Result: No promiscuous interfaces found
2025-09-09 10:10:00 ====
2025-09-09 10:10:00 Performing test ID NETW-3028 (Checking connections in WAIT state)
2025-09-09 10:10:00 Test: Using netstat for check for connections in WAIT state
2025-09-09 10:10:00 Result: currently 4 connections are in a waiting state (max configured: 5000).
2025-09-09 10:10:00 Result: 4 connections are in WAIT state
2025-09-09 10:10:00 ====
2025-09-09 10:10:00 Performing test ID NETW-3030 (Checking DHCP client status)
2025-09-09 10:10:00 Performing pgrep scan without uid
2025-09-09 10:10:00 IsRunning: process 'dhclient' not found
2025-09-09 10:10:00 Performing pgrep scan without uid
2025-09-09 10:10:00 IsRunning: process 'dhcpcd' not found
2025-09-09 10:10:00 Performing pgrep scan without uid
2025-09-09 10:10:00 IsRunning: process 'udhcpc' not found
2025-09-09 10:10:00 ====
2025-09-09 10:10:00 Performing test ID NETW-3032 (Checking for ARP monitoring software)
2025-09-09 10:10:00 Performing pgrep scan without uid
2025-09-09 10:10:00 IsRunning: process 'addrwatch' not found
2025-09-09 10:10:00 Performing pgrep scan without uid
2025-09-09 10:10:00 IsRunning: process 'arpwatch' not found
2025-09-09 10:10:00 Performing pgrep scan without uid
2025-09-09 10:10:00 IsRunning: process 'arpon' not found
2025-09-09 10:10:00 ====
2025-09-09 10:10:00 Performing test ID NETW-3200 (Determine available network protocols)
2025-09-09 10:10:00 Test: checking the status of some network protocols that typically are not used
2025-09-09 10:10:00 Test: now checking module 'dccp'
2025-09-09 10:10:00 Suggestion: Determine if protocol 'dccp' is really needed on this system [test:NETW-3200] [details:-] [solution:-]
2025-09-09 10:10:00 Test: now checking module 'sctp'
2025-09-09 10:10:00 Suggestion: Determine if protocol 'sctp' is really needed on this system [test:NETW-3200] [details:-] [solution:-]
2025-09-09 10:10:00 Test: now checking module 'rds'
2025-09-09 10:10:00 Suggestion: Determine if protocol 'rds' is really needed on this system [test:NETW-3200] [details:-] [solution:-]
2025-09-09 10:10:00 Test: now checking module 'tipc'
2025-09-09 10:10:00 Suggestion: Determine if protocol 'tipc' is really needed on this system [test:NETW-3200] [details:-] [solution:-]
2025-09-09 10:10:00 Security check: file is normal
2025-09-09 10:10:00 Checking permissions of /usr/share/lynis/include/tests_printers_spoolers
2025-09-09 10:10:00 File permissions are OK
2025-09-09 10:10:00 ====
2025-09-09 10:10:00 Action: Performing tests from category: Printers and Spools
2025-09-09 10:10:00 ====
2025-09-09 10:10:00 Skipped test PRNT-2302 (Check for printcap consistency)
2025-09-09 10:10:00 Reason to skip: Incorrect guest OS (FreeBSD only)
2025-09-09 10:10:00 ====
2025-09-09 10:10:00 Performing test ID PRNT-2304 (Check cupsd status)
2025-09-09 10:10:00 Test: Checking cupsd status
2025-09-09 10:10:00 Performing pgrep scan without uid
2025-09-09 10:10:00 IsRunning: process 'cupsd' found (679 )
2025-09-09 10:10:00 Result: cups daemon running
2025-09-09 10:10:00 ====
2025-09-09 10:10:00 Performing test ID PRNT-2306 (Check CUPSd configuration file)
2025-09-09 10:10:00 Test: Searching cupsd configuration file
2025-09-09 10:10:00 Test: check if we can access /etc/cups/cupsd.conf (escaped: /etc/cups/cupsd.conf)
2025-09-09 10:10:00 Result: file is owned by our current user ID (0), checking if it is readable
2025-09-09 10:10:00 Result: file /etc/cups/cupsd.conf is readable (or directory accessible).
2025-09-09 10:10:00 Result: found /etc/cups/cupsd.conf
2025-09-09 10:10:00 Result: configuration file found (/etc/cups/cupsd.conf)
2025-09-09 10:10:00 ====
2025-09-09 10:10:00 Performing test ID PRNT-2307 (Check CUPSd configuration file permissions)
2025-09-09 10:10:00 Test: Checking CUPS configuration file permissions
2025-09-09 10:10:00 Result: found rw-r--r--
2025-09-09 10:10:00 Suggestion: Access to CUPS configuration could be more strict. [test:PRNT-2307] [details:-] [solution:-]
2025-09-09 10:10:00 Hardening: assigned partial number of hardening points (1 of 2). Currently having 135 points (out of 173)
2025-09-09 10:10:00 ====
2025-09-09 10:10:00 Performing test ID PRNT-2308 (Check CUPSd network configuration)
2025-09-09 10:10:00 Test: Checking CUPS daemon listening network addresses
2025-09-09 10:10:00 Result: found network address: localhost:631
2025-09-09 10:10:00 Result: CUPS daemon only running on localhost
2025-09-09 10:10:00 Hardening: assigned maximum number of hardening points for this item (2). Currently having 137 points (out of 175)
2025-09-09 10:10:00 Test: Checking cups daemon listening sockets
2025-09-09 10:10:00 Found socket address: /run/cups/cups.sock
2025-09-09 10:10:00 Result: CUPS daemon is listening on network/socket
2025-09-09 10:10:00 ====
2025-09-09 10:10:00 Performing test ID PRNT-2314 (Check lpd status)
2025-09-09 10:10:00 Test: Checking lpd status
2025-09-09 10:10:00 Performing pgrep scan without uid
2025-09-09 10:10:00 IsRunning: process 'lpd' not found
2025-09-09 10:10:00 Result: lp daemon not running
2025-09-09 10:10:00 Hardening: assigned maximum number of hardening points for this item (4). Currently having 141 points (out of 179)
2025-09-09 10:10:00 ====
2025-09-09 10:10:00 Skipped test PRNT-2316 (Checking /etc/qconfig file)
2025-09-09 10:10:00 Reason to skip: Incorrect guest OS (AIX only)
2025-09-09 10:10:00 ====
2025-09-09 10:10:00 Skipped test PRNT-2418 (Checking qdaemon printer spooler status)
2025-09-09 10:10:00 Reason to skip: Incorrect guest OS (AIX only)
2025-09-09 10:10:00 ====
2025-09-09 10:10:00 Skipped test PRNT-2420 (Checking old print jobs)
2025-09-09 10:10:00 Reason to skip: Incorrect guest OS (AIX only)
2025-09-09 10:10:00 Security check: file is normal
2025-09-09 10:10:00 Checking permissions of /usr/share/lynis/include/tests_mail_messaging
2025-09-09 10:10:00 File permissions are OK
2025-09-09 10:10:00 ====
2025-09-09 10:10:00 Action: Performing tests from category: Software: e-mail and messaging
2025-09-09 10:10:00 ====
2025-09-09 10:10:00 Performing test ID MAIL-8802 (Check Exim status)
2025-09-09 10:10:00 Test: check Exim status
2025-09-09 10:10:00 Performing pgrep scan without uid
2025-09-09 10:10:00 IsRunning: process 'exim4' found (1239 )
2025-09-09 10:10:00 Result: found running Exim process
2025-09-09 10:10:00 ====
2025-09-09 10:10:00 Performing test ID MAIL-8804 (Exim configuration options)
2025-09-09 10:10:00 Test: Exim configuration options
2025-09-09 10:10:00 Result: Exim Type - LOCAL ONLY
2025-09-09 10:10:00 ====
2025-09-09 10:10:00 Performing test ID MAIL-8814 (Check postfix process status)
2025-09-09 10:10:00 Test: check Postfix status
2025-09-09 10:10:00 Result: no running Postfix processes found
2025-09-09 10:10:00 ====
2025-09-09 10:10:00 Skipped test MAIL-8816 (Check Postfix configuration)
2025-09-09 10:10:00 Reason to skip: Prerequisites not met (ie missing tool, other type of Linux distribution)
2025-09-09 10:10:00 ====
2025-09-09 10:10:00 Skipped test MAIL-8817 (Check Postfix configuration errors)
2025-09-09 10:10:00 Reason to skip: Prerequisites not met (ie missing tool, other type of Linux distribution)
2025-09-09 10:10:00 ====
2025-09-09 10:10:00 Skipped test MAIL-8818 (Check Postfix configuration: banner)
2025-09-09 10:10:00 Reason to skip: Prerequisites not met (ie missing tool, other type of Linux distribution)
2025-09-09 10:10:00 ====
2025-09-09 10:10:00 Performing test ID MAIL-8820 (Postfix configuration scan)
2025-09-09 10:10:00 ====
2025-09-09 10:10:00 Performing test ID MAIL-8838 (Check dovecot process)
2025-09-09 10:10:00 Test: check dovecot status
2025-09-09 10:10:00 Performing pgrep scan without uid
2025-09-09 10:10:00 IsRunning: process 'dovecot' not found
2025-09-09 10:10:00 Result: dovecot not found
2025-09-09 10:10:00 ====
2025-09-09 10:10:00 Performing test ID MAIL-8860 (Check Qmail status)
2025-09-09 10:10:00 Test: check Qmail status
2025-09-09 10:10:00 Performing pgrep scan without uid
2025-09-09 10:10:01 IsRunning: process 'qmail-smtpd' not found
2025-09-09 10:10:01 Result: no running Qmail processes found
2025-09-09 10:10:01 ====
2025-09-09 10:10:01 Performing test ID MAIL-8880 (Check Sendmail status)
2025-09-09 10:10:01 Test: check sendmail status
2025-09-09 10:10:01 Performing pgrep scan without uid
2025-09-09 10:10:01 IsRunning: process 'sendmail' not found
2025-09-09 10:10:01 Result: no running Sendmail processes found
2025-09-09 10:10:01 ====
2025-09-09 10:10:01 Skipped test MAIL-8920 (Check OpenSMTPD status)
2025-09-09 10:10:01 Reason to skip: Prerequisites not met (ie missing tool, other type of Linux distribution)
2025-09-09 10:10:01 Security check: file is normal
2025-09-09 10:10:01 Checking permissions of /usr/share/lynis/include/tests_firewalls
2025-09-09 10:10:01 File permissions are OK
2025-09-09 10:10:01 ====
2025-09-09 10:10:01 Action: Performing tests from category: Software: firewalls
2025-09-09 10:10:01 ====
2025-09-09 10:10:01 Performing test ID FIRE-4502 (Check iptables kernel module)
2025-09-09 10:10:01 Result: Found iptables in loaded kernel modules
2025-09-09 10:10:01 Found module: ip_tables
2025-09-09 10:10:01 ====
2025-09-09 10:10:01 Performing test ID FIRE-4508 (Check used policies of iptables chains)
2025-09-09 10:10:01 Test: gathering information from table filter
2025-09-09 10:10:01 Result: iptables    --  policy is .
2025-09-09 10:10:01 Result: 
2025-09-09 10:10:01 Result: iptables  filter  -- INPUTDROPFORWARDDROPOUTPUTACCEPTADDRTYPEBROADCASTLOGLOGUFWBLOCKLOGLOGUFWBLOCKACCEPTRELATEDESTABLISHEDACCEPTACCEPTACCEPTACCEPTACCEPTACCEPTRELATEDESTABLISHEDINVALIDDROPINVALIDACCEPTACCEPTACCEPTACCEPTACCEPTACCEPTACCEPTACCEPTACCEPTRELATEDESTABLISHEDLOGLOGUFWALLOWRETURNINVALIDLOGLOGUFWBLOCKRETURNADDRTYPELOCALRETURNADDRTYPEMULTICASTRETURNADDRTYPEBROADCASTDROPDROPDROPACCEPTACCEPTNEWACCEPTNEWACCEPTLOGLOGUFWLIMITBLOCKREJECTACCEPTACCEPTACCEPTACCEPTACCEPTACCEPTACCEPTACCEPT policy is .
2025-09-09 10:10:01 Result: 
2025-09-09 10:10:01 ====
2025-09-09 10:10:01 Performing test ID FIRE-4512 (Check iptables for empty ruleset)
2025-09-09 10:10:01 Result: one or more rules are available (73 rules)
2025-09-09 10:10:01 ====
2025-09-09 10:10:01 Skipped test FIRE-4513 (Check iptables for unused rules)
2025-09-09 10:10:01 Reason to skip: Skipped by profile setting (skip-test)
2025-09-09 10:10:01 ====
2025-09-09 10:10:01 Skipped test FIRE-4518 (Check pf firewall components)
2025-09-09 10:10:01 Reason to skip: No /dev/pf device
2025-09-09 10:10:01 ====
2025-09-09 10:10:01 Skipped test FIRE-4520 (Check pf configuration consistency)
2025-09-09 10:10:01 Reason to skip: Prerequisites not met (ie missing tool, other type of Linux distribution)
2025-09-09 10:10:01 ====
2025-09-09 10:10:01 Skipped test FIRE-4524 (Check for CSF presence)
2025-09-09 10:10:01 Reason to skip: Skipped by profile setting (skip-test)
2025-09-09 10:10:01 ====
2025-09-09 10:10:01 Skipped test FIRE-4526 (Check ipf status)
2025-09-09 10:10:01 Reason to skip: Incorrect guest OS (Solaris only)
2025-09-09 10:10:01 ====
2025-09-09 10:10:01 Skipped test FIRE-4530 (Check IPFW status)
2025-09-09 10:10:01 Reason to skip: Incorrect guest OS (FreeBSD only)
2025-09-09 10:10:01 ====
2025-09-09 10:10:01 Skipped test FIRE-4532 (Check macOS application firewall)
2025-09-09 10:10:01 Reason to skip: Incorrect guest OS (macOS only)
2025-09-09 10:10:01 ====
2025-09-09 10:10:01 Skipped test FIRE-4534 (Check for presence of outbound firewalls on macOS)
2025-09-09 10:10:01 Reason to skip: Incorrect guest OS (macOS only)
2025-09-09 10:10:01 ====
2025-09-09 10:10:01 Performing test ID FIRE-4536 (Check nftables status)
2025-09-09 10:10:01 Result: found nftables kernel module
2025-09-09 10:10:01 ====
2025-09-09 10:10:01 Performing test ID FIRE-4538 (Check nftables basic configuration)
2025-09-09 10:10:01 Result: found version 1.0.6 of nft
2025-09-09 10:10:01 ====
2025-09-09 10:10:01 Performing test ID FIRE-4540 (Check for empty nftables configuration)
2025-09-09 10:10:01 Result: found 186 rules in nftables configuration
2025-09-09 10:10:01 ====
2025-09-09 10:10:01 Performing test ID FIRE-4586 (Check firewall logging)
2025-09-09 10:10:01 ====
2025-09-09 10:10:01 Performing test ID FIRE-4590 (Check firewall status)
2025-09-09 10:10:01 Result: host based firewall or packet filter is active
2025-09-09 10:10:01 Hardening: assigned maximum number of hardening points for this item (5). Currently having 146 points (out of 184)
2025-09-09 10:10:01 ====
2025-09-09 10:10:01 Performing test ID FIRE-4594 (Check for APF presence)
2025-09-09 10:10:01 Test: check /etc/apf/conf.apf
2025-09-09 10:10:01 Result: /etc/apf/conf.apf does NOT exist
2025-09-09 10:10:01 Security check: file is normal
2025-09-09 10:10:01 Checking permissions of /usr/share/lynis/include/tests_webservers
2025-09-09 10:10:01 File permissions are OK
2025-09-09 10:10:01 ====
2025-09-09 10:10:01 Action: Performing tests from category: Software: webserver
2025-09-09 10:10:01 Action: created temporary file /tmp/lynis.vHwQ3iB88v
2025-09-09 10:10:01 Action: created temporary file /tmp/lynis.MwvHXtWKKo
2025-09-09 10:10:01 ====
2025-09-09 10:10:01 Performing test ID HTTP-6622 (Checking Apache presence)
2025-09-09 10:10:01 ====
2025-09-09 10:10:01 Skipped test HTTP-6624 (Testing main Apache configuration file)
2025-09-09 10:10:01 Reason to skip: Prerequisites not met (ie missing tool, other type of Linux distribution)
2025-09-09 10:10:01 ====
2025-09-09 10:10:01 Skipped test HTTP-6626 (Testing other Apache configuration file)
2025-09-09 10:10:01 Reason to skip: Prerequisites not met (ie missing tool, other type of Linux distribution)
2025-09-09 10:10:01 ====
2025-09-09 10:10:01 Skipped test HTTP-6632 (Determining all available Apache modules)
2025-09-09 10:10:01 Reason to skip: Prerequisites not met (ie missing tool, other type of Linux distribution)
2025-09-09 10:10:01 ====
2025-09-09 10:10:01 Skipped test HTTP-6640 (Determining existence of specific Apache modules)
2025-09-09 10:10:01 Reason to skip: Prerequisites not met (ie missing tool, other type of Linux distribution)
2025-09-09 10:10:01 ====
2025-09-09 10:10:01 Skipped test HTTP-6641 (Determining existence of specific Apache modules)
2025-09-09 10:10:01 Reason to skip: Prerequisites not met (ie missing tool, other type of Linux distribution)
2025-09-09 10:10:01 ====
2025-09-09 10:10:01 Skipped test HTTP-6643 (Determining existence of specific Apache modules)
2025-09-09 10:10:01 Reason to skip: Prerequisites not met (ie missing tool, other type of Linux distribution)
2025-09-09 10:10:01 ====
2025-09-09 10:10:01 Performing test ID HTTP-6702 (Check nginx process)
2025-09-09 10:10:01 Test: searching running nginx process
2025-09-09 10:10:01 Performing pgrep scan without uid
2025-09-09 10:10:01 IsRunning: process 'nginx' not found
2025-09-09 10:10:01 Result: no running nginx process found
2025-09-09 10:10:01 ====
2025-09-09 10:10:01 Skipped test HTTP-6704 (Check nginx configuration file)
2025-09-09 10:10:01 Reason to skip: Prerequisites not met (ie missing tool, other type of Linux distribution)
2025-09-09 10:10:01 ====
2025-09-09 10:10:01 Skipped test HTTP-6706 (Check for additional nginx configuration files)
2025-09-09 10:10:01 Reason to skip: Prerequisites not met (ie missing tool, other type of Linux distribution)
2025-09-09 10:10:01 ====
2025-09-09 10:10:01 Skipped test HTTP-6708 (Check discovered nginx configuration settings)
2025-09-09 10:10:01 Reason to skip: Prerequisites not met (ie missing tool, other type of Linux distribution)
2025-09-09 10:10:01 ====
2025-09-09 10:10:01 Skipped test HTTP-6710 (Check nginx SSL configuration settings)
2025-09-09 10:10:01 Reason to skip: Prerequisites not met (ie missing tool, other type of Linux distribution)
2025-09-09 10:10:01 ====
2025-09-09 10:10:01 Skipped test HTTP-6712 (Check nginx access logging)
2025-09-09 10:10:01 Reason to skip: Prerequisites not met (ie missing tool, other type of Linux distribution)
2025-09-09 10:10:01 ====
2025-09-09 10:10:01 Skipped test HTTP-6714 (Check for missing error logs in nginx)
2025-09-09 10:10:01 Reason to skip: Prerequisites not met (ie missing tool, other type of Linux distribution)
2025-09-09 10:10:01 ====
2025-09-09 10:10:01 Skipped test HTTP-6716 (Check for debug mode on error log in nginx)
2025-09-09 10:10:01 Reason to skip: Prerequisites not met (ie missing tool, other type of Linux distribution)
2025-09-09 10:10:01 ====
2025-09-09 10:10:01 Skipped test HTTP-6720 (Check Nginx log files)
2025-09-09 10:10:01 Reason to skip: Prerequisites not met (ie missing tool, other type of Linux distribution)
2025-09-09 10:10:01 Security check: file is normal
2025-09-09 10:10:01 Checking permissions of /usr/share/lynis/include/tests_ssh
2025-09-09 10:10:01 File permissions are OK
2025-09-09 10:10:01 ====
2025-09-09 10:10:01 Action: Performing tests from category: SSH Support
2025-09-09 10:10:01 ====
2025-09-09 10:10:01 Performing test ID SSH-7402 (Check for running SSH daemon)
2025-09-09 10:10:01 Test: Searching for a SSH daemon
2025-09-09 10:10:01 Performing pgrep scan without uid
2025-09-09 10:10:01 IsRunning: process 'sshd' found (89179 )
2025-09-09 10:10:01 Action: created temporary file /tmp/lynis.XsvtyAS8u9
2025-09-09 10:10:01 ====
2025-09-09 10:10:01 Performing test ID SSH-7404 (Check SSH daemon file location)
2025-09-09 10:10:01 Test: searching for sshd_config file
2025-09-09 10:10:01 Result: /etc/ssh/sshd_config exists
2025-09-09 10:10:01 Test: check if we can access /etc/ssh/sshd_config (escaped: /etc/ssh/sshd_config)
2025-09-09 10:10:01 Result: file is owned by our current user ID (0), checking if it is readable
2025-09-09 10:10:01 Result: file /etc/ssh/sshd_config is readable (or directory accessible).
2025-09-09 10:10:01 Result: using last found configuration file: /etc/ssh/sshd_config
2025-09-09 10:10:01 ====
2025-09-09 10:10:01 Performing test ID SSH-7406 (Determine OpenSSH version)
2025-09-09 10:10:01 Result: discovered OpenSSH version is 9.2
2025-09-09 10:10:01 Result: OpenSSH major version: 9
2025-09-09 10:10:01 Result: OpenSSH minor version: 2
2025-09-09 10:10:01 ====
2025-09-09 10:10:01 Performing test ID SSH-7408 (Check SSH specific defined options)
2025-09-09 10:10:01 Test: Checking specific defined options in /tmp/lynis.XsvtyAS8u9
2025-09-09 10:10:01 Test: Checking AllowTcpForwarding in /tmp/lynis.XsvtyAS8u9
2025-09-09 10:10:01 Result: Option AllowTcpForwarding found
2025-09-09 10:10:01 Result: Option AllowTcpForwarding value is NO
2025-09-09 10:10:01 Result: OpenSSH option AllowTcpForwarding is configured very well
2025-09-09 10:10:01 Hardening: assigned maximum number of hardening points for this item (3). Currently having 149 points (out of 187)
2025-09-09 10:10:01 Test: Checking ClientAliveCountMax in /tmp/lynis.XsvtyAS8u9
2025-09-09 10:10:01 Result: Option ClientAliveCountMax found
2025-09-09 10:10:01 Result: Option ClientAliveCountMax value is 2
2025-09-09 10:10:01 Result: OpenSSH option ClientAliveCountMax is configured very well
2025-09-09 10:10:01 Hardening: assigned maximum number of hardening points for this item (3). Currently having 152 points (out of 190)
2025-09-09 10:10:01 Test: Checking ClientAliveInterval in /tmp/lynis.XsvtyAS8u9
2025-09-09 10:10:01 Result: Option ClientAliveInterval found
2025-09-09 10:10:01 Result: Option ClientAliveInterval value is 300
2025-09-09 10:10:01 Result: OpenSSH option ClientAliveInterval is configured very well
2025-09-09 10:10:01 Hardening: assigned maximum number of hardening points for this item (3). Currently having 155 points (out of 193)
2025-09-09 10:10:01 Test: Checking Compression in /tmp/lynis.XsvtyAS8u9
2025-09-09 10:10:01 Result: Option Compression found
2025-09-09 10:10:01 Result: Option Compression value is YES
2025-09-09 10:10:01 Result: OpenSSH option Compression is in a weak configuration state and should be fixed
2025-09-09 10:10:01 Suggestion: Consider hardening SSH configuration [test:SSH-7408] [details:Compression (set YES to NO)] [solution:-]
2025-09-09 10:10:01 Hardening: assigned partial number of hardening points (0 of 3). Currently having 155 points (out of 196)
2025-09-09 10:10:01 Test: Checking FingerprintHash in /tmp/lynis.XsvtyAS8u9
2025-09-09 10:10:01 Result: Option FingerprintHash found
2025-09-09 10:10:01 Result: Option FingerprintHash value is SHA256
2025-09-09 10:10:01 Result: OpenSSH option FingerprintHash is configured very well
2025-09-09 10:10:01 Hardening: assigned maximum number of hardening points for this item (3). Currently having 158 points (out of 199)
2025-09-09 10:10:01 Test: Checking GatewayPorts in /tmp/lynis.XsvtyAS8u9
2025-09-09 10:10:01 Result: Option GatewayPorts found
2025-09-09 10:10:01 Result: Option GatewayPorts value is NO
2025-09-09 10:10:01 Result: OpenSSH option GatewayPorts is configured very well
2025-09-09 10:10:01 Hardening: assigned maximum number of hardening points for this item (3). Currently having 161 points (out of 202)
2025-09-09 10:10:01 Test: Checking IgnoreRhosts in /tmp/lynis.XsvtyAS8u9
2025-09-09 10:10:01 Result: Option IgnoreRhosts found
2025-09-09 10:10:01 Result: Option IgnoreRhosts value is YES
2025-09-09 10:10:01 Result: OpenSSH option IgnoreRhosts is configured very well
2025-09-09 10:10:01 Hardening: assigned maximum number of hardening points for this item (3). Currently having 164 points (out of 205)
2025-09-09 10:10:01 Test: Checking LoginGraceTime in /tmp/lynis.XsvtyAS8u9
2025-09-09 10:10:01 Result: Option LoginGraceTime found
2025-09-09 10:10:01 Result: Option LoginGraceTime value is 120
2025-09-09 10:10:01 Result: OpenSSH option LoginGraceTime is configured very well
2025-09-09 10:10:01 Hardening: assigned maximum number of hardening points for this item (3). Currently having 167 points (out of 208)
2025-09-09 10:10:01 Test: Checking LogLevel in /tmp/lynis.XsvtyAS8u9
2025-09-09 10:10:01 Result: Option LogLevel found
2025-09-09 10:10:01 Result: Option LogLevel value is INFO
2025-09-09 10:10:01 Result: OpenSSH option LogLevel is configured reasonably
2025-09-09 10:10:01 Suggestion: Consider hardening SSH configuration [test:SSH-7408] [details:LogLevel (set INFO to VERBOSE)] [solution:-]
2025-09-09 10:10:01 Hardening: assigned partial number of hardening points (1 of 3). Currently having 168 points (out of 211)
2025-09-09 10:10:01 Test: Checking MaxAuthTries in /tmp/lynis.XsvtyAS8u9
2025-09-09 10:10:01 Result: Option MaxAuthTries found
2025-09-09 10:10:01 Result: Option MaxAuthTries value is 3
2025-09-09 10:10:01 Result: OpenSSH option MaxAuthTries is configured very well
2025-09-09 10:10:01 Hardening: assigned maximum number of hardening points for this item (3). Currently having 171 points (out of 214)
2025-09-09 10:10:01 Test: Checking MaxSessions in /tmp/lynis.XsvtyAS8u9
2025-09-09 10:10:01 Result: Option MaxSessions found
2025-09-09 10:10:01 Result: Option MaxSessions value is 2
2025-09-09 10:10:01 Result: OpenSSH option MaxSessions is configured very well
2025-09-09 10:10:01 Hardening: assigned maximum number of hardening points for this item (3). Currently having 174 points (out of 217)
2025-09-09 10:10:01 Test: Checking PermitRootLogin in /tmp/lynis.XsvtyAS8u9
2025-09-09 10:10:01 Result: Option PermitRootLogin found
2025-09-09 10:10:01 Result: Option PermitRootLogin value is NO
2025-09-09 10:10:01 Expected value has multiple values, testing if active value is in list ((FORCED-COMMANDS-ONLY|NO|PROHIBIT-PASSWORD|WITHOUT-PASSWORD))
2025-09-09 10:10:01 Result: found
2025-09-09 10:10:01 Result: OpenSSH option PermitRootLogin is configured very well
2025-09-09 10:10:01 Hardening: assigned maximum number of hardening points for this item (3). Currently having 177 points (out of 220)
2025-09-09 10:10:01 Test: Checking PermitUserEnvironment in /tmp/lynis.XsvtyAS8u9
2025-09-09 10:10:01 Result: Option PermitUserEnvironment found
2025-09-09 10:10:01 Result: Option PermitUserEnvironment value is NO
2025-09-09 10:10:01 Result: OpenSSH option PermitUserEnvironment is configured very well
2025-09-09 10:10:01 Hardening: assigned maximum number of hardening points for this item (3). Currently having 180 points (out of 223)
2025-09-09 10:10:01 Test: Checking PermitTunnel in /tmp/lynis.XsvtyAS8u9
2025-09-09 10:10:01 Result: Option PermitTunnel found
2025-09-09 10:10:01 Result: Option PermitTunnel value is NO
2025-09-09 10:10:01 Result: OpenSSH option PermitTunnel is configured very well
2025-09-09 10:10:01 Hardening: assigned maximum number of hardening points for this item (3). Currently having 183 points (out of 226)
2025-09-09 10:10:01 Test: Checking Port in /tmp/lynis.XsvtyAS8u9
2025-09-09 10:10:01 Result: Option Port found
2025-09-09 10:10:01 Result: Option Port value is 22
2025-09-09 10:10:01 Result: OpenSSH option Port is in a weak configuration state and should be fixed
2025-09-09 10:10:01 Suggestion: Consider hardening SSH configuration [test:SSH-7408] [details:Port (set 22 to )] [solution:-]
2025-09-09 10:10:01 Hardening: assigned partial number of hardening points (0 of 3). Currently having 183 points (out of 229)
2025-09-09 10:10:01 Test: Checking PrintLastLog in /tmp/lynis.XsvtyAS8u9
2025-09-09 10:10:01 Result: Option PrintLastLog found
2025-09-09 10:10:01 Result: Option PrintLastLog value is YES
2025-09-09 10:10:01 Result: OpenSSH option PrintLastLog is configured very well
2025-09-09 10:10:01 Hardening: assigned maximum number of hardening points for this item (3). Currently having 186 points (out of 232)
2025-09-09 10:10:01 Test: Checking StrictModes in /tmp/lynis.XsvtyAS8u9
2025-09-09 10:10:01 Result: Option StrictModes found
2025-09-09 10:10:01 Result: Option StrictModes value is YES
2025-09-09 10:10:01 Result: OpenSSH option StrictModes is configured very well
2025-09-09 10:10:01 Hardening: assigned maximum number of hardening points for this item (3). Currently having 189 points (out of 235)
2025-09-09 10:10:01 Test: Checking TCPKeepAlive in /tmp/lynis.XsvtyAS8u9
2025-09-09 10:10:01 Result: Option TCPKeepAlive found
2025-09-09 10:10:01 Result: Option TCPKeepAlive value is YES
2025-09-09 10:10:01 Result: OpenSSH option TCPKeepAlive is in a weak configuration state and should be fixed
2025-09-09 10:10:01 Suggestion: Consider hardening SSH configuration [test:SSH-7408] [details:TCPKeepAlive (set YES to NO)] [solution:-]
2025-09-09 10:10:01 Hardening: assigned partial number of hardening points (0 of 3). Currently having 189 points (out of 238)
2025-09-09 10:10:01 Test: Checking UseDNS in /tmp/lynis.XsvtyAS8u9
2025-09-09 10:10:01 Result: Option UseDNS found
2025-09-09 10:10:01 Result: Option UseDNS value is NO
2025-09-09 10:10:01 Result: OpenSSH option UseDNS is configured very well
2025-09-09 10:10:01 Hardening: assigned maximum number of hardening points for this item (3). Currently having 192 points (out of 241)
2025-09-09 10:10:01 Test: Checking X11Forwarding in /tmp/lynis.XsvtyAS8u9
2025-09-09 10:10:01 Result: Option X11Forwarding found
2025-09-09 10:10:01 Result: Option X11Forwarding value is NO
2025-09-09 10:10:01 Result: OpenSSH option X11Forwarding is configured very well
2025-09-09 10:10:01 Hardening: assigned maximum number of hardening points for this item (3). Currently having 195 points (out of 244)
2025-09-09 10:10:01 Test: Checking AllowAgentForwarding in /tmp/lynis.XsvtyAS8u9
2025-09-09 10:10:01 Result: Option AllowAgentForwarding found
2025-09-09 10:10:01 Result: Option AllowAgentForwarding value is NO
2025-09-09 10:10:01 Result: OpenSSH option AllowAgentForwarding is configured very well
2025-09-09 10:10:01 Hardening: assigned maximum number of hardening points for this item (3). Currently having 198 points (out of 247)
2025-09-09 10:10:01 ====
2025-09-09 10:10:01 Performing test ID SSH-7440 (Check OpenSSH option: AllowUsers and AllowGroups)
2025-09-09 10:10:01 Result: AllowUsers is not set
2025-09-09 10:10:01 Result: AllowUsers set ssh-users
sudo
2025-09-09 10:10:01 Result: SSH is limited to a specific set of users, which is good
2025-09-09 10:10:01 Hardening: assigned maximum number of hardening points for this item (2). Currently having 200 points (out of 249)
2025-09-09 10:10:01 Security check: file is normal
2025-09-09 10:10:01 Checking permissions of /usr/share/lynis/include/tests_snmp
2025-09-09 10:10:01 File permissions are OK
2025-09-09 10:10:01 ====
2025-09-09 10:10:01 Action: Performing tests from category: SNMP Support
2025-09-09 10:10:01 ====
2025-09-09 10:10:01 Performing test ID SNMP-3302 (Check for running SNMP daemon)
2025-09-09 10:10:01 Test: Searching for a SNMP daemon
2025-09-09 10:10:01 Performing pgrep scan without uid
2025-09-09 10:10:01 IsRunning: process 'snmpd' not found
2025-09-09 10:10:01 Result: No running SNMP daemon found
2025-09-09 10:10:01 ====
2025-09-09 10:10:01 Skipped test SNMP-3304 (Check SNMP daemon file location)
2025-09-09 10:10:01 Reason to skip: Prerequisites not met (ie missing tool, other type of Linux distribution)
2025-09-09 10:10:01 ====
2025-09-09 10:10:01 Skipped test SNMP-3306 (Check SNMP communities)
2025-09-09 10:10:01 Reason to skip: Prerequisites not met (ie missing tool, other type of Linux distribution)
2025-09-09 10:10:01 Security check: file is normal
2025-09-09 10:10:01 Checking permissions of /usr/share/lynis/include/tests_databases
2025-09-09 10:10:01 File permissions are OK
2025-09-09 10:10:01 ====
2025-09-09 10:10:01 Action: Performing tests from category: Databases
2025-09-09 10:10:01 ====
2025-09-09 10:10:01 Performing test ID DBS-1804 (Checking active MySQL process)
2025-09-09 10:10:01 Result: MySQL process not active
2025-09-09 10:10:01 ====
2025-09-09 10:10:01 Skipped test DBS-1816 (Checking MySQL root password)
2025-09-09 10:10:01 Reason to skip: MySQL not installed, or not running
2025-09-09 10:10:01 Test skipped, MySQL daemon not running or no MySQL client available
2025-09-09 10:10:01 ====
2025-09-09 10:10:01 Performing test ID DBS-1818 (Check status of MongoDB server)
2025-09-09 10:10:01 Performing pgrep scan without uid
2025-09-09 10:10:02 IsRunning: process 'mongod' not found
2025-09-09 10:10:02 ====
2025-09-09 10:10:02 Performing test ID DBS-1820 (Check for authorization in MongoDB)
2025-09-09 10:10:02 ====
2025-09-09 10:10:02 Performing test ID DBS-1826 (Checking active PostgreSQL processes)
2025-09-09 10:10:02 Performing pgrep scan without uid
2025-09-09 10:10:02 IsRunning: process 'postgres' not found
2025-09-09 10:10:02 Result: PostgreSQL process not active
2025-09-09 10:10:02 ====
2025-09-09 10:10:02 Skipped test DBS-1828 (Test PostgreSQL configuration)
2025-09-09 10:10:02 Reason to skip: Prerequisites not met (ie missing tool, other type of Linux distribution)
2025-09-09 10:10:02 ====
2025-09-09 10:10:02 Performing test ID DBS-1840 (Checking active Oracle processes)
2025-09-09 10:10:02 Result: Oracle process(es) not active
2025-09-09 10:10:02 ====
2025-09-09 10:10:02 Performing test ID DBS-1860 (Checking active DB2 instances)
2025-09-09 10:10:02 Performing pgrep scan without uid
2025-09-09 10:10:02 IsRunning: process 'db2sysc' not found
2025-09-09 10:10:02 Result: No DB2 instances are running
2025-09-09 10:10:02 ====
2025-09-09 10:10:02 Performing test ID DBS-1880 (Check for active Redis server)
2025-09-09 10:10:02 Performing pgrep scan without uid
2025-09-09 10:10:02 IsRunning: process 'redis-server' not found
2025-09-09 10:10:02 Result: No Redis processes are running
2025-09-09 10:10:02 ====
2025-09-09 10:10:02 Skipped test DBS-1882 (Redis configuration file)
2025-09-09 10:10:02 Reason to skip: Redis not running
2025-09-09 10:10:02 ====
2025-09-09 10:10:02 Skipped test DBS-1884 (Redis: requirepass option configured)
2025-09-09 10:10:02 Reason to skip: Redis not running, or no configuration file found
2025-09-09 10:10:02 ====
2025-09-09 10:10:02 Skipped test DBS-1886 (Redis: rename-command CONFIG used)
2025-09-09 10:10:02 Reason to skip: Redis not running, or no configuration found
2025-09-09 10:10:02 ====
2025-09-09 10:10:02 Skipped test DBS-1888 (Redis: bind on localhost)
2025-09-09 10:10:02 Reason to skip: Redis not running, or no configuration found
2025-09-09 10:10:02 Security check: file is normal
2025-09-09 10:10:02 Checking permissions of /usr/share/lynis/include/tests_ldap
2025-09-09 10:10:02 File permissions are OK
2025-09-09 10:10:02 ====
2025-09-09 10:10:02 Action: Performing tests from category: LDAP Services
2025-09-09 10:10:02 ====
2025-09-09 10:10:02 Performing test ID LDAP-2219 (Check running OpenLDAP instance)
2025-09-09 10:10:02 Performing pgrep scan without uid
2025-09-09 10:10:02 IsRunning: process 'slapd' not found
2025-09-09 10:10:02 Result: No running slapd process found.
2025-09-09 10:10:02 ====
2025-09-09 10:10:02 Skipped test LDAP-2224 (Check presence slapd.conf)
2025-09-09 10:10:02 Reason to skip: Prerequisites not met (ie missing tool, other type of Linux distribution)
2025-09-09 10:10:02 Security check: file is normal
2025-09-09 10:10:02 Checking permissions of /usr/share/lynis/include/tests_php
2025-09-09 10:10:02 File permissions are OK
2025-09-09 10:10:02 ====
2025-09-09 10:10:02 Action: Performing tests from category: PHP
2025-09-09 10:10:02 ====
2025-09-09 10:10:02 Performing test ID PHP-2211 (Check php.ini presence)
2025-09-09 10:10:02 Test: Checking for presence php.ini
2025-09-09 10:10:02 Test: checking presence /etc/php.ini
2025-09-09 10:10:02 Result: file /etc/php.ini not found
2025-09-09 10:10:02 Test: checking presence /etc/php.ini.default
2025-09-09 10:10:02 Result: file /etc/php.ini.default not found
2025-09-09 10:10:02 Test: checking presence /etc/php/php.ini
2025-09-09 10:10:02 Result: file /etc/php/php.ini not found
2025-09-09 10:10:02 Test: checking presence /etc/php5.5/php.ini
2025-09-09 10:10:02 Result: file /etc/php5.5/php.ini not found
2025-09-09 10:10:02 Test: checking presence /etc/php5.6/php.ini
2025-09-09 10:10:02 Result: file /etc/php5.6/php.ini not found
2025-09-09 10:10:02 Test: checking presence /etc/php7.0/php.ini
2025-09-09 10:10:02 Result: file /etc/php7.0/php.ini not found
2025-09-09 10:10:02 Test: checking presence /etc/php7.1/php.ini
2025-09-09 10:10:02 Result: file /etc/php7.1/php.ini not found
2025-09-09 10:10:02 Test: checking presence /etc/php7.2/php.ini
2025-09-09 10:10:02 Result: file /etc/php7.2/php.ini not found
2025-09-09 10:10:02 Test: checking presence /etc/php7.3/php.ini
2025-09-09 10:10:02 Result: file /etc/php7.3/php.ini not found
2025-09-09 10:10:02 Test: checking presence /etc/php7.4/php.ini
2025-09-09 10:10:02 Result: file /etc/php7.4/php.ini not found
2025-09-09 10:10:02 Test: checking presence /etc/php/cgi-php5/php.ini
2025-09-09 10:10:02 Result: file /etc/php/cgi-php5/php.ini not found
2025-09-09 10:10:02 Test: checking presence /etc/php/cli-php5/php.ini
2025-09-09 10:10:02 Result: file /etc/php/cli-php5/php.ini not found
2025-09-09 10:10:02 Test: checking presence /etc/php/apache2-php5/php.ini
2025-09-09 10:10:02 Result: file /etc/php/apache2-php5/php.ini not found
2025-09-09 10:10:02 Test: checking presence /etc/php/apache2-php5.5/php.ini
2025-09-09 10:10:02 Result: file /etc/php/apache2-php5.5/php.ini not found
2025-09-09 10:10:02 Test: checking presence /etc/php/apache2-php5.6/php.ini
2025-09-09 10:10:02 Result: file /etc/php/apache2-php5.6/php.ini not found
2025-09-09 10:10:02 Test: checking presence /etc/php/apache2-php7.0/php.ini
2025-09-09 10:10:02 Result: file /etc/php/apache2-php7.0/php.ini not found
2025-09-09 10:10:02 Test: checking presence /etc/php/apache2-php7.1/php.ini
2025-09-09 10:10:02 Result: file /etc/php/apache2-php7.1/php.ini not found
2025-09-09 10:10:02 Test: checking presence /etc/php/apache2-php7.2/php.ini
2025-09-09 10:10:02 Result: file /etc/php/apache2-php7.2/php.ini not found
2025-09-09 10:10:02 Test: checking presence /etc/php/apache2-php7.3/php.ini
2025-09-09 10:10:02 Result: file /etc/php/apache2-php7.3/php.ini not found
2025-09-09 10:10:02 Test: checking presence /etc/php/apache2-php7.4/php.ini
2025-09-09 10:10:02 Result: file /etc/php/apache2-php7.4/php.ini not found
2025-09-09 10:10:02 Test: checking presence /etc/php/cgi-php5.5/php.ini
2025-09-09 10:10:02 Result: file /etc/php/cgi-php5.5/php.ini not found
2025-09-09 10:10:02 Test: checking presence /etc/php/cgi-php5.6/php.ini
2025-09-09 10:10:02 Result: file /etc/php/cgi-php5.6/php.ini not found
2025-09-09 10:10:02 Test: checking presence /etc/php/cgi-php7.0/php.ini
2025-09-09 10:10:02 Result: file /etc/php/cgi-php7.0/php.ini not found
2025-09-09 10:10:02 Test: checking presence /etc/php/cgi-php7.1/php.ini
2025-09-09 10:10:02 Result: file /etc/php/cgi-php7.1/php.ini not found
2025-09-09 10:10:02 Test: checking presence /etc/php/cgi-php7.2/php.ini
2025-09-09 10:10:02 Result: file /etc/php/cgi-php7.2/php.ini not found
2025-09-09 10:10:02 Test: checking presence /etc/php/cgi-php7.3/php.ini
2025-09-09 10:10:02 Result: file /etc/php/cgi-php7.3/php.ini not found
2025-09-09 10:10:02 Test: checking presence /etc/php/cgi-php7.4/php.ini
2025-09-09 10:10:02 Result: file /etc/php/cgi-php7.4/php.ini not found
2025-09-09 10:10:02 Test: checking presence /etc/php/cli-php5.5/php.ini
2025-09-09 10:10:02 Result: file /etc/php/cli-php5.5/php.ini not found
2025-09-09 10:10:02 Test: checking presence /etc/php/cli-php5.6/php.ini
2025-09-09 10:10:02 Result: file /etc/php/cli-php5.6/php.ini not found
2025-09-09 10:10:02 Test: checking presence /etc/php/cli-php7.0/php.ini
2025-09-09 10:10:02 Result: file /etc/php/cli-php7.0/php.ini not found
2025-09-09 10:10:02 Test: checking presence /etc/php/cli-php7.1/php.ini
2025-09-09 10:10:02 Result: file /etc/php/cli-php7.1/php.ini not found
2025-09-09 10:10:02 Test: checking presence /etc/php/cli-php7.2/php.ini
2025-09-09 10:10:02 Result: file /etc/php/cli-php7.2/php.ini not found
2025-09-09 10:10:02 Test: checking presence /etc/php/cli-php7.3/php.ini
2025-09-09 10:10:02 Result: file /etc/php/cli-php7.3/php.ini not found
2025-09-09 10:10:02 Test: checking presence /etc/php/cli-php7.4/php.ini
2025-09-09 10:10:02 Result: file /etc/php/cli-php7.4/php.ini not found
2025-09-09 10:10:02 Test: checking presence /etc/php/embed-php5.5/php.ini
2025-09-09 10:10:02 Result: file /etc/php/embed-php5.5/php.ini not found
2025-09-09 10:10:02 Test: checking presence /etc/php/embed-php5.6/php.ini
2025-09-09 10:10:02 Result: file /etc/php/embed-php5.6/php.ini not found
2025-09-09 10:10:02 Test: checking presence /etc/php/embed-php7.0/php.ini
2025-09-09 10:10:02 Result: file /etc/php/embed-php7.0/php.ini not found
2025-09-09 10:10:02 Test: checking presence /etc/php/embed-php7.1/php.ini
2025-09-09 10:10:02 Result: file /etc/php/embed-php7.1/php.ini not found
2025-09-09 10:10:02 Test: checking presence /etc/php/embed-php7.2/php.ini
2025-09-09 10:10:02 Result: file /etc/php/embed-php7.2/php.ini not found
2025-09-09 10:10:02 Test: checking presence /etc/php/embed-php7.3/php.ini
2025-09-09 10:10:02 Result: file /etc/php/embed-php7.3/php.ini not found
2025-09-09 10:10:02 Test: checking presence /etc/php/embed-php7.4/php.ini
2025-09-09 10:10:02 Result: file /etc/php/embed-php7.4/php.ini not found
2025-09-09 10:10:02 Test: checking presence /etc/php/fpm-php7.4/php.ini
2025-09-09 10:10:02 Result: file /etc/php/fpm-php7.4/php.ini not found
2025-09-09 10:10:02 Test: checking presence /etc/php/fpm-php7.3/php.ini
2025-09-09 10:10:02 Result: file /etc/php/fpm-php7.3/php.ini not found
2025-09-09 10:10:02 Test: checking presence /etc/php/fpm-php7.2/php.ini
2025-09-09 10:10:02 Result: file /etc/php/fpm-php7.2/php.ini not found
2025-09-09 10:10:02 Test: checking presence /etc/php/fpm-php7.1/php.ini
2025-09-09 10:10:02 Result: file /etc/php/fpm-php7.1/php.ini not found
2025-09-09 10:10:02 Test: checking presence /etc/php/fpm-php7.0/php.ini
2025-09-09 10:10:02 Result: file /etc/php/fpm-php7.0/php.ini not found
2025-09-09 10:10:02 Test: checking presence /etc/php/fpm-php5.5/php.ini
2025-09-09 10:10:02 Result: file /etc/php/fpm-php5.5/php.ini not found
2025-09-09 10:10:02 Test: checking presence /etc/php/fpm-php5.6/php.ini
2025-09-09 10:10:02 Result: file /etc/php/fpm-php5.6/php.ini not found
2025-09-09 10:10:02 Test: checking presence /etc/php5/cgi/php.ini
2025-09-09 10:10:02 Result: file /etc/php5/cgi/php.ini not found
2025-09-09 10:10:02 Test: checking presence /etc/php5/cli/php.ini
2025-09-09 10:10:02 Result: file /etc/php5/cli/php.ini not found
2025-09-09 10:10:02 Test: checking presence /etc/php5/cli-php5.4/php.ini
2025-09-09 10:10:02 Result: file /etc/php5/cli-php5.4/php.ini not found
2025-09-09 10:10:02 Test: checking presence /etc/php5/cli-php5.5/php.ini
2025-09-09 10:10:02 Result: file /etc/php5/cli-php5.5/php.ini not found
2025-09-09 10:10:02 Test: checking presence /etc/php5/cli-php5.6/php.ini
2025-09-09 10:10:02 Result: file /etc/php5/cli-php5.6/php.ini not found
2025-09-09 10:10:02 Test: checking presence /etc/php5/apache2/php.ini
2025-09-09 10:10:02 Result: file /etc/php5/apache2/php.ini not found
2025-09-09 10:10:02 Test: checking presence /etc/php5/fpm/php.ini
2025-09-09 10:10:02 Result: file /etc/php5/fpm/php.ini not found
2025-09-09 10:10:02 Test: checking presence /private/etc/php.ini
2025-09-09 10:10:02 Result: file /private/etc/php.ini not found
2025-09-09 10:10:02 Test: checking presence /etc/php/7.0/apache2/php.ini
2025-09-09 10:10:02 Result: file /etc/php/7.0/apache2/php.ini not found
2025-09-09 10:10:02 Test: checking presence /etc/php/7.1/apache2/php.ini
2025-09-09 10:10:02 Result: file /etc/php/7.1/apache2/php.ini not found
2025-09-09 10:10:02 Test: checking presence /etc/php/7.2/apache2/php.ini
2025-09-09 10:10:02 Result: file /etc/php/7.2/apache2/php.ini not found
2025-09-09 10:10:02 Test: checking presence /etc/php/7.3/apache2/php.ini
2025-09-09 10:10:02 Result: file /etc/php/7.3/apache2/php.ini not found
2025-09-09 10:10:02 Test: checking presence /etc/php/7.4/apache2/php.ini
2025-09-09 10:10:02 Result: file /etc/php/7.4/apache2/php.ini not found
2025-09-09 10:10:02 Test: checking presence /etc/php/7.0/cli/php.ini
2025-09-09 10:10:02 Result: file /etc/php/7.0/cli/php.ini not found
2025-09-09 10:10:02 Test: checking presence /etc/php/7.0/fpm/php.ini
2025-09-09 10:10:02 Result: file /etc/php/7.0/fpm/php.ini not found
2025-09-09 10:10:02 Test: checking presence /etc/php/7.1/cli/php.ini
2025-09-09 10:10:02 Result: file /etc/php/7.1/cli/php.ini not found
2025-09-09 10:10:02 Test: checking presence /etc/php/7.1/fpm/php.ini
2025-09-09 10:10:02 Result: file /etc/php/7.1/fpm/php.ini not found
2025-09-09 10:10:02 Test: checking presence /etc/php/7.2/cli/php.ini
2025-09-09 10:10:02 Result: file /etc/php/7.2/cli/php.ini not found
2025-09-09 10:10:02 Test: checking presence /etc/php/7.2/fpm/php.ini
2025-09-09 10:10:02 Result: file /etc/php/7.2/fpm/php.ini not found
2025-09-09 10:10:02 Test: checking presence /etc/php/7.3/cli/php.ini
2025-09-09 10:10:02 Result: file /etc/php/7.3/cli/php.ini not found
2025-09-09 10:10:02 Test: checking presence /etc/php/7.3/fpm/php.ini
2025-09-09 10:10:02 Result: file /etc/php/7.3/fpm/php.ini not found
2025-09-09 10:10:02 Test: checking presence /etc/php/7.4/cli/php.ini
2025-09-09 10:10:02 Result: file /etc/php/7.4/cli/php.ini not found
2025-09-09 10:10:02 Test: checking presence /etc/php/7.4/fpm/php.ini
2025-09-09 10:10:02 Result: file /etc/php/7.4/fpm/php.ini not found
2025-09-09 10:10:02 Test: checking presence /var/www/conf/php.ini
2025-09-09 10:10:02 Result: file /var/www/conf/php.ini not found
2025-09-09 10:10:02 Test: checking presence /usr/local/etc/php.ini
2025-09-09 10:10:02 Result: file /usr/local/etc/php.ini not found
2025-09-09 10:10:02 Test: checking presence /usr/local/lib/php.ini
2025-09-09 10:10:02 Result: file /usr/local/lib/php.ini not found
2025-09-09 10:10:02 Test: checking presence /usr/local/etc/php5/cgi/php.ini
2025-09-09 10:10:02 Result: file /usr/local/etc/php5/cgi/php.ini not found
2025-09-09 10:10:02 Test: checking presence /usr/local/php54/lib/php.ini
2025-09-09 10:10:02 Result: file /usr/local/php54/lib/php.ini not found
2025-09-09 10:10:02 Test: checking presence /usr/local/php56/lib/php.ini
2025-09-09 10:10:02 Result: file /usr/local/php56/lib/php.ini not found
2025-09-09 10:10:02 Test: checking presence /usr/local/php70/lib/php.ini
2025-09-09 10:10:02 Result: file /usr/local/php70/lib/php.ini not found
2025-09-09 10:10:02 Test: checking presence /usr/local/php71/lib/php.ini
2025-09-09 10:10:02 Result: file /usr/local/php71/lib/php.ini not found
2025-09-09 10:10:02 Test: checking presence /usr/local/php72/lib/php.ini
2025-09-09 10:10:02 Result: file /usr/local/php72/lib/php.ini not found
2025-09-09 10:10:02 Test: checking presence /usr/local/php73/lib/php.ini
2025-09-09 10:10:02 Result: file /usr/local/php73/lib/php.ini not found
2025-09-09 10:10:02 Test: checking presence /usr/local/php74/lib/php.ini
2025-09-09 10:10:02 Result: file /usr/local/php74/lib/php.ini not found
2025-09-09 10:10:02 Test: checking presence /usr/local/zend/etc/php.ini
2025-09-09 10:10:02 Result: file /usr/local/zend/etc/php.ini not found
2025-09-09 10:10:02 Test: checking presence /usr/pkg/etc/php.ini
2025-09-09 10:10:02 Result: file /usr/pkg/etc/php.ini not found
2025-09-09 10:10:02 Test: checking presence /opt/cpanel/ea-php54/root/etc/php.ini
2025-09-09 10:10:02 Result: file /opt/cpanel/ea-php54/root/etc/php.ini not found
2025-09-09 10:10:02 Test: checking presence /opt/cpanel/ea-php55/root/etc/php.ini
2025-09-09 10:10:02 Result: file /opt/cpanel/ea-php55/root/etc/php.ini not found
2025-09-09 10:10:02 Test: checking presence /opt/cpanel/ea-php56/root/etc/php.ini
2025-09-09 10:10:02 Result: file /opt/cpanel/ea-php56/root/etc/php.ini not found
2025-09-09 10:10:02 Test: checking presence /opt/cpanel/ea-php70/root/etc/php.ini
2025-09-09 10:10:02 Result: file /opt/cpanel/ea-php70/root/etc/php.ini not found
2025-09-09 10:10:02 Test: checking presence /opt/cpanel/ea-php71/root/etc/php.ini
2025-09-09 10:10:02 Result: file /opt/cpanel/ea-php71/root/etc/php.ini not found
2025-09-09 10:10:02 Test: checking presence /opt/cpanel/ea-php72/root/etc/php.ini
2025-09-09 10:10:02 Result: file /opt/cpanel/ea-php72/root/etc/php.ini not found
2025-09-09 10:10:02 Test: checking presence /opt/cpanel/ea-php73/root/etc/php.ini
2025-09-09 10:10:02 Result: file /opt/cpanel/ea-php73/root/etc/php.ini not found
2025-09-09 10:10:02 Test: checking presence /opt/cpanel/ea-php74/root/etc/php.ini
2025-09-09 10:10:02 Result: file /opt/cpanel/ea-php74/root/etc/php.ini not found
2025-09-09 10:10:02 Test: checking presence /opt/alt/php44/etc/php.ini
2025-09-09 10:10:02 Result: file /opt/alt/php44/etc/php.ini not found
2025-09-09 10:10:02 Test: checking presence /opt/alt/php51/etc/php.ini
2025-09-09 10:10:02 Result: file /opt/alt/php51/etc/php.ini not found
2025-09-09 10:10:02 Test: checking presence /opt/alt/php52/etc/php.ini
2025-09-09 10:10:02 Result: file /opt/alt/php52/etc/php.ini not found
2025-09-09 10:10:02 Test: checking presence /opt/alt/php53/etc/php.ini
2025-09-09 10:10:02 Result: file /opt/alt/php53/etc/php.ini not found
2025-09-09 10:10:02 Test: checking presence /opt/alt/php54/etc/php.ini
2025-09-09 10:10:02 Result: file /opt/alt/php54/etc/php.ini not found
2025-09-09 10:10:02 Test: checking presence /opt/alt/php55/etc/php.ini
2025-09-09 10:10:02 Result: file /opt/alt/php55/etc/php.ini not found
2025-09-09 10:10:02 Test: checking presence /opt/alt/php56/etc/php.ini
2025-09-09 10:10:02 Result: file /opt/alt/php56/etc/php.ini not found
2025-09-09 10:10:02 Test: checking presence /opt/alt/php70/etc/php.ini
2025-09-09 10:10:02 Result: file /opt/alt/php70/etc/php.ini not found
2025-09-09 10:10:02 Test: checking presence /opt/alt/php71/etc/php.ini
2025-09-09 10:10:02 Result: file /opt/alt/php71/etc/php.ini not found
2025-09-09 10:10:02 Test: checking presence /opt/alt/php72/etc/php.ini
2025-09-09 10:10:02 Result: file /opt/alt/php72/etc/php.ini not found
2025-09-09 10:10:02 Test: checking presence /opt/alt/php73/etc/php.ini
2025-09-09 10:10:02 Result: file /opt/alt/php73/etc/php.ini not found
2025-09-09 10:10:02 Test: checking presence /opt/alt/php74/etc/php.ini
2025-09-09 10:10:02 Result: file /opt/alt/php74/etc/php.ini not found
2025-09-09 10:10:02 Test: checking presence /etc/opt/remi/php56/php.ini
2025-09-09 10:10:02 Result: file /etc/opt/remi/php56/php.ini not found
2025-09-09 10:10:02 Test: checking presence /etc/opt/remi/php70/php.ini
2025-09-09 10:10:02 Result: file /etc/opt/remi/php70/php.ini not found
2025-09-09 10:10:02 Test: checking presence /etc/opt/remi/php71/php.ini
2025-09-09 10:10:02 Result: file /etc/opt/remi/php71/php.ini not found
2025-09-09 10:10:02 Test: checking presence /etc/opt/remi/php72/php.ini
2025-09-09 10:10:02 Result: file /etc/opt/remi/php72/php.ini not found
2025-09-09 10:10:02 Test: checking presence /etc/opt/remi/php73/php.ini
2025-09-09 10:10:02 Result: file /etc/opt/remi/php73/php.ini not found
2025-09-09 10:10:02 Test: checking presence /etc/opt/remi/php74/php.ini
2025-09-09 10:10:02 Result: file /etc/opt/remi/php74/php.ini not found
2025-09-09 10:10:02 Test: checking presence /etc/php-5.6.ini
2025-09-09 10:10:02 Result: file /etc/php-5.6.ini not found
2025-09-09 10:10:02 Test: checking presence /etc/php-7.0.ini
2025-09-09 10:10:02 Result: file /etc/php-7.0.ini not found
2025-09-09 10:10:02 Test: checking presence /etc/php-7.1.ini
2025-09-09 10:10:02 Result: file /etc/php-7.1.ini not found
2025-09-09 10:10:02 Test: checking presence /etc/php-7.2.ini
2025-09-09 10:10:02 Result: file /etc/php-7.2.ini not found
2025-09-09 10:10:02 Test: checking presence /etc/php-7.3.ini
2025-09-09 10:10:02 Result: file /etc/php-7.3.ini not found
2025-09-09 10:10:02 Test: checking presence /etc/php-7.4.ini
2025-09-09 10:10:02 Result: file /etc/php-7.4.ini not found
2025-09-09 10:10:02 Result: no files found for /etc/php5/conf.d
2025-09-09 10:10:02 Result: no files found for /etc/php/7.0/cli/conf.d
2025-09-09 10:10:02 Result: no files found for /etc/php/7.1/cli/conf.d
2025-09-09 10:10:02 Result: no files found for /etc/php/7.2/cli/conf.d
2025-09-09 10:10:02 Result: no files found for /etc/php/7.3/cli/conf.d
2025-09-09 10:10:02 Result: no files found for /etc/php/7.4/cli/conf.d
2025-09-09 10:10:02 Result: no files found for /etc/php/7.0/fpm/conf.d
2025-09-09 10:10:02 Result: no files found for /etc/php/7.1/fpm/conf.d
2025-09-09 10:10:02 Result: no files found for /etc/php/7.2/fpm/conf.d
2025-09-09 10:10:02 Result: no files found for /etc/php/7.3/fpm/conf.d
2025-09-09 10:10:02 Result: no files found for /etc/php/7.4/fpm/conf.d
2025-09-09 10:10:02 Result: no files found for /etc/php.d
2025-09-09 10:10:02 Result: no files found for /opt/cpanel/ea-php54/root/etc/php.d
2025-09-09 10:10:02 Result: no files found for /opt/cpanel/ea-php55/root/etc/php.d
2025-09-09 10:10:02 Result: no files found for /opt/cpanel/ea-php56/root/etc/php.d
2025-09-09 10:10:02 Result: no files found for /opt/cpanel/ea-php70/root/etc/php.d
2025-09-09 10:10:02 Result: no files found for /opt/cpanel/ea-php71/root/etc/php.d
2025-09-09 10:10:02 Result: no files found for /opt/cpanel/ea-php72/root/etc/php.d
2025-09-09 10:10:02 Result: no files found for /opt/cpanel/ea-php73/root/etc/php.d
2025-09-09 10:10:02 Result: no files found for /opt/cpanel/ea-php74/root/etc/php.d
2025-09-09 10:10:02 Result: no files found for /opt/alt/php44/etc/php.d.all
2025-09-09 10:10:02 Result: no files found for /opt/alt/php51/etc/php.d.all
2025-09-09 10:10:02 Result: no files found for /opt/alt/php52/etc/php.d.all
2025-09-09 10:10:02 Result: no files found for /opt/alt/php53/etc/php.d.all
2025-09-09 10:10:02 Result: no files found for /opt/alt/php54/etc/php.d.all
2025-09-09 10:10:02 Result: no files found for /opt/alt/php55/etc/php.d.all
2025-09-09 10:10:02 Result: no files found for /opt/alt/php56/etc/php.d.all
2025-09-09 10:10:02 Result: no files found for /opt/alt/php70/etc/php.d.all
2025-09-09 10:10:02 Result: no files found for /opt/alt/php71/etc/php.d.all
2025-09-09 10:10:02 Result: no files found for /opt/alt/php72/etc/php.d.all
2025-09-09 10:10:02 Result: no files found for /opt/alt/php73/etc/php.d.all
2025-09-09 10:10:02 Result: no files found for /opt/alt/php74/etc/php.d.all
2025-09-09 10:10:02 Result: no files found for /usr/local/lib/php.conf.d
2025-09-09 10:10:02 Result: no files found for /usr/local/php70/lib/php.conf.d
2025-09-09 10:10:02 Result: no files found for /usr/local/php71/lib/php.conf.d
2025-09-09 10:10:02 Result: no files found for /usr/local/php72/lib/php.conf.d
2025-09-09 10:10:02 Result: no files found for /usr/local/php73/lib/php.conf.d
2025-09-09 10:10:02 Result: no files found for /usr/local/php74/lib/php.conf.d
2025-09-09 10:10:02 Result: no files found for /etc/php-5.6
2025-09-09 10:10:02 Result: no files found for /etc/php-7.0
2025-09-09 10:10:02 Result: no files found for /etc/php-7.1
2025-09-09 10:10:02 Result: no files found for /etc/php-7.2
2025-09-09 10:10:02 Result: no files found for /etc/php-7.3
2025-09-09 10:10:02 Result: no files found for /etc/php-7.4
2025-09-09 10:10:02 Result: no php.ini file found
2025-09-09 10:10:02 ====
2025-09-09 10:10:02 Skipped test PHP-2320 (Check PHP disabled functions)
2025-09-09 10:10:02 Reason to skip: Prerequisites not met (ie missing tool, other type of Linux distribution)
2025-09-09 10:10:02 ====
2025-09-09 10:10:02 Skipped test PHP-2368 (Check PHP register_globals option)
2025-09-09 10:10:02 Reason to skip: Prerequisites not met (ie missing tool, other type of Linux distribution)
2025-09-09 10:10:02 ====
2025-09-09 10:10:02 Skipped test PHP-2372 (Check PHP expose_php option)
2025-09-09 10:10:02 Reason to skip: Prerequisites not met (ie missing tool, other type of Linux distribution)
2025-09-09 10:10:02 ====
2025-09-09 10:10:02 Skipped test PHP-2374 (Check PHP enable_dl option)
2025-09-09 10:10:02 Reason to skip: Prerequisites not met (ie missing tool, other type of Linux distribution)
2025-09-09 10:10:02 ====
2025-09-09 10:10:02 Skipped test PHP-2376 (Check PHP allow_url_fopen option)
2025-09-09 10:10:02 Reason to skip: Prerequisites not met (ie missing tool, other type of Linux distribution)
2025-09-09 10:10:02 ====
2025-09-09 10:10:02 Skipped test PHP-2378 (Check PHP allow_url_include option)
2025-09-09 10:10:02 Reason to skip: Prerequisites not met (ie missing tool, other type of Linux distribution)
2025-09-09 10:10:02 ====
2025-09-09 10:10:02 Skipped test PHP-2382 (Check PHP expose_php option)
2025-09-09 10:10:02 Reason to skip: Prerequisites not met (ie missing tool, other type of Linux distribution)
2025-09-09 10:10:02 Security check: file is normal
2025-09-09 10:10:02 Checking permissions of /usr/share/lynis/include/tests_squid
2025-09-09 10:10:02 File permissions are OK
2025-09-09 10:10:02 ====
2025-09-09 10:10:02 Action: Performing tests from category: Squid Support
2025-09-09 10:10:02 ====
2025-09-09 10:10:02 Performing test ID SQD-3602 (Check for running Squid daemon)
2025-09-09 10:10:02 Test: Searching for a Squid daemon
2025-09-09 10:10:02 Result: No running Squid daemon found
2025-09-09 10:10:02 ====
2025-09-09 10:10:02 Skipped test SQD-3604 (Check Squid daemon file location)
2025-09-09 10:10:02 Reason to skip: Prerequisites not met (ie missing tool, other type of Linux distribution)
2025-09-09 10:10:02 ====
2025-09-09 10:10:02 Skipped test SQD-3606 (Check Squid version)
2025-09-09 10:10:02 Reason to skip: Prerequisites not met (ie missing tool, other type of Linux distribution)
2025-09-09 10:10:02 ====
2025-09-09 10:10:02 Skipped test SQD-3610 (Gather Squid settings)
2025-09-09 10:10:02 Reason to skip: Prerequisites not met (ie missing tool, other type of Linux distribution)
2025-09-09 10:10:02 ====
2025-09-09 10:10:02 Skipped test SQD-3613 (Check Squid file permissions)
2025-09-09 10:10:02 Reason to skip: Prerequisites not met (ie missing tool, other type of Linux distribution)
2025-09-09 10:10:02 ====
2025-09-09 10:10:02 Skipped test SQD-3614 (Check Squid authentication methods)
2025-09-09 10:10:02 Reason to skip: Prerequisites not met (ie missing tool, other type of Linux distribution)
2025-09-09 10:10:02 ====
2025-09-09 10:10:02 Skipped test SQD-3616 (Check external Squid authentication)
2025-09-09 10:10:02 Reason to skip: Prerequisites not met (ie missing tool, other type of Linux distribution)
2025-09-09 10:10:02 ====
2025-09-09 10:10:02 Skipped test SQD-3620 (Check Squid access control lists)
2025-09-09 10:10:02 Reason to skip: Prerequisites not met (ie missing tool, other type of Linux distribution)
2025-09-09 10:10:02 ====
2025-09-09 10:10:02 Skipped test SQD-3624 (Check Squid safe ports)
2025-09-09 10:10:02 Reason to skip: Prerequisites not met (ie missing tool, other type of Linux distribution)
2025-09-09 10:10:02 ====
2025-09-09 10:10:02 Skipped test SQD-3630 (Check Squid reply_body_max_size option)
2025-09-09 10:10:02 Reason to skip: Prerequisites not met (ie missing tool, other type of Linux distribution)
2025-09-09 10:10:02 ====
2025-09-09 10:10:02 Skipped test SQD-3680 (Check Squid version suppression)
2025-09-09 10:10:02 Reason to skip: Prerequisites not met (ie missing tool, other type of Linux distribution)
2025-09-09 10:10:02 Security check: file is normal
2025-09-09 10:10:02 Checking permissions of /usr/share/lynis/include/tests_logging
2025-09-09 10:10:02 File permissions are OK
2025-09-09 10:10:02 ====
2025-09-09 10:10:02 Action: Performing tests from category: Logging and files
2025-09-09 10:10:02 ====
2025-09-09 10:10:02 Performing test ID LOGG-2130 (Check for running syslog daemon)
2025-09-09 10:10:02 Test: Searching for a logging daemon
2025-09-09 10:10:02 Result: Found a logging daemon
2025-09-09 10:10:02 Hardening: assigned maximum number of hardening points for this item (3). Currently having 203 points (out of 252)
2025-09-09 10:10:02 ====
2025-09-09 10:10:02 Performing test ID LOGG-2132 (Check for running syslog-ng daemon)
2025-09-09 10:10:02 Test: Searching for syslog-ng daemon in process list
2025-09-09 10:10:02 Performing pgrep scan without uid
2025-09-09 10:10:02 IsRunning: process 'syslog-ng' not found
2025-09-09 10:10:02 Result: Syslog-ng NOT found in process list
2025-09-09 10:10:02 ====
2025-09-09 10:10:02 Skipped test LOGG-2134 (Checking Syslog-NG configuration file consistency)
2025-09-09 10:10:02 Reason to skip: Prerequisites not met (ie missing tool, other type of Linux distribution)
2025-09-09 10:10:02 ====
2025-09-09 10:10:02 Performing test ID LOGG-2136 (Check for running systemd journal daemon)
2025-09-09 10:10:02 Test: Searching for systemd journal daemon in process list
2025-09-09 10:10:02 Performing pgrep scan without uid
2025-09-09 10:10:02 IsRunning: process 'systemd-journal' found (322 )
2025-09-09 10:10:02 ====
2025-09-09 10:10:02 Performing test ID LOGG-2210 (Check for running metalog daemon)
2025-09-09 10:10:02 Test: Searching for metalog daemon in process list
2025-09-09 10:10:02 Performing pgrep scan without uid
2025-09-09 10:10:02 IsRunning: process 'metalog' not found
2025-09-09 10:10:02 Result: metalog NOT found in process list
2025-09-09 10:10:02 ====
2025-09-09 10:10:02 Performing test ID LOGG-2230 (Check for running RSyslog daemon)
2025-09-09 10:10:02 Test: Searching for RSyslog daemon in process list
2025-09-09 10:10:02 Performing pgrep scan without uid
2025-09-09 10:10:02 IsRunning: process 'rsyslogd' found (81246 )
2025-09-09 10:10:02 Result: Found rsyslogd in process list
2025-09-09 10:10:02 ====
2025-09-09 10:10:02 Performing test ID LOGG-2240 (Check for running RFC 3195 compliant daemon)
2025-09-09 10:10:02 Test: Searching for RFC 3195 daemon (alias syslog reliable) in process list
2025-09-09 10:10:02 Performing pgrep scan without uid
2025-09-09 10:10:02 IsRunning: process 'rfc3195d' not found
2025-09-09 10:10:02 Result: rfc3195d NOT found in process list
2025-09-09 10:10:02 ====
2025-09-09 10:10:02 Performing test ID LOGG-2138 (Checking kernel logger daemon on Linux)
2025-09-09 10:10:02 Test: Searching kernel logger daemon (klogd)
2025-09-09 10:10:02 Result: test skipped, because other facility is being used to log kernel messages
2025-09-09 10:10:02 ====
2025-09-09 10:10:02 Performing test ID LOGG-2142 (Checking minilog daemon)
2025-09-09 10:10:02 Result: Checking for unkilled minilogd instances
2025-09-09 10:10:02 Performing pgrep scan without uid
2025-09-09 10:10:02 IsRunning: process 'minilogd' not found
2025-09-09 10:10:02 Result: No minilogd is running
2025-09-09 10:10:02 ====
2025-09-09 10:10:02 Performing test ID LOGG-2146 (Checking logrotate.conf and logrotate.d)
2025-09-09 10:10:02 Test: Checking for /etc/logrotate.conf
2025-09-09 10:10:02 Result: /etc/logrotate.conf found (file)
2025-09-09 10:10:02 Test: Checking for /etc/logrotate.d (directory)
2025-09-09 10:10:02 Result: /etc/logrotate.d found
2025-09-09 10:10:02 Result: logrotate configuration found
2025-09-09 10:10:02 ====
2025-09-09 10:10:02 Performing test ID LOGG-2148 (Checking logrotated files)
2025-09-09 10:10:02 Test: Checking which files are rotated with logrotate and if they exist
2025-09-09 10:10:02 Result: found one or more files which are rotated via logrotate
2025-09-09 10:10:02 Output: File:/var/log/exim4/paniclog:does_not_exist
2025-09-09 10:10:02 Output: File:/var/log/exim4/rejectlog:does_not_exist
2025-09-09 10:10:02 Output: File:/var/log/mail.log:does_not_exist
2025-09-09 10:10:02 Output: File:/var/log/ppp-connect-errors:does_not_exist
2025-09-09 10:10:02 Output: File:/var/log/saned.log:does_not_exist
2025-09-09 10:10:02 Output: File:/var/log/speech-dispatcher/debug-epos-generic:does_not_exist
2025-09-09 10:10:02 Output: File:/var/log/speech-dispatcher/debug-festival:does_not_exist
2025-09-09 10:10:02 Output: File:/var/log/speech-dispatcher/debug-flite:does_not_exist
2025-09-09 10:10:02 Output: File:/var/log/speech-dispatcher/speech-dispatcher-protocol.log:does_not_exist
2025-09-09 10:10:02 Output: File:/var/log/speech-dispatcher/speech-dispatcher.log:does_not_exist
2025-09-09 10:10:02 Output: File:/var/log/alternatives.log:exists
2025-09-09 10:10:02 Output: File:/var/log/apt/history.log:exists
2025-09-09 10:10:02 Output: File:/var/log/apt/term.log:exists
2025-09-09 10:10:02 Output: File:/var/log/auth.log:exists
2025-09-09 10:10:02 Output: File:/var/log/boot.log:exists
2025-09-09 10:10:02 Output: File:/var/log/btmp:exists
2025-09-09 10:10:02 Output: File:/var/log/clamav/clamav.log:exists
2025-09-09 10:10:02 Output: File:/var/log/clamav/freshclam.log:exists
2025-09-09 10:10:02 Output: File:/var/log/cron.log:exists
2025-09-09 10:10:02 Output: File:/var/log/cups/access_log:exists
2025-09-09 10:10:02 Output: File:/var/log/cups/error_log:exists
2025-09-09 10:10:02 Output: File:/var/log/debsums.log:exists
2025-09-09 10:10:02 Output: File:/var/log/dpkg.log:exists
2025-09-09 10:10:02 Output: File:/var/log/exim4/mainlog:exists
2025-09-09 10:10:02 Output: File:/var/log/exim4/paniclog:exists
2025-09-09 10:10:02 Output: File:/var/log/exim4/rejectlog:exists
2025-09-09 10:10:02 Output: File:/var/log/fail2ban.log:exists
2025-09-09 10:10:02 Output: File:/var/log/hardn/hardn-tools.log:exists
2025-09-09 10:10:02 Output: File:/var/log/kern.log:exists
2025-09-09 10:10:02 Output: File:/var/log/legion/legion.log:exists
2025-09-09 10:10:02 Output: File:/var/log/lynis/hardn-audit.log:exists
2025-09-09 10:10:02 Output: File:/var/log/lynis/hardn-report.dat:exists
2025-09-09 10:10:02 Output: File:/var/log/mail.log:exists
2025-09-09 10:10:02 Output: File:/var/log/ppp-connect-errors:exists
2025-09-09 10:10:02 Output: File:/var/log/rkhunter.log:exists
2025-09-09 10:10:02 Output: File:/var/log/saned.log:exists
2025-09-09 10:10:02 Output: File:/var/log/speech-dispatcher/debug-epos-generic:exists
2025-09-09 10:10:02 Output: File:/var/log/speech-dispatcher/debug-festival:exists
2025-09-09 10:10:02 Output: File:/var/log/speech-dispatcher/debug-flite:exists
2025-09-09 10:10:02 Output: File:/var/log/speech-dispatcher/speech-dispatcher-protocol.log:exists
2025-09-09 10:10:02 Output: File:/var/log/speech-dispatcher/speech-dispatcher.log:exists
2025-09-09 10:10:02 Output: File:/var/log/suricata/eve.json:exists
2025-09-09 10:10:02 Output: File:/var/log/suricata/fast.log:exists
2025-09-09 10:10:02 Output: File:/var/log/suricata/stats.log:exists
2025-09-09 10:10:02 Output: File:/var/log/suricata/suricata.log:exists
2025-09-09 10:10:02 Output: File:/var/log/syslog:exists
2025-09-09 10:10:02 Output: File:/var/log/ufw.log:exists
2025-09-09 10:10:02 Output: File:/var/log/unattended-upgrades/unattended-upgrades-dpkg.log:exists
2025-09-09 10:10:02 Output: File:/var/log/unattended-upgrades/unattended-upgrades-shutdown.log:exists
2025-09-09 10:10:02 Output: File:/var/log/unattended-upgrades/unattended-upgrades.log:exists
2025-09-09 10:10:02 Output: File:/var/log/user.log:exists
2025-09-09 10:10:02 Output: File:/var/log/wtmp:exists
2025-09-09 10:10:02 ====
2025-09-09 10:10:02 Performing test ID LOGG-2150 (Checking directories in logrotate configuration)
2025-09-09 10:10:02 Test: Checking which directories can be found in logrotate configuration
2025-09-09 10:10:02 Result: found one or more directories (via logrotate configuration)
2025-09-09 10:10:02 Directory found: /var/log
2025-09-09 10:10:02 Directory found: /var/log/apt
2025-09-09 10:10:03 Directory found: /var/log/clamav
2025-09-09 10:10:03 Directory found: /var/log/cups
2025-09-09 10:10:03 Directory found: /var/log/exim4
2025-09-09 10:10:03 Directory found: /var/log/hardn
2025-09-09 10:10:03 Directory found: /var/log/legion
2025-09-09 10:10:03 Directory found: /var/log/lynis
2025-09-09 10:10:03 Directory found: /var/log/speech-dispatcher
2025-09-09 10:10:03 Directory found: /var/log/suricata
2025-09-09 10:10:03 Directory found: /var/log/unattended-upgrades
2025-09-09 10:10:03 ====
2025-09-09 10:10:03 Skipped test LOGG-2152 (Checking loghost)
2025-09-09 10:10:03 Reason to skip: Incorrect guest OS (Solaris only)
2025-09-09 10:10:03 ====
2025-09-09 10:10:03 Skipped test LOGG-2153 (Checking loghost is localhost)
2025-09-09 10:10:03 Reason to skip: Prerequisites not met (ie missing tool, other type of Linux distribution)
2025-09-09 10:10:03 ====
2025-09-09 10:10:03 Performing test ID LOGG-2154 (Checking syslog configuration file)
2025-09-09 10:10:03 Test: analyzing file /etc/rsyslog.conf for remote target
2025-09-09 10:10:03 Result: no remote target found
2025-09-09 10:10:03 Test: analyzing file /etc/rsyslog.d/10-hardn.conf for remote target
2025-09-09 10:10:03 Result: no remote target found
2025-09-09 10:10:03 Test: analyzing file /etc/rsyslog.d/20-ufw.conf for remote target
2025-09-09 10:10:03 Result: no remote target found
2025-09-09 10:10:03 Result: no remote logging found
2025-09-09 10:10:03 Suggestion: Enable logging to an external logging host for archiving purposes and additional protection [test:LOGG-2154] [details:-] [solution:-]
2025-09-09 10:10:03 Hardening: assigned partial number of hardening points (1 of 3). Currently having 204 points (out of 255)
2025-09-09 10:10:03 ====
2025-09-09 10:10:03 Skipped test LOGG-2160 (Checking /etc/newsyslog.conf)
2025-09-09 10:10:03 Reason to skip: Prerequisites not met (ie missing tool, other type of Linux distribution)
2025-09-09 10:10:03 ====
2025-09-09 10:10:03 Skipped test LOGG-2162 (Checking directories in /etc/newsyslog.conf)
2025-09-09 10:10:03 Reason to skip: Prerequisites not met (ie missing tool, other type of Linux distribution)
2025-09-09 10:10:03 ====
2025-09-09 10:10:03 Skipped test LOGG-2164 (Checking files specified /etc/newsyslog.conf)
2025-09-09 10:10:03 Reason to skip: Prerequisites not met (ie missing tool, other type of Linux distribution)
2025-09-09 10:10:03 ====
2025-09-09 10:10:03 Performing test ID LOGG-2170 (Checking log paths)
2025-09-09 10:10:03 Test: Searching log paths
2025-09-09 10:10:03 Result: directory /var/log exists
2025-09-09 10:10:03 Result: directory /var/adm can't be found
2025-09-09 10:10:03 ====
2025-09-09 10:10:03 Performing test ID LOGG-2180 (Checking open log files)
2025-09-09 10:10:03 Test: checking open log files with lsof
2025-09-09 10:10:03 Found logfile: /home/chris/.local/share/gvfs-metadata/home-98629410.log
2025-09-09 10:10:03 Found logfile: /var/log/Xorg.0.log
2025-09-09 10:10:03 Found logfile: /var/log/audit/audit.log
2025-09-09 10:10:03 Found logfile: /var/log/auth.log
2025-09-09 10:10:03 Found logfile: /var/log/clamav/clamav.log
2025-09-09 10:10:03 Found logfile: /var/log/cron.log
2025-09-09 10:10:03 Found logfile: /var/log/cups/access_log
2025-09-09 10:10:03 Found logfile: /var/log/fail2ban.log
2025-09-09 10:10:03 Found logfile: /var/log/kern.log
2025-09-09 10:10:03 Found logfile: /var/log/legion/legion.log
2025-09-09 10:10:03 Found logfile: /var/log/lightdm/lightdm.log
2025-09-09 10:10:03 Found logfile: /var/log/lightdm/x-0.log
2025-09-09 10:10:03 Found logfile: /var/log/syslog
2025-09-09 10:10:03 Found logfile: /var/log/ufw.log
2025-09-09 10:10:03 Found logfile: /var/log/unattended-upgrades/unattended-upgrades-shutdown.log
2025-09-09 10:10:03 ====
2025-09-09 10:10:03 Performing test ID LOGG-2190 (Checking for deleted files in use)
2025-09-09 10:10:03 Test: checking deleted files that are still in use
2025-09-09 10:10:03 Result: found one or more files which are deleted, but still in use
2025-09-09 10:10:03 Found deleted file: /home/chris/.local/share/gvfs-metadata/home(caja)
2025-09-09 10:10:03 Found deleted file: /home/chris/.local/share/gvfs-metadata/home(firefox-e)
2025-09-09 10:10:03 Found deleted file: /home/chris/.local/share/gvfs-metadata/home-08deb235.log(caja)
2025-09-09 10:10:03 Found deleted file: /home/chris/.local/share/gvfs-metadata/home-08deb235.log(firefox-e)
2025-09-09 10:10:03 Found deleted file: /memfd:mozilla-ipc(Isolated)
2025-09-09 10:10:03 Found deleted file: /memfd:mozilla-ipc(Privilege)
2025-09-09 10:10:03 Found deleted file: /memfd:mozilla-ipc(Socket)
2025-09-09 10:10:03 Found deleted file: /memfd:mozilla-ipc(Utility)
2025-09-09 10:10:03 Found deleted file: /memfd:mozilla-ipc(WebExtens)
2025-09-09 10:10:03 Found deleted file: /memfd:mozilla-ipc(Web\x20Co)
2025-09-09 10:10:03 Found deleted file: /memfd:mozilla-ipc(firefox-e)
2025-09-09 10:10:03 Found deleted file: /memfd:pulseaudio(pulseaudi)
2025-09-09 10:10:03 Found deleted file: /tmp/user/1000/#1044500(mate-term)
2025-09-09 10:10:03 Found deleted file: /tmp/user/1000/#1044513(mate-term)
2025-09-09 10:10:03 Suggestion: Check what deleted files are still in use and why. [test:LOGG-2190] [details:-] [solution:-]
2025-09-09 10:10:03 ====
2025-09-09 10:10:03 Performing test ID LOGG-2192 (Checking for open log files that are empty)
2025-09-09 10:10:03 Found an opened logfile that is empty: unattende,/var/log/unattended-upgrades/unattended-upgrades-shutdown.log
2025-09-09 10:10:03 Security check: file is normal
2025-09-09 10:10:03 Checking permissions of /usr/share/lynis/include/tests_insecure_services
2025-09-09 10:10:03 File permissions are OK
2025-09-09 10:10:03 ====
2025-09-09 10:10:03 Action: Performing tests from category: Insecure services
2025-09-09 10:10:03 ====
2025-09-09 10:10:03 Performing test ID INSE-8000 (Installed inetd package)
2025-09-09 10:10:03 Test: Checking if inetd is installed
2025-09-09 10:10:03 Result: inetd is NOT installed
2025-09-09 10:10:03 ====
2025-09-09 10:10:03 Skipped test INSE-8002 (Check for enabled inet daemon)
2025-09-09 10:10:03 Reason to skip: Prerequisites not met (ie missing tool, other type of Linux distribution)
2025-09-09 10:10:03 ====
2025-09-09 10:10:03 Skipped test INSE-8004 (Presence of inetd configuration file)
2025-09-09 10:10:03 Reason to skip: Prerequisites not met (ie missing tool, other type of Linux distribution)
2025-09-09 10:10:03 ====
2025-09-09 10:10:03 Skipped test INSE-8006 (Check configuration of inetd when disabled)
2025-09-09 10:10:03 Reason to skip: Prerequisites not met (ie missing tool, other type of Linux distribution)
2025-09-09 10:10:03 ====
2025-09-09 10:10:03 Skipped test INSE-8016 (Check for telnet via inetd)
2025-09-09 10:10:03 Reason to skip: Prerequisites not met (ie missing tool, other type of Linux distribution)
2025-09-09 10:10:03 ====
2025-09-09 10:10:03 Performing test ID INSE-8100 (Check for installed xinetd daemon)
2025-09-09 10:10:03 Test: Checking for installed xinetd daemon
2025-09-09 10:10:03 Result: xinetd is NOT installed
2025-09-09 10:10:03 ====
2025-09-09 10:10:03 Performing test ID INSE-8102 (Check for active xinet daemon)
2025-09-09 10:10:03 Test: Searching for active extended internet services daemon (xinetd)
2025-09-09 10:10:03 Performing pgrep scan without uid
2025-09-09 10:10:03 IsRunning: process 'xinetd' not found
2025-09-09 10:10:03 Result: xinetd is NOT running
2025-09-09 10:10:03 ====
2025-09-09 10:10:03 Skipped test INSE-8104 (Check for enabled xinet daemon)
2025-09-09 10:10:03 Reason to skip: Prerequisites not met (ie missing tool, other type of Linux distribution)
2025-09-09 10:10:03 ====
2025-09-09 10:10:03 Skipped test INSE-8106 (Check configuration of xinetd when disabled)
2025-09-09 10:10:03 Reason to skip: Prerequisites not met (ie missing tool, other type of Linux distribution)
2025-09-09 10:10:03 ====
2025-09-09 10:10:03 Skipped test INSE-8116 (Insecure services enabled via xinetd)
2025-09-09 10:10:03 Reason to skip: Prerequisites not met (ie missing tool, other type of Linux distribution)
2025-09-09 10:10:03 ====
2025-09-09 10:10:03 Skipped test INSE-8200 (Check if tcp_wrappers is installed when inetd/xinetd is active)
2025-09-09 10:10:03 Reason to skip: Prerequisites not met (ie missing tool, other type of Linux distribution)
2025-09-09 10:10:03 ====
2025-09-09 10:10:03 Performing test ID INSE-8300 (Check if rsh client is installed)
2025-09-09 10:10:03 Test: Checking if rsh client is installed
2025-09-09 10:10:03 Result: rsh client is NOT installed
2025-09-09 10:10:03 ====
2025-09-09 10:10:03 Performing test ID INSE-8304 (Check if rsh server is installed)
2025-09-09 10:10:03 Test: Checking if rsh server is installed
2025-09-09 10:10:03 Result: rsh server is NOT installed
2025-09-09 10:10:03 ====
2025-09-09 10:10:03 Performing test ID INSE-8310 (Check if telnet client is installed)
2025-09-09 10:10:03 Test: Checking if telnet client is installed
2025-09-09 10:10:03 Result: telnet client is NOT installed
2025-09-09 10:10:03 ====
2025-09-09 10:10:04 Performing test ID INSE-8322 (Check if telnet server is installed)
2025-09-09 10:10:04 Test: Checking if telnet server is installed
2025-09-09 10:10:04 Result: telnet server is NOT installed
2025-09-09 10:10:04 ====
2025-09-09 10:10:04 Performing test ID INSE-8314 (Check if NIS client is installed)
2025-09-09 10:10:04 Test: Checking if NIS client is installed
2025-09-09 10:10:04 Result: NIS client is NOT installed
2025-09-09 10:10:04 ====
2025-09-09 10:10:04 Performing test ID INSE-8316 (Check if NIS server is installed)
2025-09-09 10:10:04 Test: Checking if NIS server is installed
2025-09-09 10:10:04 Result: NIS server is NOT installed
2025-09-09 10:10:04 ====
2025-09-09 10:10:04 Performing test ID INSE-8318 (Check if TFTP client is installed)
2025-09-09 10:10:04 Test: Checking if TFTP client is installed
2025-09-09 10:10:04 Result: TFTP client is NOT installed
2025-09-09 10:10:04 ====
2025-09-09 10:10:04 Performing test ID INSE-8320 (Check if TFTP server is installed)
2025-09-09 10:10:04 Test: Checking if TFTP server is installed
2025-09-09 10:10:04 Result: TFTP server is NOT installed
2025-09-09 10:10:04 ====
2025-09-09 10:10:04 Skipped test INSE-8050 (Check for insecure services on macOS)
2025-09-09 10:10:04 Reason to skip: Incorrect guest OS (macOS only)
2025-09-09 10:10:04 Security check: file is normal
2025-09-09 10:10:04 Checking permissions of /usr/share/lynis/include/tests_banners
2025-09-09 10:10:04 File permissions are OK
2025-09-09 10:10:04 ====
2025-09-09 10:10:04 Action: Performing tests from category: Banners and identification
2025-09-09 10:10:04 ====
2025-09-09 10:10:04 Skipped test BANN-7113 (Check COPYRIGHT banner file)
2025-09-09 10:10:04 Reason to skip: Incorrect guest OS (FreeBSD only)
2025-09-09 10:10:04 ====
2025-09-09 10:10:04 Performing test ID BANN-7124 (Check issue banner file)
2025-09-09 10:10:04 Test: Checking file /etc/issue
2025-09-09 10:10:04 ====
2025-09-09 10:10:04 Performing test ID BANN-7126 (Check issue banner file contents)
2025-09-09 10:10:04 Test: Checking file /etc/issue contents for legal key words
2025-09-09 10:10:04 Result: Found only 0 key words (5 or more suggested), to warn unauthorized users and could be increased
2025-09-09 10:10:04 Suggestion: Add a legal banner to /etc/issue, to warn unauthorized users [test:BANN-7126] [details:-] [solution:-]
2025-09-09 10:10:04 Hardening: assigned partial number of hardening points (0 of 1). Currently having 204 points (out of 256)
2025-09-09 10:10:04 ====
2025-09-09 10:10:04 Performing test ID BANN-7128 (Check issue.net banner file)
2025-09-09 10:10:04 Test: Checking file /etc/issue.net
2025-09-09 10:10:04 Result: file /etc/issue.net exists
2025-09-09 10:10:04 ====
2025-09-09 10:10:04 Performing test ID BANN-7130 (Check issue.net banner file contents)
2025-09-09 10:10:04 Test: Checking file /etc/issue.net contents for legal key words
2025-09-09 10:10:04 Result: Found only 0 key words, to warn unauthorized users and could be increased
2025-09-09 10:10:04 Suggestion: Add legal banner to /etc/issue.net, to warn unauthorized users [test:BANN-7130] [details:-] [solution:-]
2025-09-09 10:10:04 Hardening: assigned partial number of hardening points (0 of 1). Currently having 204 points (out of 257)
2025-09-09 10:10:04 Security check: file is normal
2025-09-09 10:10:04 Checking permissions of /usr/share/lynis/include/tests_scheduling
2025-09-09 10:10:04 File permissions are OK
2025-09-09 10:10:04 ====
2025-09-09 10:10:04 Action: Performing tests from category: Scheduled tasks
2025-09-09 10:10:04 ====
2025-09-09 10:10:04 Performing test ID SCHD-7702 (Check status of cron daemon)
2025-09-09 10:10:04 Result: cron daemon running
2025-09-09 10:10:04 ====
2025-09-09 10:10:04 Performing test ID SCHD-7704 (Check crontab/cronjobs)
2025-09-09 10:10:04 Found cronjob (/etc/crontab): 0,2,*,*,*,root,/usr/bin/python3,/opt/legion/legion.py,scan,>/dev/null,2>&1
2025-09-09 10:10:04 Found cronjob (/etc/crontab): 17,*,*,*,*,root,cd,/,&&,run-parts,--report,/etc/cron.hourly
2025-09-09 10:10:04 Found cronjob (/etc/crontab): 25,6,*,*,*,root,test,-x,/usr/sbin/anacron,||,{,cd,/,&&,run-parts,--report,/etc/cron.daily;,}
2025-09-09 10:10:04 Found cronjob (/etc/crontab): 47,6,*,*,7,root,test,-x,/usr/sbin/anacron,||,{,cd,/,&&,run-parts,--report,/etc/cron.weekly;,}
2025-09-09 10:10:04 Found cronjob (/etc/crontab): 52,6,1,*,*,root,test,-x,/usr/sbin/anacron,||,{,cd,/,&&,run-parts,--report,/etc/cron.monthly;,}
2025-09-09 10:10:04 Test: checking directory /etc/cron.d
2025-09-09 10:10:04 Test: check if we can access /etc/cron.d (escaped: /etc/cron.d)
2025-09-09 10:10:04 Result: file is owned by our current user ID (0), checking if it is readable
2025-09-09 10:10:04 Result: file /etc/cron.d is readable (or directory accessible).
2025-09-09 10:10:04 Result: found directory /etc/cron.d
2025-09-09 10:10:04 Test: searching files in /etc/cron.d
2025-09-09 10:10:04 Result: found one or more files in /etc/cron.d. Analyzing files..
2025-09-09 10:10:04 Result: Found cronjob (/etc/cron.d/mdadm): 57,0,*,*,0,root,if,[,-x,/usr/share/mdadm/checkarray,],&&,[,$(date,+\%d),-le,7,];,then,/usr/share/mdadm/checkarray,--cron,--all,--idle,--quiet;,fi
2025-09-09 10:10:04 Result: Found cronjob (/etc/cron.d/e2scrub_all): 10,3,*,*,*,root,test,-e,/run/systemd/system,||,SERVICE_MODE=1,/sbin/e2scrub_all,-A,-r
2025-09-09 10:10:04 Result: Found cronjob (/etc/cron.d/e2scrub_all): 30,3,*,*,0,root,test,-e,/run/systemd/system,||,SERVICE_MODE=1,/usr/lib/x86_64-linux-gnu/e2fsprogs/e2scrub_all_cron
2025-09-09 10:10:04 Result: Found cronjob (/etc/cron.d/anacron): 30,7-23,*,*,*,root,[,-x,/etc/init.d/anacron,],&&,if,[,!,-d,/run/systemd/system,];,then,/usr/sbin/invoke-rc.d,anacron,start,>/dev/null;,fi
2025-09-09 10:10:04 Result: Found cronjob (/etc/cron.d/sysstat): 5-55/10,*,*,*,*,root,command,-v,debian-sa1,>,/dev/null,&&,debian-sa1,1,1
2025-09-09 10:10:04 Result: Found cronjob (/etc/cron.d/sysstat): 59,23,*,*,*,root,command,-v,debian-sa1,>,/dev/null,&&,debian-sa1,60,2
2025-09-09 10:10:04 Result: done with analyzing files in /etc/cron.d
2025-09-09 10:10:04 Test: checking directory /etc/cron.hourly
2025-09-09 10:10:04 Result: found directory /etc/cron.hourly
2025-09-09 10:10:04 Test: check if we can access /etc/cron.hourly (escaped: /etc/cron.hourly)
2025-09-09 10:10:04 Result: file is owned by our current user ID (0), checking if it is readable
2025-09-09 10:10:04 Result: file /etc/cron.hourly is readable (or directory accessible).
2025-09-09 10:10:04 Test: searching files in /etc/cron.hourly
2025-09-09 10:10:04 Result: no files found in /etc/cron.hourly
2025-09-09 10:10:04 Test: checking directory /etc/cron.daily
2025-09-09 10:10:04 Result: found directory /etc/cron.daily
2025-09-09 10:10:04 Test: check if we can access /etc/cron.daily (escaped: /etc/cron.daily)
2025-09-09 10:10:04 Result: file is owned by our current user ID (0), checking if it is readable
2025-09-09 10:10:04 Result: file /etc/cron.daily is readable (or directory accessible).
2025-09-09 10:10:04 Test: searching files in /etc/cron.daily
2025-09-09 10:10:04 Result: found one or more files in /etc/cron.daily. Analyzing files..
2025-09-09 10:10:04 Result: Found cronjob (/etc/cron.daily): /etc/cron.daily/dpkg
2025-09-09 10:10:04 Result: Found cronjob (/etc/cron.daily): /etc/cron.daily/0anacron
2025-09-09 10:10:04 Result: Found cronjob (/etc/cron.daily): /etc/cron.daily/exim4-base
2025-09-09 10:10:04 Result: Found cronjob (/etc/cron.daily): /etc/cron.daily/rkhunter
2025-09-09 10:10:04 Result: Found cronjob (/etc/cron.daily): /etc/cron.daily/mdadm
2025-09-09 10:10:04 Result: Found cronjob (/etc/cron.daily): /etc/cron.daily/chkrootkit
2025-09-09 10:10:04 Result: Found cronjob (/etc/cron.daily): /etc/cron.daily/aide
2025-09-09 10:10:04 Result: Found cronjob (/etc/cron.daily): /etc/cron.daily/logrotate
2025-09-09 10:10:04 Result: Found cronjob (/etc/cron.daily): /etc/cron.daily/debsums
2025-09-09 10:10:04 Action: checking symlink for file /etc/cron.daily/brave-browser
2025-09-09 10:10:04 Note: Using real readlink binary to determine symlink on /etc/cron.daily/brave-browser
2025-09-09 10:10:04 Result: readlink shows /opt/brave.com/brave/cron/brave-browser as output
2025-09-09 10:10:04 Result: symlink found, pointing to file /opt/brave.com/brave/cron/brave-browser
2025-09-09 10:10:04 Result: Found cronjob (/etc/cron.daily): /etc/cron.daily/brave-browser
2025-09-09 10:10:04 Result: Found cronjob (/etc/cron.daily): /etc/cron.daily/sysstat
2025-09-09 10:10:04 Result: Found cronjob (/etc/cron.daily): /etc/cron.daily/man-db
2025-09-09 10:10:04 Result: Found cronjob (/etc/cron.daily): /etc/cron.daily/apt-compat
2025-09-09 10:10:04 Result: Found cronjob (/etc/cron.daily): /etc/cron.daily/apt-listbugs
2025-09-09 10:10:04 Result: done with analyzing files in /etc/cron.daily
2025-09-09 10:10:04 Test: checking directory /etc/cron.weekly
2025-09-09 10:10:04 Result: found directory /etc/cron.weekly
2025-09-09 10:10:04 Test: check if we can access /etc/cron.weekly (escaped: /etc/cron.weekly)
2025-09-09 10:10:04 Result: file is owned by our current user ID (0), checking if it is readable
2025-09-09 10:10:04 Result: file /etc/cron.weekly is readable (or directory accessible).
2025-09-09 10:10:04 Test: searching files in /etc/cron.weekly
2025-09-09 10:10:04 Result: found one or more files in /etc/cron.weekly. Analyzing files..
2025-09-09 10:10:04 Result: Found cronjob (/etc/cron.weekly): /etc/cron.weekly/0anacron
2025-09-09 10:10:04 Result: Found cronjob (/etc/cron.weekly): /etc/cron.weekly/rkhunter
2025-09-09 10:10:04 Result: Found cronjob (/etc/cron.weekly): /etc/cron.weekly/debsums
2025-09-09 10:10:04 Result: Found cronjob (/etc/cron.weekly): /etc/cron.weekly/man-db
2025-09-09 10:10:04 Result: done with analyzing files in /etc/cron.weekly
2025-09-09 10:10:04 Test: checking directory /etc/cron.monthly
2025-09-09 10:10:04 Result: found directory /etc/cron.monthly
2025-09-09 10:10:04 Test: check if we can access /etc/cron.monthly (escaped: /etc/cron.monthly)
2025-09-09 10:10:04 Result: file is owned by our current user ID (0), checking if it is readable
2025-09-09 10:10:04 Result: file /etc/cron.monthly is readable (or directory accessible).
2025-09-09 10:10:04 Test: searching files in /etc/cron.monthly
2025-09-09 10:10:04 Result: found one or more files in /etc/cron.monthly. Analyzing files..
2025-09-09 10:10:04 Result: Found cronjob (/etc/cron.monthly): /etc/cron.monthly/0anacron
2025-09-09 10:10:04 Result: Found cronjob (/etc/cron.monthly): /etc/cron.monthly/debsums
2025-09-09 10:10:04 Result: done with analyzing files in /etc/cron.monthly
2025-09-09 10:10:04 Test: checking anacrontab
2025-09-09 10:10:04 Found anacron job (/etc/anacrontab): 1,5,cron.daily,run-parts,--report,/etc/cron.daily
2025-09-09 10:10:04 Found anacron job (/etc/anacrontab): 7,10,cron.weekly,run-parts,--report,/etc/cron.weekly
2025-09-09 10:10:04 Found anacron job (/etc/anacrontab): @monthly,15,cron.monthly,run-parts,--report,/etc/cron.monthly
2025-09-09 10:10:04 ====
2025-09-09 10:10:04 Performing test ID SCHD-7718 (Check at users)
2025-09-09 10:10:04 Test: Checking atd status
2025-09-09 10:10:04 Result: at daemon not active
2025-09-09 10:10:04 ====
2025-09-09 10:10:04 Skipped test SCHD-7720 (Check at users)
2025-09-09 10:10:04 Reason to skip: Prerequisites not met (ie missing tool, other type of Linux distribution)
2025-09-09 10:10:04 ====
2025-09-09 10:10:04 Skipped test SCHD-7724 (Check at jobs)
2025-09-09 10:10:04 Reason to skip: Prerequisites not met (ie missing tool, other type of Linux distribution)
2025-09-09 10:10:04 Result: no scheduled Lynis execution found (e.g. crontab, cronjob)
2025-09-09 10:10:04 Security check: file is normal
2025-09-09 10:10:04 Checking permissions of /usr/share/lynis/include/tests_accounting
2025-09-09 10:10:04 File permissions are OK
2025-09-09 10:10:04 ====
2025-09-09 10:10:04 Action: Performing tests from category: Accounting
2025-09-09 10:10:04 ====
2025-09-09 10:10:04 Skipped test ACCT-2754 (Check for available FreeBSD accounting information)
2025-09-09 10:10:04 Reason to skip: Incorrect guest OS (FreeBSD only)
2025-09-09 10:10:04 ====
2025-09-09 10:10:04 Skipped test ACCT-2760 (Check for available OpenBSD accounting information)
2025-09-09 10:10:04 Reason to skip: Incorrect guest OS (OpenBSD only)
2025-09-09 10:10:04 ====
2025-09-09 10:10:04 Performing test ID ACCT-9622 (Check for available Linux accounting information)
2025-09-09 10:10:04 Test: Check accounting information
2025-09-09 10:10:04 Result: No accounting information available (/var/account/pacct, /var/log/account/pacct nor /var/log/pacct exist)
2025-09-09 10:10:04 Remark: Possibly there is another location where the accounting data is stored
2025-09-09 10:10:04 Suggestion: Enable process accounting [test:ACCT-9622] [details:-] [solution:-]
2025-09-09 10:10:04 Hardening: assigned partial number of hardening points (2 of 3). Currently having 206 points (out of 260)
2025-09-09 10:10:04 ====
2025-09-09 10:10:04 Performing test ID ACCT-9626 (Check for sysstat accounting data)
2025-09-09 10:10:04 Test: check /etc/default/sysstat presence
2025-09-09 10:10:04 Result: /etc/default/sysstat found
2025-09-09 10:10:04 Result: sysstat disabled via /etc/default/sysstat
2025-09-09 10:10:04 Suggestion: Enable sysstat to collect accounting (disabled) [test:ACCT-9626] [details:-] [solution:-]
2025-09-09 10:10:04 ====
2025-09-09 10:10:04 Performing test ID ACCT-9628 (Check for auditd)
2025-09-09 10:10:04 Test: Check auditd status
2025-09-09 10:10:04 Performing pgrep scan without uid
2025-09-09 10:10:04 IsRunning: process 'auditd' found (590 )
2025-09-09 10:10:04 Result: auditd running
2025-09-09 10:10:04 Hardening: assigned maximum number of hardening points for this item (4). Currently having 210 points (out of 264)
2025-09-09 10:10:04 ====
2025-09-09 10:10:04 Performing test ID ACCT-9630 (Check for auditd rules)
2025-09-09 10:10:04 Test: Checking auditd rules
2025-09-09 10:10:04 Result: found auditd rules
2025-09-09 10:10:04 Output: -w /sbin/init -p x -k system-lifecycle
2025-09-09 10:10:04 Output: -w /sbin/reboot -p x -k system-lifecycle
2025-09-09 10:10:04 Output: -w /sbin/halt -p x -k system-lifecycle
2025-09-09 10:10:04 Output: -w /sbin/poweroff -p x -k system-lifecycle
2025-09-09 10:10:04 Output: -w /usr/sbin/shutdown -p x -k system-lifecycle
2025-09-09 10:10:04 Output: -w /etc/passwd -p wa -k identity
2025-09-09 10:10:04 Output: -w /etc/shadow -p wa -k identity
2025-09-09 10:10:04 Output: -w /etc/group -p wa -k identity
2025-09-09 10:10:04 Output: -w /etc/gshadow -p wa -k identity
2025-09-09 10:10:04 Output: -w /etc/security/opasswd -p wa -k identity
2025-09-09 10:10:04 Output: -a always,exit -F arch=b64 -S sethostname,setdomainname -F key=system-info
2025-09-09 10:10:04 Output: -a always,exit -F arch=b32 -S sethostname,setdomainname -F key=system-info
2025-09-09 10:10:04 Output: -w /etc/sysconfig -p wa -k system-config
2025-09-09 10:10:04 Output: -w /etc/default -p wa -k system-config
2025-09-09 10:10:04 Output: -w /etc/security -p wa -k system-config
2025-09-09 10:10:04 Output: -w /etc/pam.d -p wa -k system-config
2025-09-09 10:10:04 Output: -w /etc/login.defs -p wa -k system-config
2025-09-09 10:10:04 Output: -w /etc/bashrc -p wa -k system-config
2025-09-09 10:10:04 Output: -w /etc/profile -p wa -k system-config
2025-09-09 10:10:04 Output: -w /etc/csh.cshrc -p wa -k system-config
2025-09-09 10:10:04 Output: -w /etc/csh.login -p wa -k system-config
2025-09-09 10:10:04 Output: -w /etc/crontab -p wa -k system-config
2025-09-09 10:10:04 Output: -w /etc/at.allow -p wa -k system-config
2025-09-09 10:10:04 Output: -w /etc/at.deny -p wa -k system-config
2025-09-09 10:10:04 Output: -w /etc/cron.allow -p wa -k system-config
2025-09-09 10:10:04 Output: -w /etc/cron.deny -p wa -k system-config
2025-09-09 10:10:04 Output: -w /etc/cron.d -p wa -k system-config
2025-09-09 10:10:04 Output: -w /etc/cron.hourly -p wa -k system-config
2025-09-09 10:10:04 Output: -w /etc/cron.daily -p wa -k system-config
2025-09-09 10:10:04 Output: -w /etc/cron.weekly -p wa -k system-config
2025-09-09 10:10:04 Output: -w /etc/cron.monthly -p wa -k system-config
2025-09-09 10:10:04 Output: -w /etc/anacrontab -p wa -k system-config
2025-09-09 10:10:04 Output: -w /var/spool/cron/crontabs -p wa -k system-config
2025-09-09 10:10:04 Output: -w /etc/sysctl.conf -p wa -k system-config
2025-09-09 10:10:04 Output: -w /etc/modprobe.d -p wa -k system-config
2025-09-09 10:10:04 Output: -w /etc/apt/sources.list -p wa -k system-config
2025-09-09 10:10:04 Output: -w /etc/apt/sources.list.d -p wa -k system-config
2025-09-09 10:10:04 Output: -w /etc/resolv.conf -p wa -k system-config
2025-09-09 10:10:04 Output: -w /etc/hosts -p wa -k system-config
2025-09-09 10:10:04 Output: -w /etc/network/interfaces -p wa -k system-config
2025-09-09 10:10:04 Output: -w /etc/fstab -p wa -k system-config
2025-09-09 10:10:04 Output: -w /sbin/insmod -p x -k modules
2025-09-09 10:10:04 Output: -w /sbin/rmmod -p x -k modules
2025-09-09 10:10:04 Output: -w /sbin/modprobe -p x -k modules
2025-09-09 10:10:04 Output: -a always,exit -F arch=b64 -S init_module,delete_module -F key=modules
2025-09-09 10:10:04 Output: -a always,exit -F arch=b32 -S init_module,delete_module -F key=modules
2025-09-09 10:10:04 Output: -w /var/log/faillog -p wa -k logins
2025-09-09 10:10:05 Output: -w /var/log/lastlog -p wa -k logins
2025-09-09 10:10:05 Output: -w /var/log/tallylog -p wa -k logins
2025-09-09 10:10:05 Output: -w /var/run/utmp -p wa -k session
2025-09-09 10:10:05 Output: -w /var/log/wtmp -p wa -k session
2025-09-09 10:10:05 Output: -w /var/log/btmp -p wa -k session
2025-09-09 10:10:05 Output: -w /usr/bin/sudo -p x -k privilege-escalation
2025-09-09 10:10:05 Output: -w /usr/bin/su -p x -k privilege-escalation
2025-09-09 10:10:05 Output: -w /etc/audit/auditd.conf -p wa -k audit-config
2025-09-09 10:10:05 Output: -w /etc/audit/audit.rules -p wa -k audit-config
2025-09-09 10:10:05 Output: -w /bin/mount -p x -k privileged-command
2025-09-09 10:10:05 Output: -w /bin/umount -p x -k privileged-command
2025-09-09 10:10:05 Output: -w /usr/bin/passwd -p x -k privileged-command
2025-09-09 10:10:05 Output: -w /usr/bin/chsh -p x -k privileged-command
2025-09-09 10:10:05 Output: -w /usr/bin/gpasswd -p x -k privileged-command
2025-09-09 10:10:05 Output: -a always,exit -F arch=b64 -S rename,unlink,unlinkat,renameat -F dir=/etc -F auid>=1000 -F auid!=-1 -F key=config-file-delete
2025-09-09 10:10:05 Output: -a always,exit -F arch=b32 -S unlink,rename,unlinkat,renameat -F dir=/etc -F auid>=1000 -F auid!=-1 -F key=config-file-delete
2025-09-09 10:10:05 Output: -a always,exit -F arch=b64 -S adjtimex,settimeofday,clock_settime -F key=time-change
2025-09-09 10:10:05 Output: -a always,exit -F arch=b32 -S settimeofday,adjtimex,clock_settime -F key=time-change
2025-09-09 10:10:05 Output: -w /etc/localtime -p wa -k time-change
2025-09-09 10:10:05 Output: -a always,exit -F arch=b64 -S sethostname,setdomainname -F key=network-config
2025-09-09 10:10:05 Output: -a always,exit -F arch=b32 -S sethostname,setdomainname -F key=network-config
2025-09-09 10:10:05 ====
2025-09-09 10:10:05 Performing test ID ACCT-9632 (Check for auditd configuration file)
2025-09-09 10:10:05 Test: Checking auditd configuration file
2025-09-09 10:10:05 Result: /etc/auditd.conf not found
2025-09-09 10:10:05 Result: Found /etc/audit/auditd.conf
2025-09-09 10:10:05 ====
2025-09-09 10:10:05 Performing test ID ACCT-9634 (Check for auditd log file)
2025-09-09 10:10:05 Test: Checking auditd log file
2025-09-09 10:10:05 Result: log file is defined
2025-09-09 10:10:05 Defined value: /var/log/audit/audit.log
2025-09-09 10:10:05 Result: log file /var/log/audit/audit.log exists on disk
2025-09-09 10:10:05 ====
2025-09-09 10:10:05 Performing test ID ACCT-9636 (Check for Snoopy wrapper and logger)
2025-09-09 10:10:05 ====
2025-09-09 10:10:05 Skipped test ACCT-9650 (Check Solaris audit daemon)
2025-09-09 10:10:05 Reason to skip: Incorrect guest OS (Solaris only)
2025-09-09 10:10:05 ====
2025-09-09 10:10:05 Skipped test ACCT-9652 (Check auditd SMF status)
2025-09-09 10:10:05 Reason to skip: Incorrect guest OS (Solaris only)
2025-09-09 10:10:05 ====
2025-09-09 10:10:05 Skipped test ACCT-9654 (Check BSM auditing in /etc/system)
2025-09-09 10:10:05 Reason to skip: Incorrect guest OS (Solaris only)
2025-09-09 10:10:05 ====
2025-09-09 10:10:05 Skipped test ACCT-9656 (Check BSM auditing in module list)
2025-09-09 10:10:05 Reason to skip: Incorrect guest OS (Solaris only)
2025-09-09 10:10:05 ====
2025-09-09 10:10:05 Skipped test ACCT-9660 (Check location of audit events)
2025-09-09 10:10:05 Reason to skip: Incorrect guest OS (Solaris only)
2025-09-09 10:10:05 ====
2025-09-09 10:10:05 Skipped test ACCT-9662 (Check Solaris auditing stats)
2025-09-09 10:10:05 Reason to skip: Incorrect guest OS (Solaris only)
2025-09-09 10:10:05 ====
2025-09-09 10:10:05 Skipped test ACCT-9670 (Check for cmd)
2025-09-09 10:10:05 Reason to skip: Prerequisites not met (ie missing tool, other type of Linux distribution)
2025-09-09 10:10:05 ====
2025-09-09 10:10:05 Skipped test ACCT-9672 (Check for cmd configuration file)
2025-09-09 10:10:05 Reason to skip: Prerequisites not met (ie missing tool, other type of Linux distribution)
2025-09-09 10:10:05 Security check: file is normal
2025-09-09 10:10:05 Checking permissions of /usr/share/lynis/include/tests_time
2025-09-09 10:10:05 File permissions are OK
2025-09-09 10:10:05 ====
2025-09-09 10:10:05 Action: Performing tests from category: Time and Synchronization
2025-09-09 10:10:05 ====
2025-09-09 10:10:05 Performing test ID TIME-3104 (Check for running NTP daemon or client)
2025-09-09 10:10:05 Test: Searching for a running NTP daemon or available client
2025-09-09 10:10:05 Result: no chrony configuration found
2025-09-09 10:10:05 Performing pgrep scan without uid
2025-09-09 10:10:05 IsRunning: process 'dntpd' not found
2025-09-09 10:10:05 Performing pgrep scan without uid
2025-09-09 10:10:05 IsRunning: process 'timed' not found
2025-09-09 10:10:05 Result: Found running systemd-timesyncd in process list
2025-09-09 10:10:05 Test: checking for ntpdate, rdate, sntp or ntpdig in crontab file /etc/anacrontab
2025-09-09 10:10:05 Result: no ntpdate, rdate, sntp or ntpdig reference found in crontab file /etc/anacrontab
2025-09-09 10:10:05 Test: checking for ntpdate, rdate, sntp or ntpdig in crontab file /etc/crontab
2025-09-09 10:10:05 Result: no ntpdate, rdate, sntp or ntpdig reference found in crontab file /etc/crontab
2025-09-09 10:10:05 Test: checking for ntpdate, rdate, sntp or ntpdig in /etc/cron.d/anacron
2025-09-09 10:10:05 Test: checking for ntpdate, rdate, sntp or ntpdig in /etc/cron.d/e2scrub_all
2025-09-09 10:10:05 Test: checking for ntpdate, rdate, sntp or ntpdig in /etc/cron.d/mdadm
2025-09-09 10:10:05 Test: checking for ntpdate, rdate, sntp or ntpdig in /etc/cron.d/sysstat
2025-09-09 10:10:05 Test: checking for ntpdate, rdate, sntp or ntpdig in /etc/cron.daily/0anacron
2025-09-09 10:10:05 Test: checking for ntpdate, rdate, sntp or ntpdig in /etc/cron.daily/aide
2025-09-09 10:10:05 Test: checking for ntpdate, rdate, sntp or ntpdig in /etc/cron.daily/apt-compat
2025-09-09 10:10:05 Test: checking for ntpdate, rdate, sntp or ntpdig in /etc/cron.daily/apt-listbugs
2025-09-09 10:10:05 Test: checking for ntpdate, rdate, sntp or ntpdig in /etc/cron.daily/brave-browser
2025-09-09 10:10:05 Test: checking for ntpdate, rdate, sntp or ntpdig in /etc/cron.daily/chkrootkit
2025-09-09 10:10:05 Test: checking for ntpdate, rdate, sntp or ntpdig in /etc/cron.daily/debsums
2025-09-09 10:10:05 Test: checking for ntpdate, rdate, sntp or ntpdig in /etc/cron.daily/dpkg
2025-09-09 10:10:05 Test: checking for ntpdate, rdate, sntp or ntpdig in /etc/cron.daily/exim4-base
2025-09-09 10:10:05 Test: checking for ntpdate, rdate, sntp or ntpdig in /etc/cron.daily/logrotate
2025-09-09 10:10:05 Test: checking for ntpdate, rdate, sntp or ntpdig in /etc/cron.daily/man-db
2025-09-09 10:10:05 Test: checking for ntpdate, rdate, sntp or ntpdig in /etc/cron.daily/mdadm
2025-09-09 10:10:05 Test: checking for ntpdate, rdate, sntp or ntpdig in /etc/cron.daily/rkhunter
2025-09-09 10:10:05 Test: checking for ntpdate, rdate, sntp or ntpdig in /etc/cron.daily/sysstat
2025-09-09 10:10:05 Test: checking for ntpdate, rdate, sntp or ntpdig in /etc/cron.weekly/0anacron
2025-09-09 10:10:05 Test: checking for ntpdate, rdate, sntp or ntpdig in /etc/cron.weekly/debsums
2025-09-09 10:10:05 Test: checking for ntpdate, rdate, sntp or ntpdig in /etc/cron.weekly/man-db
2025-09-09 10:10:05 Test: checking for ntpdate, rdate, sntp or ntpdig in /etc/cron.weekly/rkhunter
2025-09-09 10:10:05 Test: checking for ntpdate, rdate, sntp or ntpdig in /etc/cron.monthly/0anacron
2025-09-09 10:10:05 Test: checking for ntpdate, rdate, sntp or ntpdig in /etc/cron.monthly/debsums
2025-09-09 10:10:05 Result: no ntpdate or rdate found in cron directories
2025-09-09 10:10:05 Test: checking for file /etc/network/if-up.d/ntpdate
2025-09-09 10:10:05 Result: file /etc/network/if-up.d/ntpdate does not exist
2025-09-09 10:10:05 Result: Found a time syncing daemon/client.
2025-09-09 10:10:05 Hardening: assigned maximum number of hardening points for this item (3). Currently having 213 points (out of 267)
2025-09-09 10:10:05 ====
2025-09-09 10:10:05 Skipped test TIME-3106 (Check systemd NTP time synchronization status)
2025-09-09 10:10:05 Reason to skip: Prerequisites not met (ie missing tool, other type of Linux distribution)
2025-09-09 10:10:05 ====
2025-09-09 10:10:05 Skipped test TIME-3112 (Check active NTP associations ID's)
2025-09-09 10:10:05 Reason to skip: Prerequisites not met (ie missing tool, other type of Linux distribution)
2025-09-09 10:10:05 ====
2025-09-09 10:10:05 Skipped test TIME-3116 (Check peers with stratum value of 16)
2025-09-09 10:10:05 Reason to skip: Prerequisites not met (ie missing tool, other type of Linux distribution)
2025-09-09 10:10:05 ====
2025-09-09 10:10:05 Skipped test TIME-3120 (Check unreliable NTP peers)
2025-09-09 10:10:05 Reason to skip: Prerequisites not met (ie missing tool, other type of Linux distribution)
2025-09-09 10:10:05 ====
2025-09-09 10:10:05 Skipped test TIME-3124 (Check selected time source)
2025-09-09 10:10:05 Reason to skip: Prerequisites not met (ie missing tool, other type of Linux distribution)
2025-09-09 10:10:05 ====
2025-09-09 10:10:05 Skipped test TIME-3128 (Check preferred time source)
2025-09-09 10:10:05 Reason to skip: Prerequisites not met (ie missing tool, other type of Linux distribution)
2025-09-09 10:10:05 ====
2025-09-09 10:10:05 Skipped test TIME-3132 (Check NTP falsetickers)
2025-09-09 10:10:05 Reason to skip: Prerequisites not met (ie missing tool, other type of Linux distribution)
2025-09-09 10:10:05 ====
2025-09-09 10:10:05 Skipped test TIME-3136 (Check NTP protocol version)
2025-09-09 10:10:05 Reason to skip: Prerequisites not met (ie missing tool, other type of Linux distribution)
2025-09-09 10:10:05 ====
2025-09-09 10:10:05 Performing test ID TIME-3148 (Check TZ variable)
2025-09-09 10:10:05 Test: testing for TZ variable
2025-09-09 10:10:05 Result: found TZ variable with value notset
2025-09-09 10:10:05 ====
2025-09-09 10:10:05 Skipped test TIME-3160 (Check empty NTP step-tickers)
2025-09-09 10:10:05 Reason to skip: Prerequisites not met (ie missing tool, other type of Linux distribution)
2025-09-09 10:10:05 ====
2025-09-09 10:10:05 Performing test ID TIME-3170 (Check configuration files)
2025-09-09 10:10:05 ====
2025-09-09 10:10:05 Skipped test TIME-3180 (Report if ntpctl cannot communicate with OpenNTPD)
2025-09-09 10:10:05 Reason to skip: Prerequisites not met (ie missing tool, other type of Linux distribution)
2025-09-09 10:10:05 ====
2025-09-09 10:10:05 Skipped test TIME-3181 (Check status of OpenNTPD time synchronisation)
2025-09-09 10:10:05 Reason to skip: Prerequisites not met (ie missing tool, other type of Linux distribution)
2025-09-09 10:10:05 ====
2025-09-09 10:10:05 Skipped test TIME-3182 (Check OpenNTPD has working peers)
2025-09-09 10:10:05 Reason to skip: Prerequisites not met (ie missing tool, other type of Linux distribution)
2025-09-09 10:10:05 ====
2025-09-09 10:10:05 Performing test ID TIME-3185 (Check systemd-timesyncd synchronized time)
2025-09-09 10:10:05 Warning: systemd-timesyncd did not synchronized the time recently. [test:TIME-3185] [details:-] [solution:-]
2025-09-09 10:10:05 Result: systemd-timesyncd synchronized time 24084 seconds ago.
2025-09-09 10:10:05 Security check: file is normal
2025-09-09 10:10:05 Checking permissions of /usr/share/lynis/include/tests_crypto
2025-09-09 10:10:05 File permissions are OK
2025-09-09 10:10:05 ====
2025-09-09 10:10:05 Action: Performing tests from category: Cryptography
2025-09-09 10:10:05 ====
2025-09-09 10:10:05 Performing test ID CRYP-7902 (Check expire date of SSL certificates)
2025-09-09 10:10:05 Paths to scan: /etc/apache2 /etc/dovecot /etc/httpd /etc/letsencrypt /etc/pki /etc/postfix /etc/refind.d/keys /etc/ssl /opt/psa/var/certificates /usr/local/psa/var/certificates /usr/local/share/ca-certificates /usr/share/ca-certificates /usr/share/gnupg /var/www /srv/www
2025-09-09 10:10:05 Paths to ignore: /etc/letsencrypt/archive
2025-09-09 10:10:05 Test: check if we can access /etc/apache2 (escaped: /etc/apache2)
2025-09-09 10:10:05 Result: file is owned by our current user ID (0), checking if it is readable
2025-09-09 10:10:05 Result: file /etc/apache2 is readable (or directory accessible).
2025-09-09 10:10:05 Result: found directory /etc/apache2
2025-09-09 10:10:05 Result: found 0 certificates in /etc/apache2
2025-09-09 10:10:05 Result: SSL path /etc/dovecot does not exist
2025-09-09 10:10:05 Result: SSL path /etc/httpd does not exist
2025-09-09 10:10:05 Result: SSL path /etc/letsencrypt does not exist
2025-09-09 10:10:05 Result: SSL path /etc/pki does not exist
2025-09-09 10:10:05 Result: SSL path /etc/postfix does not exist
2025-09-09 10:10:05 Result: SSL path /etc/refind.d/keys does not exist
2025-09-09 10:10:05 Test: check if we can access /etc/ssl (escaped: /etc/ssl)
2025-09-09 10:10:05 Result: file is owned by our current user ID (0), checking if it is readable
2025-09-09 10:10:05 Result: file /etc/ssl is readable (or directory accessible).
2025-09-09 10:10:05 Result: found directory /etc/ssl
2025-09-09 10:10:05 Test: check if we can access /etc/ssl/certs/ca-certificates.crt (escaped: /etc/ssl/certs/ca-certificates.crt)
2025-09-09 10:10:05 Result: file is owned by our current user ID (0), checking if it is readable
2025-09-09 10:10:05 Result: file /etc/ssl/certs/ca-certificates.crt is readable (or directory accessible).
2025-09-09 10:10:05 Result: file '/etc/ssl/certs/ca-certificates.crt' does most likely not belong to a package
2025-09-09 10:10:05 Result: file is a certificate file
2025-09-09 10:10:05 Result: certificate /etc/ssl/certs/ca-certificates.crt seems to be correct and still valid
2025-09-09 10:10:05 Test: check if we can access /etc/ssl/certs/ssl-cert-snakeoil.pem (escaped: /etc/ssl/certs/ssl-cert-snakeoil.pem)
2025-09-09 10:10:05 Result: file is owned by our current user ID (0), checking if it is readable
2025-09-09 10:10:05 Result: file /etc/ssl/certs/ssl-cert-snakeoil.pem is readable (or directory accessible).
2025-09-09 10:10:05 Result: file '/etc/ssl/certs/ssl-cert-snakeoil.pem' does most likely not belong to a package
2025-09-09 10:10:05 Result: file is a certificate file
2025-09-09 10:10:06 Result: certificate /etc/ssl/certs/ssl-cert-snakeoil.pem seems to be correct and still valid
2025-09-09 10:10:06 Result: found 2 certificates in /etc/ssl
2025-09-09 10:10:06 Result: SSL path /opt/psa/var/certificates does not exist
2025-09-09 10:10:06 Result: SSL path /usr/local/psa/var/certificates does not exist
2025-09-09 10:10:06 Test: check if we can access /usr/local/share/ca-certificates (escaped: /usr/local/share/ca-certificates)
2025-09-09 10:10:06 Result: file is owned by our current user ID (0), checking if it is readable
2025-09-09 10:10:06 Result: file /usr/local/share/ca-certificates is readable (or directory accessible).
2025-09-09 10:10:06 Result: found directory /usr/local/share/ca-certificates
2025-09-09 10:10:06 Result: found 0 certificates in /usr/local/share/ca-certificates
2025-09-09 10:10:06 Test: check if we can access /usr/share/ca-certificates (escaped: /usr/share/ca-certificates)
2025-09-09 10:10:06 Result: file is owned by our current user ID (0), checking if it is readable
2025-09-09 10:10:06 Result: file /usr/share/ca-certificates is readable (or directory accessible).
2025-09-09 10:10:06 Result: found directory /usr/share/ca-certificates
2025-09-09 10:10:06 Test: check if we can access /usr/share/ca-certificates/mozilla/ACCVRAIZ1.crt (escaped: /usr/share/ca-certificates/mozilla/ACCVRAIZ1.crt)
2025-09-09 10:10:06 Result: file is owned by our current user ID (0), checking if it is readable
2025-09-09 10:10:06 Result: file /usr/share/ca-certificates/mozilla/ACCVRAIZ1.crt is readable (or directory accessible).
2025-09-09 10:10:06 Result: file '/usr/share/ca-certificates/mozilla/ACCVRAIZ1.crt' belongs to package (ca-certificates)
2025-09-09 10:10:06 Test: check if we can access /usr/share/ca-certificates/mozilla/AC_RAIZ_FNMT-RCM.crt (escaped: /usr/share/ca-certificates/mozilla/AC_RAIZ_FNMT-RCM.crt)
2025-09-09 10:10:06 Result: file is owned by our current user ID (0), checking if it is readable
2025-09-09 10:10:06 Result: file /usr/share/ca-certificates/mozilla/AC_RAIZ_FNMT-RCM.crt is readable (or directory accessible).
2025-09-09 10:10:06 Result: file '/usr/share/ca-certificates/mozilla/AC_RAIZ_FNMT-RCM.crt' belongs to package (ca-certificates)
2025-09-09 10:10:06 Test: check if we can access /usr/share/ca-certificates/mozilla/AC_RAIZ_FNMT-RCM_SERVIDORES_SEGUROS.crt (escaped: /usr/share/ca-certificates/mozilla/AC_RAIZ_FNMT-RCM_SERVIDORES_SEGUROS.crt)
2025-09-09 10:10:06 Result: file is owned by our current user ID (0), checking if it is readable
2025-09-09 10:10:06 Result: file /usr/share/ca-certificates/mozilla/AC_RAIZ_FNMT-RCM_SERVIDORES_SEGUROS.crt is readable (or directory accessible).
2025-09-09 10:10:06 Result: file '/usr/share/ca-certificates/mozilla/AC_RAIZ_FNMT-RCM_SERVIDORES_SEGUROS.crt' belongs to package (ca-certificates)
2025-09-09 10:10:06 Test: check if we can access /usr/share/ca-certificates/mozilla/ANF_Secure_Server_Root_CA.crt (escaped: /usr/share/ca-certificates/mozilla/ANF_Secure_Server_Root_CA.crt)
2025-09-09 10:10:06 Result: file is owned by our current user ID (0), checking if it is readable
2025-09-09 10:10:06 Result: file /usr/share/ca-certificates/mozilla/ANF_Secure_Server_Root_CA.crt is readable (or directory accessible).
2025-09-09 10:10:06 Result: file '/usr/share/ca-certificates/mozilla/ANF_Secure_Server_Root_CA.crt' belongs to package (ca-certificates)
2025-09-09 10:10:06 Test: check if we can access /usr/share/ca-certificates/mozilla/Actalis_Authentication_Root_CA.crt (escaped: /usr/share/ca-certificates/mozilla/Actalis_Authentication_Root_CA.crt)
2025-09-09 10:10:06 Result: file is owned by our current user ID (0), checking if it is readable
2025-09-09 10:10:06 Result: file /usr/share/ca-certificates/mozilla/Actalis_Authentication_Root_CA.crt is readable (or directory accessible).
2025-09-09 10:10:06 Result: file '/usr/share/ca-certificates/mozilla/Actalis_Authentication_Root_CA.crt' belongs to package (ca-certificates)
2025-09-09 10:10:06 Test: check if we can access /usr/share/ca-certificates/mozilla/AffirmTrust_Commercial.crt (escaped: /usr/share/ca-certificates/mozilla/AffirmTrust_Commercial.crt)
2025-09-09 10:10:06 Result: file is owned by our current user ID (0), checking if it is readable
2025-09-09 10:10:06 Result: file /usr/share/ca-certificates/mozilla/AffirmTrust_Commercial.crt is readable (or directory accessible).
2025-09-09 10:10:07 Result: file '/usr/share/ca-certificates/mozilla/AffirmTrust_Commercial.crt' belongs to package (ca-certificates)
2025-09-09 10:10:07 Test: check if we can access /usr/share/ca-certificates/mozilla/AffirmTrust_Networking.crt (escaped: /usr/share/ca-certificates/mozilla/AffirmTrust_Networking.crt)
2025-09-09 10:10:07 Result: file is owned by our current user ID (0), checking if it is readable
2025-09-09 10:10:07 Result: file /usr/share/ca-certificates/mozilla/AffirmTrust_Networking.crt is readable (or directory accessible).
2025-09-09 10:10:07 Result: file '/usr/share/ca-certificates/mozilla/AffirmTrust_Networking.crt' belongs to package (ca-certificates)
2025-09-09 10:10:07 Test: check if we can access /usr/share/ca-certificates/mozilla/AffirmTrust_Premium.crt (escaped: /usr/share/ca-certificates/mozilla/AffirmTrust_Premium.crt)
2025-09-09 10:10:07 Result: file is owned by our current user ID (0), checking if it is readable
2025-09-09 10:10:07 Result: file /usr/share/ca-certificates/mozilla/AffirmTrust_Premium.crt is readable (or directory accessible).
2025-09-09 10:10:07 Result: file '/usr/share/ca-certificates/mozilla/AffirmTrust_Premium.crt' belongs to package (ca-certificates)
2025-09-09 10:10:07 Test: check if we can access /usr/share/ca-certificates/mozilla/AffirmTrust_Premium_ECC.crt (escaped: /usr/share/ca-certificates/mozilla/AffirmTrust_Premium_ECC.crt)
2025-09-09 10:10:07 Result: file is owned by our current user ID (0), checking if it is readable
2025-09-09 10:10:07 Result: file /usr/share/ca-certificates/mozilla/AffirmTrust_Premium_ECC.crt is readable (or directory accessible).
2025-09-09 10:10:07 Result: file '/usr/share/ca-certificates/mozilla/AffirmTrust_Premium_ECC.crt' belongs to package (ca-certificates)
2025-09-09 10:10:07 Test: check if we can access /usr/share/ca-certificates/mozilla/Amazon_Root_CA_1.crt (escaped: /usr/share/ca-certificates/mozilla/Amazon_Root_CA_1.crt)
2025-09-09 10:10:07 Result: file is owned by our current user ID (0), checking if it is readable
2025-09-09 10:10:07 Result: file /usr/share/ca-certificates/mozilla/Amazon_Root_CA_1.crt is readable (or directory accessible).
2025-09-09 10:10:07 Result: file '/usr/share/ca-certificates/mozilla/Amazon_Root_CA_1.crt' belongs to package (ca-certificates)
2025-09-09 10:10:07 Test: check if we can access /usr/share/ca-certificates/mozilla/Amazon_Root_CA_2.crt (escaped: /usr/share/ca-certificates/mozilla/Amazon_Root_CA_2.crt)
2025-09-09 10:10:07 Result: file is owned by our current user ID (0), checking if it is readable
2025-09-09 10:10:07 Result: file /usr/share/ca-certificates/mozilla/Amazon_Root_CA_2.crt is readable (or directory accessible).
2025-09-09 10:10:07 Result: file '/usr/share/ca-certificates/mozilla/Amazon_Root_CA_2.crt' belongs to package (ca-certificates)
2025-09-09 10:10:07 Test: check if we can access /usr/share/ca-certificates/mozilla/Amazon_Root_CA_3.crt (escaped: /usr/share/ca-certificates/mozilla/Amazon_Root_CA_3.crt)
2025-09-09 10:10:07 Result: file is owned by our current user ID (0), checking if it is readable
2025-09-09 10:10:07 Result: file /usr/share/ca-certificates/mozilla/Amazon_Root_CA_3.crt is readable (or directory accessible).
2025-09-09 10:10:08 Result: file '/usr/share/ca-certificates/mozilla/Amazon_Root_CA_3.crt' belongs to package (ca-certificates)
2025-09-09 10:10:08 Test: check if we can access /usr/share/ca-certificates/mozilla/Amazon_Root_CA_4.crt (escaped: /usr/share/ca-certificates/mozilla/Amazon_Root_CA_4.crt)
2025-09-09 10:10:08 Result: file is owned by our current user ID (0), checking if it is readable
2025-09-09 10:10:08 Result: file /usr/share/ca-certificates/mozilla/Amazon_Root_CA_4.crt is readable (or directory accessible).
2025-09-09 10:10:08 Result: file '/usr/share/ca-certificates/mozilla/Amazon_Root_CA_4.crt' belongs to package (ca-certificates)
2025-09-09 10:10:08 Test: check if we can access /usr/share/ca-certificates/mozilla/Atos_TrustedRoot_2011.crt (escaped: /usr/share/ca-certificates/mozilla/Atos_TrustedRoot_2011.crt)
2025-09-09 10:10:08 Result: file is owned by our current user ID (0), checking if it is readable
2025-09-09 10:10:08 Result: file /usr/share/ca-certificates/mozilla/Atos_TrustedRoot_2011.crt is readable (or directory accessible).
2025-09-09 10:10:08 Result: file '/usr/share/ca-certificates/mozilla/Atos_TrustedRoot_2011.crt' belongs to package (ca-certificates)
2025-09-09 10:10:08 Test: check if we can access /usr/share/ca-certificates/mozilla/Autoridad_de_Certificacion_Firmaprofesional_CIF_A62634068.crt (escaped: /usr/share/ca-certificates/mozilla/Autoridad_de_Certificacion_Firmaprofesional_CIF_A62634068.crt)
2025-09-09 10:10:08 Result: file is owned by our current user ID (0), checking if it is readable
2025-09-09 10:10:08 Result: file /usr/share/ca-certificates/mozilla/Autoridad_de_Certificacion_Firmaprofesional_CIF_A62634068.crt is readable (or directory accessible).
2025-09-09 10:10:08 Result: file '/usr/share/ca-certificates/mozilla/Autoridad_de_Certificacion_Firmaprofesional_CIF_A62634068.crt' belongs to package (ca-certificates)
2025-09-09 10:10:08 Test: check if we can access /usr/share/ca-certificates/mozilla/Autoridad_de_Certificacion_Firmaprofesional_CIF_A62634068_2.crt (escaped: /usr/share/ca-certificates/mozilla/Autoridad_de_Certificacion_Firmaprofesional_CIF_A62634068_2.crt)
2025-09-09 10:10:08 Result: file is owned by our current user ID (0), checking if it is readable
2025-09-09 10:10:08 Result: file /usr/share/ca-certificates/mozilla/Autoridad_de_Certificacion_Firmaprofesional_CIF_A62634068_2.crt is readable (or directory accessible).
2025-09-09 10:10:08 Result: file '/usr/share/ca-certificates/mozilla/Autoridad_de_Certificacion_Firmaprofesional_CIF_A62634068_2.crt' belongs to package (ca-certificates)
2025-09-09 10:10:08 Test: check if we can access /usr/share/ca-certificates/mozilla/Baltimore_CyberTrust_Root.crt (escaped: /usr/share/ca-certificates/mozilla/Baltimore_CyberTrust_Root.crt)
2025-09-09 10:10:08 Result: file is owned by our current user ID (0), checking if it is readable
2025-09-09 10:10:08 Result: file /usr/share/ca-certificates/mozilla/Baltimore_CyberTrust_Root.crt is readable (or directory accessible).
2025-09-09 10:10:08 Result: file '/usr/share/ca-certificates/mozilla/Baltimore_CyberTrust_Root.crt' belongs to package (ca-certificates)
2025-09-09 10:10:08 Test: check if we can access /usr/share/ca-certificates/mozilla/Buypass_Class_2_Root_CA.crt (escaped: /usr/share/ca-certificates/mozilla/Buypass_Class_2_Root_CA.crt)
2025-09-09 10:10:08 Result: file is owned by our current user ID (0), checking if it is readable
2025-09-09 10:10:08 Result: file /usr/share/ca-certificates/mozilla/Buypass_Class_2_Root_CA.crt is readable (or directory accessible).
2025-09-09 10:10:09 Result: file '/usr/share/ca-certificates/mozilla/Buypass_Class_2_Root_CA.crt' belongs to package (ca-certificates)
2025-09-09 10:10:09 Test: check if we can access /usr/share/ca-certificates/mozilla/Buypass_Class_3_Root_CA.crt (escaped: /usr/share/ca-certificates/mozilla/Buypass_Class_3_Root_CA.crt)
2025-09-09 10:10:09 Result: file is owned by our current user ID (0), checking if it is readable
2025-09-09 10:10:09 Result: file /usr/share/ca-certificates/mozilla/Buypass_Class_3_Root_CA.crt is readable (or directory accessible).
2025-09-09 10:10:09 Result: file '/usr/share/ca-certificates/mozilla/Buypass_Class_3_Root_CA.crt' belongs to package (ca-certificates)
2025-09-09 10:10:09 Test: check if we can access /usr/share/ca-certificates/mozilla/CA_Disig_Root_R2.crt (escaped: /usr/share/ca-certificates/mozilla/CA_Disig_Root_R2.crt)
2025-09-09 10:10:09 Result: file is owned by our current user ID (0), checking if it is readable
2025-09-09 10:10:09 Result: file /usr/share/ca-certificates/mozilla/CA_Disig_Root_R2.crt is readable (or directory accessible).
2025-09-09 10:10:09 Result: file '/usr/share/ca-certificates/mozilla/CA_Disig_Root_R2.crt' belongs to package (ca-certificates)
2025-09-09 10:10:09 Test: check if we can access /usr/share/ca-certificates/mozilla/CFCA_EV_ROOT.crt (escaped: /usr/share/ca-certificates/mozilla/CFCA_EV_ROOT.crt)
2025-09-09 10:10:09 Result: file is owned by our current user ID (0), checking if it is readable
2025-09-09 10:10:09 Result: file /usr/share/ca-certificates/mozilla/CFCA_EV_ROOT.crt is readable (or directory accessible).
2025-09-09 10:10:09 Result: file '/usr/share/ca-certificates/mozilla/CFCA_EV_ROOT.crt' belongs to package (ca-certificates)
2025-09-09 10:10:09 Test: check if we can access /usr/share/ca-certificates/mozilla/COMODO_Certification_Authority.crt (escaped: /usr/share/ca-certificates/mozilla/COMODO_Certification_Authority.crt)
2025-09-09 10:10:09 Result: file is owned by our current user ID (0), checking if it is readable
2025-09-09 10:10:09 Result: file /usr/share/ca-certificates/mozilla/COMODO_Certification_Authority.crt is readable (or directory accessible).
2025-09-09 10:10:09 Result: file '/usr/share/ca-certificates/mozilla/COMODO_Certification_Authority.crt' belongs to package (ca-certificates)
2025-09-09 10:10:09 Test: check if we can access /usr/share/ca-certificates/mozilla/COMODO_ECC_Certification_Authority.crt (escaped: /usr/share/ca-certificates/mozilla/COMODO_ECC_Certification_Authority.crt)
2025-09-09 10:10:09 Result: file is owned by our current user ID (0), checking if it is readable
2025-09-09 10:10:09 Result: file /usr/share/ca-certificates/mozilla/COMODO_ECC_Certification_Authority.crt is readable (or directory accessible).
2025-09-09 10:10:09 Result: file '/usr/share/ca-certificates/mozilla/COMODO_ECC_Certification_Authority.crt' belongs to package (ca-certificates)
2025-09-09 10:10:09 Test: check if we can access /usr/share/ca-certificates/mozilla/COMODO_RSA_Certification_Authority.crt (escaped: /usr/share/ca-certificates/mozilla/COMODO_RSA_Certification_Authority.crt)
2025-09-09 10:10:09 Result: file is owned by our current user ID (0), checking if it is readable
2025-09-09 10:10:09 Result: file /usr/share/ca-certificates/mozilla/COMODO_RSA_Certification_Authority.crt is readable (or directory accessible).
2025-09-09 10:10:10 Result: file '/usr/share/ca-certificates/mozilla/COMODO_RSA_Certification_Authority.crt' belongs to package (ca-certificates)
2025-09-09 10:10:10 Test: check if we can access /usr/share/ca-certificates/mozilla/Certainly_Root_E1.crt (escaped: /usr/share/ca-certificates/mozilla/Certainly_Root_E1.crt)
2025-09-09 10:10:10 Result: file is owned by our current user ID (0), checking if it is readable
2025-09-09 10:10:10 Result: file /usr/share/ca-certificates/mozilla/Certainly_Root_E1.crt is readable (or directory accessible).
2025-09-09 10:10:10 Result: file '/usr/share/ca-certificates/mozilla/Certainly_Root_E1.crt' belongs to package (ca-certificates)
2025-09-09 10:10:10 Test: check if we can access /usr/share/ca-certificates/mozilla/Certainly_Root_R1.crt (escaped: /usr/share/ca-certificates/mozilla/Certainly_Root_R1.crt)
2025-09-09 10:10:10 Result: file is owned by our current user ID (0), checking if it is readable
2025-09-09 10:10:10 Result: file /usr/share/ca-certificates/mozilla/Certainly_Root_R1.crt is readable (or directory accessible).
2025-09-09 10:10:10 Result: file '/usr/share/ca-certificates/mozilla/Certainly_Root_R1.crt' belongs to package (ca-certificates)
2025-09-09 10:10:10 Test: check if we can access /usr/share/ca-certificates/mozilla/Certigna.crt (escaped: /usr/share/ca-certificates/mozilla/Certigna.crt)
2025-09-09 10:10:10 Result: file is owned by our current user ID (0), checking if it is readable
2025-09-09 10:10:10 Result: file /usr/share/ca-certificates/mozilla/Certigna.crt is readable (or directory accessible).
2025-09-09 10:10:10 Result: file '/usr/share/ca-certificates/mozilla/Certigna.crt' belongs to package (ca-certificates)
2025-09-09 10:10:10 Test: check if we can access /usr/share/ca-certificates/mozilla/Certigna_Root_CA.crt (escaped: /usr/share/ca-certificates/mozilla/Certigna_Root_CA.crt)
2025-09-09 10:10:10 Result: file is owned by our current user ID (0), checking if it is readable
2025-09-09 10:10:10 Result: file /usr/share/ca-certificates/mozilla/Certigna_Root_CA.crt is readable (or directory accessible).
2025-09-09 10:10:10 Result: file '/usr/share/ca-certificates/mozilla/Certigna_Root_CA.crt' belongs to package (ca-certificates)
2025-09-09 10:10:10 Test: check if we can access /usr/share/ca-certificates/mozilla/Certum_EC-384_CA.crt (escaped: /usr/share/ca-certificates/mozilla/Certum_EC-384_CA.crt)
2025-09-09 10:10:10 Result: file is owned by our current user ID (0), checking if it is readable
2025-09-09 10:10:10 Result: file /usr/share/ca-certificates/mozilla/Certum_EC-384_CA.crt is readable (or directory accessible).
2025-09-09 10:10:10 Result: file '/usr/share/ca-certificates/mozilla/Certum_EC-384_CA.crt' belongs to package (ca-certificates)
2025-09-09 10:10:10 Test: check if we can access /usr/share/ca-certificates/mozilla/Certum_Trusted_Network_CA.crt (escaped: /usr/share/ca-certificates/mozilla/Certum_Trusted_Network_CA.crt)
2025-09-09 10:10:10 Result: file is owned by our current user ID (0), checking if it is readable
2025-09-09 10:10:10 Result: file /usr/share/ca-certificates/mozilla/Certum_Trusted_Network_CA.crt is readable (or directory accessible).
2025-09-09 10:10:11 Result: file '/usr/share/ca-certificates/mozilla/Certum_Trusted_Network_CA.crt' belongs to package (ca-certificates)
2025-09-09 10:10:11 Test: check if we can access /usr/share/ca-certificates/mozilla/Certum_Trusted_Network_CA_2.crt (escaped: /usr/share/ca-certificates/mozilla/Certum_Trusted_Network_CA_2.crt)
2025-09-09 10:10:11 Result: file is owned by our current user ID (0), checking if it is readable
2025-09-09 10:10:11 Result: file /usr/share/ca-certificates/mozilla/Certum_Trusted_Network_CA_2.crt is readable (or directory accessible).
2025-09-09 10:10:11 Result: file '/usr/share/ca-certificates/mozilla/Certum_Trusted_Network_CA_2.crt' belongs to package (ca-certificates)
2025-09-09 10:10:11 Test: check if we can access /usr/share/ca-certificates/mozilla/Certum_Trusted_Root_CA.crt (escaped: /usr/share/ca-certificates/mozilla/Certum_Trusted_Root_CA.crt)
2025-09-09 10:10:11 Result: file is owned by our current user ID (0), checking if it is readable
2025-09-09 10:10:11 Result: file /usr/share/ca-certificates/mozilla/Certum_Trusted_Root_CA.crt is readable (or directory accessible).
2025-09-09 10:10:11 Result: file '/usr/share/ca-certificates/mozilla/Certum_Trusted_Root_CA.crt' belongs to package (ca-certificates)
2025-09-09 10:10:11 Test: check if we can access /usr/share/ca-certificates/mozilla/Comodo_AAA_Services_root.crt (escaped: /usr/share/ca-certificates/mozilla/Comodo_AAA_Services_root.crt)
2025-09-09 10:10:11 Result: file is owned by our current user ID (0), checking if it is readable
2025-09-09 10:10:11 Result: file /usr/share/ca-certificates/mozilla/Comodo_AAA_Services_root.crt is readable (or directory accessible).
2025-09-09 10:10:11 Result: file '/usr/share/ca-certificates/mozilla/Comodo_AAA_Services_root.crt' belongs to package (ca-certificates)
2025-09-09 10:10:11 Test: check if we can access /usr/share/ca-certificates/mozilla/D-TRUST_BR_Root_CA_1_2020.crt (escaped: /usr/share/ca-certificates/mozilla/D-TRUST_BR_Root_CA_1_2020.crt)
2025-09-09 10:10:11 Result: file is owned by our current user ID (0), checking if it is readable
2025-09-09 10:10:11 Result: file /usr/share/ca-certificates/mozilla/D-TRUST_BR_Root_CA_1_2020.crt is readable (or directory accessible).
2025-09-09 10:10:11 Result: file '/usr/share/ca-certificates/mozilla/D-TRUST_BR_Root_CA_1_2020.crt' belongs to package (ca-certificates)
2025-09-09 10:10:11 Test: check if we can access /usr/share/ca-certificates/mozilla/D-TRUST_EV_Root_CA_1_2020.crt (escaped: /usr/share/ca-certificates/mozilla/D-TRUST_EV_Root_CA_1_2020.crt)
2025-09-09 10:10:11 Result: file is owned by our current user ID (0), checking if it is readable
2025-09-09 10:10:11 Result: file /usr/share/ca-certificates/mozilla/D-TRUST_EV_Root_CA_1_2020.crt is readable (or directory accessible).
2025-09-09 10:10:11 Result: file '/usr/share/ca-certificates/mozilla/D-TRUST_EV_Root_CA_1_2020.crt' belongs to package (ca-certificates)
2025-09-09 10:10:11 Test: check if we can access /usr/share/ca-certificates/mozilla/D-TRUST_Root_Class_3_CA_2_2009.crt (escaped: /usr/share/ca-certificates/mozilla/D-TRUST_Root_Class_3_CA_2_2009.crt)
2025-09-09 10:10:11 Result: file is owned by our current user ID (0), checking if it is readable
2025-09-09 10:10:11 Result: file /usr/share/ca-certificates/mozilla/D-TRUST_Root_Class_3_CA_2_2009.crt is readable (or directory accessible).
2025-09-09 10:10:12 Result: file '/usr/share/ca-certificates/mozilla/D-TRUST_Root_Class_3_CA_2_2009.crt' belongs to package (ca-certificates)
2025-09-09 10:10:12 Test: check if we can access /usr/share/ca-certificates/mozilla/D-TRUST_Root_Class_3_CA_2_EV_2009.crt (escaped: /usr/share/ca-certificates/mozilla/D-TRUST_Root_Class_3_CA_2_EV_2009.crt)
2025-09-09 10:10:12 Result: file is owned by our current user ID (0), checking if it is readable
2025-09-09 10:10:12 Result: file /usr/share/ca-certificates/mozilla/D-TRUST_Root_Class_3_CA_2_EV_2009.crt is readable (or directory accessible).
2025-09-09 10:10:12 Result: file '/usr/share/ca-certificates/mozilla/D-TRUST_Root_Class_3_CA_2_EV_2009.crt' belongs to package (ca-certificates)
2025-09-09 10:10:12 Test: check if we can access /usr/share/ca-certificates/mozilla/DigiCert_Assured_ID_Root_CA.crt (escaped: /usr/share/ca-certificates/mozilla/DigiCert_Assured_ID_Root_CA.crt)
2025-09-09 10:10:12 Result: file is owned by our current user ID (0), checking if it is readable
2025-09-09 10:10:12 Result: file /usr/share/ca-certificates/mozilla/DigiCert_Assured_ID_Root_CA.crt is readable (or directory accessible).
2025-09-09 10:10:12 Result: file '/usr/share/ca-certificates/mozilla/DigiCert_Assured_ID_Root_CA.crt' belongs to package (ca-certificates)
2025-09-09 10:10:12 Test: check if we can access /usr/share/ca-certificates/mozilla/DigiCert_Assured_ID_Root_G2.crt (escaped: /usr/share/ca-certificates/mozilla/DigiCert_Assured_ID_Root_G2.crt)
2025-09-09 10:10:12 Result: file is owned by our current user ID (0), checking if it is readable
2025-09-09 10:10:12 Result: file /usr/share/ca-certificates/mozilla/DigiCert_Assured_ID_Root_G2.crt is readable (or directory accessible).
2025-09-09 10:10:12 Result: file '/usr/share/ca-certificates/mozilla/DigiCert_Assured_ID_Root_G2.crt' belongs to package (ca-certificates)
2025-09-09 10:10:12 Test: check if we can access /usr/share/ca-certificates/mozilla/DigiCert_Assured_ID_Root_G3.crt (escaped: /usr/share/ca-certificates/mozilla/DigiCert_Assured_ID_Root_G3.crt)
2025-09-09 10:10:12 Result: file is owned by our current user ID (0), checking if it is readable
2025-09-09 10:10:12 Result: file /usr/share/ca-certificates/mozilla/DigiCert_Assured_ID_Root_G3.crt is readable (or directory accessible).
2025-09-09 10:10:12 Result: file '/usr/share/ca-certificates/mozilla/DigiCert_Assured_ID_Root_G3.crt' belongs to package (ca-certificates)
2025-09-09 10:10:12 Test: check if we can access /usr/share/ca-certificates/mozilla/DigiCert_Global_Root_CA.crt (escaped: /usr/share/ca-certificates/mozilla/DigiCert_Global_Root_CA.crt)
2025-09-09 10:10:12 Result: file is owned by our current user ID (0), checking if it is readable
2025-09-09 10:10:12 Result: file /usr/share/ca-certificates/mozilla/DigiCert_Global_Root_CA.crt is readable (or directory accessible).
2025-09-09 10:10:12 Result: file '/usr/share/ca-certificates/mozilla/DigiCert_Global_Root_CA.crt' belongs to package (ca-certificates)
2025-09-09 10:10:12 Test: check if we can access /usr/share/ca-certificates/mozilla/DigiCert_Global_Root_G2.crt (escaped: /usr/share/ca-certificates/mozilla/DigiCert_Global_Root_G2.crt)
2025-09-09 10:10:12 Result: file is owned by our current user ID (0), checking if it is readable
2025-09-09 10:10:12 Result: file /usr/share/ca-certificates/mozilla/DigiCert_Global_Root_G2.crt is readable (or directory accessible).
2025-09-09 10:10:13 Result: file '/usr/share/ca-certificates/mozilla/DigiCert_Global_Root_G2.crt' belongs to package (ca-certificates)
2025-09-09 10:10:13 Test: check if we can access /usr/share/ca-certificates/mozilla/DigiCert_Global_Root_G3.crt (escaped: /usr/share/ca-certificates/mozilla/DigiCert_Global_Root_G3.crt)
2025-09-09 10:10:13 Result: file is owned by our current user ID (0), checking if it is readable
2025-09-09 10:10:13 Result: file /usr/share/ca-certificates/mozilla/DigiCert_Global_Root_G3.crt is readable (or directory accessible).
2025-09-09 10:10:13 Result: file '/usr/share/ca-certificates/mozilla/DigiCert_Global_Root_G3.crt' belongs to package (ca-certificates)
2025-09-09 10:10:13 Test: check if we can access /usr/share/ca-certificates/mozilla/DigiCert_High_Assurance_EV_Root_CA.crt (escaped: /usr/share/ca-certificates/mozilla/DigiCert_High_Assurance_EV_Root_CA.crt)
2025-09-09 10:10:13 Result: file is owned by our current user ID (0), checking if it is readable
2025-09-09 10:10:13 Result: file /usr/share/ca-certificates/mozilla/DigiCert_High_Assurance_EV_Root_CA.crt is readable (or directory accessible).
2025-09-09 10:10:13 Result: file '/usr/share/ca-certificates/mozilla/DigiCert_High_Assurance_EV_Root_CA.crt' belongs to package (ca-certificates)
2025-09-09 10:10:13 Test: check if we can access /usr/share/ca-certificates/mozilla/DigiCert_TLS_ECC_P384_Root_G5.crt (escaped: /usr/share/ca-certificates/mozilla/DigiCert_TLS_ECC_P384_Root_G5.crt)
2025-09-09 10:10:13 Result: file is owned by our current user ID (0), checking if it is readable
2025-09-09 10:10:13 Result: file /usr/share/ca-certificates/mozilla/DigiCert_TLS_ECC_P384_Root_G5.crt is readable (or directory accessible).
2025-09-09 10:10:13 Result: file '/usr/share/ca-certificates/mozilla/DigiCert_TLS_ECC_P384_Root_G5.crt' belongs to package (ca-certificates)
2025-09-09 10:10:13 Test: check if we can access /usr/share/ca-certificates/mozilla/DigiCert_TLS_RSA4096_Root_G5.crt (escaped: /usr/share/ca-certificates/mozilla/DigiCert_TLS_RSA4096_Root_G5.crt)
2025-09-09 10:10:13 Result: file is owned by our current user ID (0), checking if it is readable
2025-09-09 10:10:13 Result: file /usr/share/ca-certificates/mozilla/DigiCert_TLS_RSA4096_Root_G5.crt is readable (or directory accessible).
2025-09-09 10:10:13 Result: file '/usr/share/ca-certificates/mozilla/DigiCert_TLS_RSA4096_Root_G5.crt' belongs to package (ca-certificates)
2025-09-09 10:10:13 Test: check if we can access /usr/share/ca-certificates/mozilla/DigiCert_Trusted_Root_G4.crt (escaped: /usr/share/ca-certificates/mozilla/DigiCert_Trusted_Root_G4.crt)
2025-09-09 10:10:13 Result: file is owned by our current user ID (0), checking if it is readable
2025-09-09 10:10:13 Result: file /usr/share/ca-certificates/mozilla/DigiCert_Trusted_Root_G4.crt is readable (or directory accessible).
2025-09-09 10:10:13 Result: file '/usr/share/ca-certificates/mozilla/DigiCert_Trusted_Root_G4.crt' belongs to package (ca-certificates)
2025-09-09 10:10:13 Test: check if we can access /usr/share/ca-certificates/mozilla/E-Tugra_Certification_Authority.crt (escaped: /usr/share/ca-certificates/mozilla/E-Tugra_Certification_Authority.crt)
2025-09-09 10:10:13 Result: file is owned by our current user ID (0), checking if it is readable
2025-09-09 10:10:13 Result: file /usr/share/ca-certificates/mozilla/E-Tugra_Certification_Authority.crt is readable (or directory accessible).
2025-09-09 10:10:14 Result: file '/usr/share/ca-certificates/mozilla/E-Tugra_Certification_Authority.crt' belongs to package (ca-certificates)
2025-09-09 10:10:14 Test: check if we can access /usr/share/ca-certificates/mozilla/E-Tugra_Global_Root_CA_ECC_v3.crt (escaped: /usr/share/ca-certificates/mozilla/E-Tugra_Global_Root_CA_ECC_v3.crt)
2025-09-09 10:10:14 Result: file is owned by our current user ID (0), checking if it is readable
2025-09-09 10:10:14 Result: file /usr/share/ca-certificates/mozilla/E-Tugra_Global_Root_CA_ECC_v3.crt is readable (or directory accessible).
2025-09-09 10:10:14 Result: file '/usr/share/ca-certificates/mozilla/E-Tugra_Global_Root_CA_ECC_v3.crt' belongs to package (ca-certificates)
2025-09-09 10:10:14 Test: check if we can access /usr/share/ca-certificates/mozilla/E-Tugra_Global_Root_CA_RSA_v3.crt (escaped: /usr/share/ca-certificates/mozilla/E-Tugra_Global_Root_CA_RSA_v3.crt)
2025-09-09 10:10:14 Result: file is owned by our current user ID (0), checking if it is readable
2025-09-09 10:10:14 Result: file /usr/share/ca-certificates/mozilla/E-Tugra_Global_Root_CA_RSA_v3.crt is readable (or directory accessible).
2025-09-09 10:10:14 Result: file '/usr/share/ca-certificates/mozilla/E-Tugra_Global_Root_CA_RSA_v3.crt' belongs to package (ca-certificates)
2025-09-09 10:10:14 Test: check if we can access /usr/share/ca-certificates/mozilla/Entrust.net_Premium_2048_Secure_Server_CA.crt (escaped: /usr/share/ca-certificates/mozilla/Entrust.net_Premium_2048_Secure_Server_CA.crt)
2025-09-09 10:10:14 Result: file is owned by our current user ID (0), checking if it is readable
2025-09-09 10:10:14 Result: file /usr/share/ca-certificates/mozilla/Entrust.net_Premium_2048_Secure_Server_CA.crt is readable (or directory accessible).
2025-09-09 10:10:14 Result: file '/usr/share/ca-certificates/mozilla/Entrust.net_Premium_2048_Secure_Server_CA.crt' belongs to package (ca-certificates)
2025-09-09 10:10:14 Test: check if we can access /usr/share/ca-certificates/mozilla/Entrust_Root_Certification_Authority.crt (escaped: /usr/share/ca-certificates/mozilla/Entrust_Root_Certification_Authority.crt)
2025-09-09 10:10:14 Result: file is owned by our current user ID (0), checking if it is readable
2025-09-09 10:10:14 Result: file /usr/share/ca-certificates/mozilla/Entrust_Root_Certification_Authority.crt is readable (or directory accessible).
2025-09-09 10:10:14 Result: file '/usr/share/ca-certificates/mozilla/Entrust_Root_Certification_Authority.crt' belongs to package (ca-certificates)
2025-09-09 10:10:14 Test: check if we can access /usr/share/ca-certificates/mozilla/Entrust_Root_Certification_Authority_-_EC1.crt (escaped: /usr/share/ca-certificates/mozilla/Entrust_Root_Certification_Authority_-_EC1.crt)
2025-09-09 10:10:14 Result: file is owned by our current user ID (0), checking if it is readable
2025-09-09 10:10:14 Result: file /usr/share/ca-certificates/mozilla/Entrust_Root_Certification_Authority_-_EC1.crt is readable (or directory accessible).
2025-09-09 10:10:14 Result: file '/usr/share/ca-certificates/mozilla/Entrust_Root_Certification_Authority_-_EC1.crt' belongs to package (ca-certificates)
2025-09-09 10:10:14 Test: check if we can access /usr/share/ca-certificates/mozilla/Entrust_Root_Certification_Authority_-_G2.crt (escaped: /usr/share/ca-certificates/mozilla/Entrust_Root_Certification_Authority_-_G2.crt)
2025-09-09 10:10:14 Result: file is owned by our current user ID (0), checking if it is readable
2025-09-09 10:10:14 Result: file /usr/share/ca-certificates/mozilla/Entrust_Root_Certification_Authority_-_G2.crt is readable (or directory accessible).
2025-09-09 10:10:15 Result: file '/usr/share/ca-certificates/mozilla/Entrust_Root_Certification_Authority_-_G2.crt' belongs to package (ca-certificates)
2025-09-09 10:10:15 Test: check if we can access /usr/share/ca-certificates/mozilla/Entrust_Root_Certification_Authority_-_G4.crt (escaped: /usr/share/ca-certificates/mozilla/Entrust_Root_Certification_Authority_-_G4.crt)
2025-09-09 10:10:15 Result: file is owned by our current user ID (0), checking if it is readable
2025-09-09 10:10:15 Result: file /usr/share/ca-certificates/mozilla/Entrust_Root_Certification_Authority_-_G4.crt is readable (or directory accessible).
2025-09-09 10:10:15 Result: file '/usr/share/ca-certificates/mozilla/Entrust_Root_Certification_Authority_-_G4.crt' belongs to package (ca-certificates)
2025-09-09 10:10:15 Test: check if we can access /usr/share/ca-certificates/mozilla/GDCA_TrustAUTH_R5_ROOT.crt (escaped: /usr/share/ca-certificates/mozilla/GDCA_TrustAUTH_R5_ROOT.crt)
2025-09-09 10:10:15 Result: file is owned by our current user ID (0), checking if it is readable
2025-09-09 10:10:15 Result: file /usr/share/ca-certificates/mozilla/GDCA_TrustAUTH_R5_ROOT.crt is readable (or directory accessible).
2025-09-09 10:10:15 Result: file '/usr/share/ca-certificates/mozilla/GDCA_TrustAUTH_R5_ROOT.crt' belongs to package (ca-certificates)
2025-09-09 10:10:15 Test: check if we can access /usr/share/ca-certificates/mozilla/GLOBALTRUST_2020.crt (escaped: /usr/share/ca-certificates/mozilla/GLOBALTRUST_2020.crt)
2025-09-09 10:10:15 Result: file is owned by our current user ID (0), checking if it is readable
2025-09-09 10:10:15 Result: file /usr/share/ca-certificates/mozilla/GLOBALTRUST_2020.crt is readable (or directory accessible).
2025-09-09 10:10:15 Result: file '/usr/share/ca-certificates/mozilla/GLOBALTRUST_2020.crt' belongs to package (ca-certificates)
2025-09-09 10:10:15 Test: check if we can access /usr/share/ca-certificates/mozilla/GTS_Root_R1.crt (escaped: /usr/share/ca-certificates/mozilla/GTS_Root_R1.crt)
2025-09-09 10:10:15 Result: file is owned by our current user ID (0), checking if it is readable
2025-09-09 10:10:15 Result: file /usr/share/ca-certificates/mozilla/GTS_Root_R1.crt is readable (or directory accessible).
2025-09-09 10:10:15 Result: file '/usr/share/ca-certificates/mozilla/GTS_Root_R1.crt' belongs to package (ca-certificates)
2025-09-09 10:10:15 Test: check if we can access /usr/share/ca-certificates/mozilla/GTS_Root_R2.crt (escaped: /usr/share/ca-certificates/mozilla/GTS_Root_R2.crt)
2025-09-09 10:10:15 Result: file is owned by our current user ID (0), checking if it is readable
2025-09-09 10:10:15 Result: file /usr/share/ca-certificates/mozilla/GTS_Root_R2.crt is readable (or directory accessible).
2025-09-09 10:10:15 Result: file '/usr/share/ca-certificates/mozilla/GTS_Root_R2.crt' belongs to package (ca-certificates)
2025-09-09 10:10:15 Test: check if we can access /usr/share/ca-certificates/mozilla/GTS_Root_R3.crt (escaped: /usr/share/ca-certificates/mozilla/GTS_Root_R3.crt)
2025-09-09 10:10:15 Result: file is owned by our current user ID (0), checking if it is readable
2025-09-09 10:10:15 Result: file /usr/share/ca-certificates/mozilla/GTS_Root_R3.crt is readable (or directory accessible).
2025-09-09 10:10:16 Result: file '/usr/share/ca-certificates/mozilla/GTS_Root_R3.crt' belongs to package (ca-certificates)
2025-09-09 10:10:16 Test: check if we can access /usr/share/ca-certificates/mozilla/GTS_Root_R4.crt (escaped: /usr/share/ca-certificates/mozilla/GTS_Root_R4.crt)
2025-09-09 10:10:16 Result: file is owned by our current user ID (0), checking if it is readable
2025-09-09 10:10:16 Result: file /usr/share/ca-certificates/mozilla/GTS_Root_R4.crt is readable (or directory accessible).
2025-09-09 10:10:16 Result: file '/usr/share/ca-certificates/mozilla/GTS_Root_R4.crt' belongs to package (ca-certificates)
2025-09-09 10:10:16 Test: check if we can access /usr/share/ca-certificates/mozilla/GlobalSign_ECC_Root_CA_-_R4.crt (escaped: /usr/share/ca-certificates/mozilla/GlobalSign_ECC_Root_CA_-_R4.crt)
2025-09-09 10:10:16 Result: file is owned by our current user ID (0), checking if it is readable
2025-09-09 10:10:16 Result: file /usr/share/ca-certificates/mozilla/GlobalSign_ECC_Root_CA_-_R4.crt is readable (or directory accessible).
2025-09-09 10:10:16 Result: file '/usr/share/ca-certificates/mozilla/GlobalSign_ECC_Root_CA_-_R4.crt' belongs to package (ca-certificates)
2025-09-09 10:10:16 Test: check if we can access /usr/share/ca-certificates/mozilla/GlobalSign_ECC_Root_CA_-_R5.crt (escaped: /usr/share/ca-certificates/mozilla/GlobalSign_ECC_Root_CA_-_R5.crt)
2025-09-09 10:10:16 Result: file is owned by our current user ID (0), checking if it is readable
2025-09-09 10:10:16 Result: file /usr/share/ca-certificates/mozilla/GlobalSign_ECC_Root_CA_-_R5.crt is readable (or directory accessible).
2025-09-09 10:10:16 Result: file '/usr/share/ca-certificates/mozilla/GlobalSign_ECC_Root_CA_-_R5.crt' belongs to package (ca-certificates)
2025-09-09 10:10:16 Test: check if we can access /usr/share/ca-certificates/mozilla/GlobalSign_Root_CA.crt (escaped: /usr/share/ca-certificates/mozilla/GlobalSign_Root_CA.crt)
2025-09-09 10:10:16 Result: file is owned by our current user ID (0), checking if it is readable
2025-09-09 10:10:16 Result: file /usr/share/ca-certificates/mozilla/GlobalSign_Root_CA.crt is readable (or directory accessible).
2025-09-09 10:10:16 Result: file '/usr/share/ca-certificates/mozilla/GlobalSign_Root_CA.crt' belongs to package (ca-certificates)
2025-09-09 10:10:16 Test: check if we can access /usr/share/ca-certificates/mozilla/GlobalSign_Root_CA_-_R3.crt (escaped: /usr/share/ca-certificates/mozilla/GlobalSign_Root_CA_-_R3.crt)
2025-09-09 10:10:16 Result: file is owned by our current user ID (0), checking if it is readable
2025-09-09 10:10:16 Result: file /usr/share/ca-certificates/mozilla/GlobalSign_Root_CA_-_R3.crt is readable (or directory accessible).
2025-09-09 10:10:16 Result: file '/usr/share/ca-certificates/mozilla/GlobalSign_Root_CA_-_R3.crt' belongs to package (ca-certificates)
2025-09-09 10:10:16 Test: check if we can access /usr/share/ca-certificates/mozilla/GlobalSign_Root_CA_-_R6.crt (escaped: /usr/share/ca-certificates/mozilla/GlobalSign_Root_CA_-_R6.crt)
2025-09-09 10:10:16 Result: file is owned by our current user ID (0), checking if it is readable
2025-09-09 10:10:16 Result: file /usr/share/ca-certificates/mozilla/GlobalSign_Root_CA_-_R6.crt is readable (or directory accessible).
2025-09-09 10:10:17 Result: file '/usr/share/ca-certificates/mozilla/GlobalSign_Root_CA_-_R6.crt' belongs to package (ca-certificates)
2025-09-09 10:10:17 Test: check if we can access /usr/share/ca-certificates/mozilla/GlobalSign_Root_E46.crt (escaped: /usr/share/ca-certificates/mozilla/GlobalSign_Root_E46.crt)
2025-09-09 10:10:17 Result: file is owned by our current user ID (0), checking if it is readable
2025-09-09 10:10:17 Result: file /usr/share/ca-certificates/mozilla/GlobalSign_Root_E46.crt is readable (or directory accessible).
2025-09-09 10:10:17 Result: file '/usr/share/ca-certificates/mozilla/GlobalSign_Root_E46.crt' belongs to package (ca-certificates)
2025-09-09 10:10:17 Test: check if we can access /usr/share/ca-certificates/mozilla/GlobalSign_Root_R46.crt (escaped: /usr/share/ca-certificates/mozilla/GlobalSign_Root_R46.crt)
2025-09-09 10:10:17 Result: file is owned by our current user ID (0), checking if it is readable
2025-09-09 10:10:17 Result: file /usr/share/ca-certificates/mozilla/GlobalSign_Root_R46.crt is readable (or directory accessible).
2025-09-09 10:10:17 Result: file '/usr/share/ca-certificates/mozilla/GlobalSign_Root_R46.crt' belongs to package (ca-certificates)
2025-09-09 10:10:17 Test: check if we can access /usr/share/ca-certificates/mozilla/Go_Daddy_Class_2_CA.crt (escaped: /usr/share/ca-certificates/mozilla/Go_Daddy_Class_2_CA.crt)
2025-09-09 10:10:17 Result: file is owned by our current user ID (0), checking if it is readable
2025-09-09 10:10:17 Result: file /usr/share/ca-certificates/mozilla/Go_Daddy_Class_2_CA.crt is readable (or directory accessible).
2025-09-09 10:10:17 Result: file '/usr/share/ca-certificates/mozilla/Go_Daddy_Class_2_CA.crt' belongs to package (ca-certificates)
2025-09-09 10:10:17 Test: check if we can access /usr/share/ca-certificates/mozilla/Go_Daddy_Root_Certificate_Authority_-_G2.crt (escaped: /usr/share/ca-certificates/mozilla/Go_Daddy_Root_Certificate_Authority_-_G2.crt)
2025-09-09 10:10:17 Result: file is owned by our current user ID (0), checking if it is readable
2025-09-09 10:10:17 Result: file /usr/share/ca-certificates/mozilla/Go_Daddy_Root_Certificate_Authority_-_G2.crt is readable (or directory accessible).
2025-09-09 10:10:17 Result: file '/usr/share/ca-certificates/mozilla/Go_Daddy_Root_Certificate_Authority_-_G2.crt' belongs to package (ca-certificates)
2025-09-09 10:10:17 Test: check if we can access /usr/share/ca-certificates/mozilla/HARICA_TLS_ECC_Root_CA_2021.crt (escaped: /usr/share/ca-certificates/mozilla/HARICA_TLS_ECC_Root_CA_2021.crt)
2025-09-09 10:10:17 Result: file is owned by our current user ID (0), checking if it is readable
2025-09-09 10:10:17 Result: file /usr/share/ca-certificates/mozilla/HARICA_TLS_ECC_Root_CA_2021.crt is readable (or directory accessible).
2025-09-09 10:10:17 Result: file '/usr/share/ca-certificates/mozilla/HARICA_TLS_ECC_Root_CA_2021.crt' belongs to package (ca-certificates)
2025-09-09 10:10:17 Test: check if we can access /usr/share/ca-certificates/mozilla/HARICA_TLS_RSA_Root_CA_2021.crt (escaped: /usr/share/ca-certificates/mozilla/HARICA_TLS_RSA_Root_CA_2021.crt)
2025-09-09 10:10:17 Result: file is owned by our current user ID (0), checking if it is readable
2025-09-09 10:10:17 Result: file /usr/share/ca-certificates/mozilla/HARICA_TLS_RSA_Root_CA_2021.crt is readable (or directory accessible).
2025-09-09 10:10:18 Result: file '/usr/share/ca-certificates/mozilla/HARICA_TLS_RSA_Root_CA_2021.crt' belongs to package (ca-certificates)
2025-09-09 10:10:18 Test: check if we can access /usr/share/ca-certificates/mozilla/Hellenic_Academic_and_Research_Institutions_ECC_RootCA_2015.crt (escaped: /usr/share/ca-certificates/mozilla/Hellenic_Academic_and_Research_Institutions_ECC_RootCA_2015.crt)
2025-09-09 10:10:18 Result: file is owned by our current user ID (0), checking if it is readable
2025-09-09 10:10:18 Result: file /usr/share/ca-certificates/mozilla/Hellenic_Academic_and_Research_Institutions_ECC_RootCA_2015.crt is readable (or directory accessible).
2025-09-09 10:10:18 Result: file '/usr/share/ca-certificates/mozilla/Hellenic_Academic_and_Research_Institutions_ECC_RootCA_2015.crt' belongs to package (ca-certificates)
2025-09-09 10:10:18 Test: check if we can access /usr/share/ca-certificates/mozilla/Hellenic_Academic_and_Research_Institutions_RootCA_2015.crt (escaped: /usr/share/ca-certificates/mozilla/Hellenic_Academic_and_Research_Institutions_RootCA_2015.crt)
2025-09-09 10:10:18 Result: file is owned by our current user ID (0), checking if it is readable
2025-09-09 10:10:18 Result: file /usr/share/ca-certificates/mozilla/Hellenic_Academic_and_Research_Institutions_RootCA_2015.crt is readable (or directory accessible).
2025-09-09 10:10:18 Result: file '/usr/share/ca-certificates/mozilla/Hellenic_Academic_and_Research_Institutions_RootCA_2015.crt' belongs to package (ca-certificates)
2025-09-09 10:10:18 Test: check if we can access /usr/share/ca-certificates/mozilla/HiPKI_Root_CA_-_G1.crt (escaped: /usr/share/ca-certificates/mozilla/HiPKI_Root_CA_-_G1.crt)
2025-09-09 10:10:18 Result: file is owned by our current user ID (0), checking if it is readable
2025-09-09 10:10:18 Result: file /usr/share/ca-certificates/mozilla/HiPKI_Root_CA_-_G1.crt is readable (or directory accessible).
2025-09-09 10:10:18 Result: file '/usr/share/ca-certificates/mozilla/HiPKI_Root_CA_-_G1.crt' belongs to package (ca-certificates)
2025-09-09 10:10:18 Test: check if we can access /usr/share/ca-certificates/mozilla/Hongkong_Post_Root_CA_1.crt (escaped: /usr/share/ca-certificates/mozilla/Hongkong_Post_Root_CA_1.crt)
2025-09-09 10:10:18 Result: file is owned by our current user ID (0), checking if it is readable
2025-09-09 10:10:18 Result: file /usr/share/ca-certificates/mozilla/Hongkong_Post_Root_CA_1.crt is readable (or directory accessible).
2025-09-09 10:10:18 Result: file '/usr/share/ca-certificates/mozilla/Hongkong_Post_Root_CA_1.crt' belongs to package (ca-certificates)
2025-09-09 10:10:18 Test: check if we can access /usr/share/ca-certificates/mozilla/Hongkong_Post_Root_CA_3.crt (escaped: /usr/share/ca-certificates/mozilla/Hongkong_Post_Root_CA_3.crt)
2025-09-09 10:10:18 Result: file is owned by our current user ID (0), checking if it is readable
2025-09-09 10:10:18 Result: file /usr/share/ca-certificates/mozilla/Hongkong_Post_Root_CA_3.crt is readable (or directory accessible).
2025-09-09 10:10:18 Result: file '/usr/share/ca-certificates/mozilla/Hongkong_Post_Root_CA_3.crt' belongs to package (ca-certificates)
2025-09-09 10:10:18 Test: check if we can access /usr/share/ca-certificates/mozilla/ISRG_Root_X1.crt (escaped: /usr/share/ca-certificates/mozilla/ISRG_Root_X1.crt)
2025-09-09 10:10:18 Result: file is owned by our current user ID (0), checking if it is readable
2025-09-09 10:10:18 Result: file /usr/share/ca-certificates/mozilla/ISRG_Root_X1.crt is readable (or directory accessible).
2025-09-09 10:10:19 Result: file '/usr/share/ca-certificates/mozilla/ISRG_Root_X1.crt' belongs to package (ca-certificates)
2025-09-09 10:10:19 Test: check if we can access /usr/share/ca-certificates/mozilla/ISRG_Root_X2.crt (escaped: /usr/share/ca-certificates/mozilla/ISRG_Root_X2.crt)
2025-09-09 10:10:19 Result: file is owned by our current user ID (0), checking if it is readable
2025-09-09 10:10:19 Result: file /usr/share/ca-certificates/mozilla/ISRG_Root_X2.crt is readable (or directory accessible).
2025-09-09 10:10:19 Result: file '/usr/share/ca-certificates/mozilla/ISRG_Root_X2.crt' belongs to package (ca-certificates)
2025-09-09 10:10:19 Test: check if we can access /usr/share/ca-certificates/mozilla/IdenTrust_Commercial_Root_CA_1.crt (escaped: /usr/share/ca-certificates/mozilla/IdenTrust_Commercial_Root_CA_1.crt)
2025-09-09 10:10:19 Result: file is owned by our current user ID (0), checking if it is readable
2025-09-09 10:10:19 Result: file /usr/share/ca-certificates/mozilla/IdenTrust_Commercial_Root_CA_1.crt is readable (or directory accessible).
2025-09-09 10:10:19 Result: file '/usr/share/ca-certificates/mozilla/IdenTrust_Commercial_Root_CA_1.crt' belongs to package (ca-certificates)
2025-09-09 10:10:19 Test: check if we can access /usr/share/ca-certificates/mozilla/IdenTrust_Public_Sector_Root_CA_1.crt (escaped: /usr/share/ca-certificates/mozilla/IdenTrust_Public_Sector_Root_CA_1.crt)
2025-09-09 10:10:19 Result: file is owned by our current user ID (0), checking if it is readable
2025-09-09 10:10:19 Result: file /usr/share/ca-certificates/mozilla/IdenTrust_Public_Sector_Root_CA_1.crt is readable (or directory accessible).
2025-09-09 10:10:19 Result: file '/usr/share/ca-certificates/mozilla/IdenTrust_Public_Sector_Root_CA_1.crt' belongs to package (ca-certificates)
2025-09-09 10:10:19 Test: check if we can access /usr/share/ca-certificates/mozilla/Izenpe.com.crt (escaped: /usr/share/ca-certificates/mozilla/Izenpe.com.crt)
2025-09-09 10:10:19 Result: file is owned by our current user ID (0), checking if it is readable
2025-09-09 10:10:19 Result: file /usr/share/ca-certificates/mozilla/Izenpe.com.crt is readable (or directory accessible).
2025-09-09 10:10:19 Result: file '/usr/share/ca-certificates/mozilla/Izenpe.com.crt' belongs to package (ca-certificates)
2025-09-09 10:10:19 Test: check if we can access /usr/share/ca-certificates/mozilla/Microsec_e-Szigno_Root_CA_2009.crt (escaped: /usr/share/ca-certificates/mozilla/Microsec_e-Szigno_Root_CA_2009.crt)
2025-09-09 10:10:19 Result: file is owned by our current user ID (0), checking if it is readable
2025-09-09 10:10:19 Result: file /usr/share/ca-certificates/mozilla/Microsec_e-Szigno_Root_CA_2009.crt is readable (or directory accessible).
2025-09-09 10:10:19 Result: file '/usr/share/ca-certificates/mozilla/Microsec_e-Szigno_Root_CA_2009.crt' belongs to package (ca-certificates)
2025-09-09 10:10:19 Test: check if we can access /usr/share/ca-certificates/mozilla/Microsoft_ECC_Root_Certificate_Authority_2017.crt (escaped: /usr/share/ca-certificates/mozilla/Microsoft_ECC_Root_Certificate_Authority_2017.crt)
2025-09-09 10:10:19 Result: file is owned by our current user ID (0), checking if it is readable
2025-09-09 10:10:19 Result: file /usr/share/ca-certificates/mozilla/Microsoft_ECC_Root_Certificate_Authority_2017.crt is readable (or directory accessible).
2025-09-09 10:10:20 Result: file '/usr/share/ca-certificates/mozilla/Microsoft_ECC_Root_Certificate_Authority_2017.crt' belongs to package (ca-certificates)
2025-09-09 10:10:20 Test: check if we can access /usr/share/ca-certificates/mozilla/Microsoft_RSA_Root_Certificate_Authority_2017.crt (escaped: /usr/share/ca-certificates/mozilla/Microsoft_RSA_Root_Certificate_Authority_2017.crt)
2025-09-09 10:10:20 Result: file is owned by our current user ID (0), checking if it is readable
2025-09-09 10:10:20 Result: file /usr/share/ca-certificates/mozilla/Microsoft_RSA_Root_Certificate_Authority_2017.crt is readable (or directory accessible).
2025-09-09 10:10:20 Result: file '/usr/share/ca-certificates/mozilla/Microsoft_RSA_Root_Certificate_Authority_2017.crt' belongs to package (ca-certificates)
2025-09-09 10:10:20 Test: check if we can access /usr/share/ca-certificates/mozilla/NAVER_Global_Root_Certification_Authority.crt (escaped: /usr/share/ca-certificates/mozilla/NAVER_Global_Root_Certification_Authority.crt)
2025-09-09 10:10:20 Result: file is owned by our current user ID (0), checking if it is readable
2025-09-09 10:10:20 Result: file /usr/share/ca-certificates/mozilla/NAVER_Global_Root_Certification_Authority.crt is readable (or directory accessible).
2025-09-09 10:10:20 Result: file '/usr/share/ca-certificates/mozilla/NAVER_Global_Root_Certification_Authority.crt' belongs to package (ca-certificates)
2025-09-09 10:10:20 Test: check if we can access /usr/share/ca-certificates/mozilla/NetLock_Arany_=Class_Gold=_Főtanúsítvány.crt (escaped: /usr/share/ca-certificates/mozilla/NetLock_Arany_=Class_Gold=_Főtanúsítvány.crt)
2025-09-09 10:10:20 Result: file is owned by our current user ID (0), checking if it is readable
2025-09-09 10:10:20 Result: file /usr/share/ca-certificates/mozilla/NetLock_Arany_=Class_Gold=_Főtanúsítvány.crt is readable (or directory accessible).
2025-09-09 10:10:20 Result: file '/usr/share/ca-certificates/mozilla/NetLock_Arany_=Class_Gold=_Főtanúsítvány.crt' belongs to package (ca-certificates)
2025-09-09 10:10:20 Test: check if we can access /usr/share/ca-certificates/mozilla/OISTE_WISeKey_Global_Root_GB_CA.crt (escaped: /usr/share/ca-certificates/mozilla/OISTE_WISeKey_Global_Root_GB_CA.crt)
2025-09-09 10:10:20 Result: file is owned by our current user ID (0), checking if it is readable
2025-09-09 10:10:20 Result: file /usr/share/ca-certificates/mozilla/OISTE_WISeKey_Global_Root_GB_CA.crt is readable (or directory accessible).
2025-09-09 10:10:20 Result: file '/usr/share/ca-certificates/mozilla/OISTE_WISeKey_Global_Root_GB_CA.crt' belongs to package (ca-certificates)
2025-09-09 10:10:20 Test: check if we can access /usr/share/ca-certificates/mozilla/OISTE_WISeKey_Global_Root_GC_CA.crt (escaped: /usr/share/ca-certificates/mozilla/OISTE_WISeKey_Global_Root_GC_CA.crt)
2025-09-09 10:10:20 Result: file is owned by our current user ID (0), checking if it is readable
2025-09-09 10:10:20 Result: file /usr/share/ca-certificates/mozilla/OISTE_WISeKey_Global_Root_GC_CA.crt is readable (or directory accessible).
2025-09-09 10:10:20 Result: file '/usr/share/ca-certificates/mozilla/OISTE_WISeKey_Global_Root_GC_CA.crt' belongs to package (ca-certificates)
2025-09-09 10:10:20 Test: check if we can access /usr/share/ca-certificates/mozilla/QuoVadis_Root_CA_1_G3.crt (escaped: /usr/share/ca-certificates/mozilla/QuoVadis_Root_CA_1_G3.crt)
2025-09-09 10:10:20 Result: file is owned by our current user ID (0), checking if it is readable
2025-09-09 10:10:20 Result: file /usr/share/ca-certificates/mozilla/QuoVadis_Root_CA_1_G3.crt is readable (or directory accessible).
2025-09-09 10:10:21 Result: file '/usr/share/ca-certificates/mozilla/QuoVadis_Root_CA_1_G3.crt' belongs to package (ca-certificates)
2025-09-09 10:10:21 Test: check if we can access /usr/share/ca-certificates/mozilla/QuoVadis_Root_CA_2.crt (escaped: /usr/share/ca-certificates/mozilla/QuoVadis_Root_CA_2.crt)
2025-09-09 10:10:21 Result: file is owned by our current user ID (0), checking if it is readable
2025-09-09 10:10:21 Result: file /usr/share/ca-certificates/mozilla/QuoVadis_Root_CA_2.crt is readable (or directory accessible).
2025-09-09 10:10:21 Result: file '/usr/share/ca-certificates/mozilla/QuoVadis_Root_CA_2.crt' belongs to package (ca-certificates)
2025-09-09 10:10:21 Test: check if we can access /usr/share/ca-certificates/mozilla/QuoVadis_Root_CA_2_G3.crt (escaped: /usr/share/ca-certificates/mozilla/QuoVadis_Root_CA_2_G3.crt)
2025-09-09 10:10:21 Result: file is owned by our current user ID (0), checking if it is readable
2025-09-09 10:10:21 Result: file /usr/share/ca-certificates/mozilla/QuoVadis_Root_CA_2_G3.crt is readable (or directory accessible).
2025-09-09 10:10:21 Result: file '/usr/share/ca-certificates/mozilla/QuoVadis_Root_CA_2_G3.crt' belongs to package (ca-certificates)
2025-09-09 10:10:21 Test: check if we can access /usr/share/ca-certificates/mozilla/QuoVadis_Root_CA_3.crt (escaped: /usr/share/ca-certificates/mozilla/QuoVadis_Root_CA_3.crt)
2025-09-09 10:10:21 Result: file is owned by our current user ID (0), checking if it is readable
2025-09-09 10:10:21 Result: file /usr/share/ca-certificates/mozilla/QuoVadis_Root_CA_3.crt is readable (or directory accessible).
2025-09-09 10:10:21 Result: file '/usr/share/ca-certificates/mozilla/QuoVadis_Root_CA_3.crt' belongs to package (ca-certificates)
2025-09-09 10:10:21 Test: check if we can access /usr/share/ca-certificates/mozilla/QuoVadis_Root_CA_3_G3.crt (escaped: /usr/share/ca-certificates/mozilla/QuoVadis_Root_CA_3_G3.crt)
2025-09-09 10:10:21 Result: file is owned by our current user ID (0), checking if it is readable
2025-09-09 10:10:21 Result: file /usr/share/ca-certificates/mozilla/QuoVadis_Root_CA_3_G3.crt is readable (or directory accessible).
2025-09-09 10:10:21 Result: file '/usr/share/ca-certificates/mozilla/QuoVadis_Root_CA_3_G3.crt' belongs to package (ca-certificates)
2025-09-09 10:10:21 Test: check if we can access /usr/share/ca-certificates/mozilla/SSL.com_EV_Root_Certification_Authority_ECC.crt (escaped: /usr/share/ca-certificates/mozilla/SSL.com_EV_Root_Certification_Authority_ECC.crt)
2025-09-09 10:10:21 Result: file is owned by our current user ID (0), checking if it is readable
2025-09-09 10:10:21 Result: file /usr/share/ca-certificates/mozilla/SSL.com_EV_Root_Certification_Authority_ECC.crt is readable (or directory accessible).
2025-09-09 10:10:21 Result: file '/usr/share/ca-certificates/mozilla/SSL.com_EV_Root_Certification_Authority_ECC.crt' belongs to package (ca-certificates)
2025-09-09 10:10:21 Test: check if we can access /usr/share/ca-certificates/mozilla/SSL.com_EV_Root_Certification_Authority_RSA_R2.crt (escaped: /usr/share/ca-certificates/mozilla/SSL.com_EV_Root_Certification_Authority_RSA_R2.crt)
2025-09-09 10:10:22 Result: file is owned by our current user ID (0), checking if it is readable
2025-09-09 10:10:22 Result: file /usr/share/ca-certificates/mozilla/SSL.com_EV_Root_Certification_Authority_RSA_R2.crt is readable (or directory accessible).
2025-09-09 10:10:22 Result: file '/usr/share/ca-certificates/mozilla/SSL.com_EV_Root_Certification_Authority_RSA_R2.crt' belongs to package (ca-certificates)
2025-09-09 10:10:22 Test: check if we can access /usr/share/ca-certificates/mozilla/SSL.com_Root_Certification_Authority_ECC.crt (escaped: /usr/share/ca-certificates/mozilla/SSL.com_Root_Certification_Authority_ECC.crt)
2025-09-09 10:10:22 Result: file is owned by our current user ID (0), checking if it is readable
2025-09-09 10:10:22 Result: file /usr/share/ca-certificates/mozilla/SSL.com_Root_Certification_Authority_ECC.crt is readable (or directory accessible).
2025-09-09 10:10:22 Result: file '/usr/share/ca-certificates/mozilla/SSL.com_Root_Certification_Authority_ECC.crt' belongs to package (ca-certificates)
2025-09-09 10:10:22 Test: check if we can access /usr/share/ca-certificates/mozilla/SSL.com_Root_Certification_Authority_RSA.crt (escaped: /usr/share/ca-certificates/mozilla/SSL.com_Root_Certification_Authority_RSA.crt)
2025-09-09 10:10:22 Result: file is owned by our current user ID (0), checking if it is readable
2025-09-09 10:10:22 Result: file /usr/share/ca-certificates/mozilla/SSL.com_Root_Certification_Authority_RSA.crt is readable (or directory accessible).
2025-09-09 10:10:22 Result: file '/usr/share/ca-certificates/mozilla/SSL.com_Root_Certification_Authority_RSA.crt' belongs to package (ca-certificates)
2025-09-09 10:10:22 Test: check if we can access /usr/share/ca-certificates/mozilla/SZAFIR_ROOT_CA2.crt (escaped: /usr/share/ca-certificates/mozilla/SZAFIR_ROOT_CA2.crt)
2025-09-09 10:10:22 Result: file is owned by our current user ID (0), checking if it is readable
2025-09-09 10:10:22 Result: file /usr/share/ca-certificates/mozilla/SZAFIR_ROOT_CA2.crt is readable (or directory accessible).
2025-09-09 10:10:22 Result: file '/usr/share/ca-certificates/mozilla/SZAFIR_ROOT_CA2.crt' belongs to package (ca-certificates)
2025-09-09 10:10:22 Test: check if we can access /usr/share/ca-certificates/mozilla/Sectigo_Public_Server_Authentication_Root_E46.crt (escaped: /usr/share/ca-certificates/mozilla/Sectigo_Public_Server_Authentication_Root_E46.crt)
2025-09-09 10:10:22 Result: file is owned by our current user ID (0), checking if it is readable
2025-09-09 10:10:22 Result: file /usr/share/ca-certificates/mozilla/Sectigo_Public_Server_Authentication_Root_E46.crt is readable (or directory accessible).
2025-09-09 10:10:22 Result: file '/usr/share/ca-certificates/mozilla/Sectigo_Public_Server_Authentication_Root_E46.crt' belongs to package (ca-certificates)
2025-09-09 10:10:22 Test: check if we can access /usr/share/ca-certificates/mozilla/Sectigo_Public_Server_Authentication_Root_R46.crt (escaped: /usr/share/ca-certificates/mozilla/Sectigo_Public_Server_Authentication_Root_R46.crt)
2025-09-09 10:10:22 Result: file is owned by our current user ID (0), checking if it is readable
2025-09-09 10:10:22 Result: file /usr/share/ca-certificates/mozilla/Sectigo_Public_Server_Authentication_Root_R46.crt is readable (or directory accessible).
2025-09-09 10:10:23 Result: file '/usr/share/ca-certificates/mozilla/Sectigo_Public_Server_Authentication_Root_R46.crt' belongs to package (ca-certificates)
2025-09-09 10:10:23 Test: check if we can access /usr/share/ca-certificates/mozilla/SecureSign_RootCA11.crt (escaped: /usr/share/ca-certificates/mozilla/SecureSign_RootCA11.crt)
2025-09-09 10:10:23 Result: file is owned by our current user ID (0), checking if it is readable
2025-09-09 10:10:23 Result: file /usr/share/ca-certificates/mozilla/SecureSign_RootCA11.crt is readable (or directory accessible).
2025-09-09 10:10:23 Result: file '/usr/share/ca-certificates/mozilla/SecureSign_RootCA11.crt' belongs to package (ca-certificates)
2025-09-09 10:10:23 Test: check if we can access /usr/share/ca-certificates/mozilla/SecureTrust_CA.crt (escaped: /usr/share/ca-certificates/mozilla/SecureTrust_CA.crt)
2025-09-09 10:10:23 Result: file is owned by our current user ID (0), checking if it is readable
2025-09-09 10:10:23 Result: file /usr/share/ca-certificates/mozilla/SecureTrust_CA.crt is readable (or directory accessible).
2025-09-09 10:10:23 Result: file '/usr/share/ca-certificates/mozilla/SecureTrust_CA.crt' belongs to package (ca-certificates)
2025-09-09 10:10:23 Test: check if we can access /usr/share/ca-certificates/mozilla/Secure_Global_CA.crt (escaped: /usr/share/ca-certificates/mozilla/Secure_Global_CA.crt)
2025-09-09 10:10:23 Result: file is owned by our current user ID (0), checking if it is readable
2025-09-09 10:10:23 Result: file /usr/share/ca-certificates/mozilla/Secure_Global_CA.crt is readable (or directory accessible).
2025-09-09 10:10:23 Result: file '/usr/share/ca-certificates/mozilla/Secure_Global_CA.crt' belongs to package (ca-certificates)
2025-09-09 10:10:23 Test: check if we can access /usr/share/ca-certificates/mozilla/Security_Communication_ECC_RootCA1.crt (escaped: /usr/share/ca-certificates/mozilla/Security_Communication_ECC_RootCA1.crt)
2025-09-09 10:10:23 Result: file is owned by our current user ID (0), checking if it is readable
2025-09-09 10:10:23 Result: file /usr/share/ca-certificates/mozilla/Security_Communication_ECC_RootCA1.crt is readable (or directory accessible).
2025-09-09 10:10:23 Result: file '/usr/share/ca-certificates/mozilla/Security_Communication_ECC_RootCA1.crt' belongs to package (ca-certificates)
2025-09-09 10:10:23 Test: check if we can access /usr/share/ca-certificates/mozilla/Security_Communication_RootCA2.crt (escaped: /usr/share/ca-certificates/mozilla/Security_Communication_RootCA2.crt)
2025-09-09 10:10:23 Result: file is owned by our current user ID (0), checking if it is readable
2025-09-09 10:10:23 Result: file /usr/share/ca-certificates/mozilla/Security_Communication_RootCA2.crt is readable (or directory accessible).
2025-09-09 10:10:23 Result: file '/usr/share/ca-certificates/mozilla/Security_Communication_RootCA2.crt' belongs to package (ca-certificates)
2025-09-09 10:10:23 Test: check if we can access /usr/share/ca-certificates/mozilla/Security_Communication_RootCA3.crt (escaped: /usr/share/ca-certificates/mozilla/Security_Communication_RootCA3.crt)
2025-09-09 10:10:23 Result: file is owned by our current user ID (0), checking if it is readable
2025-09-09 10:10:23 Result: file /usr/share/ca-certificates/mozilla/Security_Communication_RootCA3.crt is readable (or directory accessible).
2025-09-09 10:10:24 Result: file '/usr/share/ca-certificates/mozilla/Security_Communication_RootCA3.crt' belongs to package (ca-certificates)
2025-09-09 10:10:24 Test: check if we can access /usr/share/ca-certificates/mozilla/Security_Communication_Root_CA.crt (escaped: /usr/share/ca-certificates/mozilla/Security_Communication_Root_CA.crt)
2025-09-09 10:10:24 Result: file is owned by our current user ID (0), checking if it is readable
2025-09-09 10:10:24 Result: file /usr/share/ca-certificates/mozilla/Security_Communication_Root_CA.crt is readable (or directory accessible).
2025-09-09 10:10:24 Result: file '/usr/share/ca-certificates/mozilla/Security_Communication_Root_CA.crt' belongs to package (ca-certificates)
2025-09-09 10:10:24 Test: check if we can access /usr/share/ca-certificates/mozilla/Starfield_Class_2_CA.crt (escaped: /usr/share/ca-certificates/mozilla/Starfield_Class_2_CA.crt)
2025-09-09 10:10:24 Result: file is owned by our current user ID (0), checking if it is readable
2025-09-09 10:10:24 Result: file /usr/share/ca-certificates/mozilla/Starfield_Class_2_CA.crt is readable (or directory accessible).
2025-09-09 10:10:24 Result: file '/usr/share/ca-certificates/mozilla/Starfield_Class_2_CA.crt' belongs to package (ca-certificates)
2025-09-09 10:10:24 Test: check if we can access /usr/share/ca-certificates/mozilla/Starfield_Root_Certificate_Authority_-_G2.crt (escaped: /usr/share/ca-certificates/mozilla/Starfield_Root_Certificate_Authority_-_G2.crt)
2025-09-09 10:10:24 Result: file is owned by our current user ID (0), checking if it is readable
2025-09-09 10:10:24 Result: file /usr/share/ca-certificates/mozilla/Starfield_Root_Certificate_Authority_-_G2.crt is readable (or directory accessible).
2025-09-09 10:10:24 Result: file '/usr/share/ca-certificates/mozilla/Starfield_Root_Certificate_Authority_-_G2.crt' belongs to package (ca-certificates)
2025-09-09 10:10:24 Test: check if we can access /usr/share/ca-certificates/mozilla/Starfield_Services_Root_Certificate_Authority_-_G2.crt (escaped: /usr/share/ca-certificates/mozilla/Starfield_Services_Root_Certificate_Authority_-_G2.crt)
2025-09-09 10:10:24 Result: file is owned by our current user ID (0), checking if it is readable
2025-09-09 10:10:24 Result: file /usr/share/ca-certificates/mozilla/Starfield_Services_Root_Certificate_Authority_-_G2.crt is readable (or directory accessible).
2025-09-09 10:10:24 Result: file '/usr/share/ca-certificates/mozilla/Starfield_Services_Root_Certificate_Authority_-_G2.crt' belongs to package (ca-certificates)
2025-09-09 10:10:24 Test: check if we can access /usr/share/ca-certificates/mozilla/SwissSign_Gold_CA_-_G2.crt (escaped: /usr/share/ca-certificates/mozilla/SwissSign_Gold_CA_-_G2.crt)
2025-09-09 10:10:24 Result: file is owned by our current user ID (0), checking if it is readable
2025-09-09 10:10:24 Result: file /usr/share/ca-certificates/mozilla/SwissSign_Gold_CA_-_G2.crt is readable (or directory accessible).
2025-09-09 10:10:24 Result: file '/usr/share/ca-certificates/mozilla/SwissSign_Gold_CA_-_G2.crt' belongs to package (ca-certificates)
2025-09-09 10:10:24 Test: check if we can access /usr/share/ca-certificates/mozilla/SwissSign_Silver_CA_-_G2.crt (escaped: /usr/share/ca-certificates/mozilla/SwissSign_Silver_CA_-_G2.crt)
2025-09-09 10:10:24 Result: file is owned by our current user ID (0), checking if it is readable
2025-09-09 10:10:24 Result: file /usr/share/ca-certificates/mozilla/SwissSign_Silver_CA_-_G2.crt is readable (or directory accessible).
2025-09-09 10:10:25 Result: file '/usr/share/ca-certificates/mozilla/SwissSign_Silver_CA_-_G2.crt' belongs to package (ca-certificates)
2025-09-09 10:10:25 Test: check if we can access /usr/share/ca-certificates/mozilla/T-TeleSec_GlobalRoot_Class_2.crt (escaped: /usr/share/ca-certificates/mozilla/T-TeleSec_GlobalRoot_Class_2.crt)
2025-09-09 10:10:25 Result: file is owned by our current user ID (0), checking if it is readable
2025-09-09 10:10:25 Result: file /usr/share/ca-certificates/mozilla/T-TeleSec_GlobalRoot_Class_2.crt is readable (or directory accessible).
2025-09-09 10:10:25 Result: file '/usr/share/ca-certificates/mozilla/T-TeleSec_GlobalRoot_Class_2.crt' belongs to package (ca-certificates)
2025-09-09 10:10:25 Test: check if we can access /usr/share/ca-certificates/mozilla/T-TeleSec_GlobalRoot_Class_3.crt (escaped: /usr/share/ca-certificates/mozilla/T-TeleSec_GlobalRoot_Class_3.crt)
2025-09-09 10:10:25 Result: file is owned by our current user ID (0), checking if it is readable
2025-09-09 10:10:25 Result: file /usr/share/ca-certificates/mozilla/T-TeleSec_GlobalRoot_Class_3.crt is readable (or directory accessible).
2025-09-09 10:10:25 Result: file '/usr/share/ca-certificates/mozilla/T-TeleSec_GlobalRoot_Class_3.crt' belongs to package (ca-certificates)
2025-09-09 10:10:25 Test: check if we can access /usr/share/ca-certificates/mozilla/TUBITAK_Kamu_SM_SSL_Kok_Sertifikasi_-_Surum_1.crt (escaped: /usr/share/ca-certificates/mozilla/TUBITAK_Kamu_SM_SSL_Kok_Sertifikasi_-_Surum_1.crt)
2025-09-09 10:10:25 Result: file is owned by our current user ID (0), checking if it is readable
2025-09-09 10:10:25 Result: file /usr/share/ca-certificates/mozilla/TUBITAK_Kamu_SM_SSL_Kok_Sertifikasi_-_Surum_1.crt is readable (or directory accessible).
2025-09-09 10:10:25 Result: file '/usr/share/ca-certificates/mozilla/TUBITAK_Kamu_SM_SSL_Kok_Sertifikasi_-_Surum_1.crt' belongs to package (ca-certificates)
2025-09-09 10:10:25 Test: check if we can access /usr/share/ca-certificates/mozilla/TWCA_Global_Root_CA.crt (escaped: /usr/share/ca-certificates/mozilla/TWCA_Global_Root_CA.crt)
2025-09-09 10:10:25 Result: file is owned by our current user ID (0), checking if it is readable
2025-09-09 10:10:25 Result: file /usr/share/ca-certificates/mozilla/TWCA_Global_Root_CA.crt is readable (or directory accessible).
2025-09-09 10:10:25 Result: file '/usr/share/ca-certificates/mozilla/TWCA_Global_Root_CA.crt' belongs to package (ca-certificates)
2025-09-09 10:10:25 Test: check if we can access /usr/share/ca-certificates/mozilla/TWCA_Root_Certification_Authority.crt (escaped: /usr/share/ca-certificates/mozilla/TWCA_Root_Certification_Authority.crt)
2025-09-09 10:10:25 Result: file is owned by our current user ID (0), checking if it is readable
2025-09-09 10:10:25 Result: file /usr/share/ca-certificates/mozilla/TWCA_Root_Certification_Authority.crt is readable (or directory accessible).
2025-09-09 10:10:25 Result: file '/usr/share/ca-certificates/mozilla/TWCA_Root_Certification_Authority.crt' belongs to package (ca-certificates)
2025-09-09 10:10:25 Test: check if we can access /usr/share/ca-certificates/mozilla/TeliaSonera_Root_CA_v1.crt (escaped: /usr/share/ca-certificates/mozilla/TeliaSonera_Root_CA_v1.crt)
2025-09-09 10:10:26 Result: file is owned by our current user ID (0), checking if it is readable
2025-09-09 10:10:26 Result: file /usr/share/ca-certificates/mozilla/TeliaSonera_Root_CA_v1.crt is readable (or directory accessible).
2025-09-09 10:10:26 Result: file '/usr/share/ca-certificates/mozilla/TeliaSonera_Root_CA_v1.crt' belongs to package (ca-certificates)
2025-09-09 10:10:26 Test: check if we can access /usr/share/ca-certificates/mozilla/Telia_Root_CA_v2.crt (escaped: /usr/share/ca-certificates/mozilla/Telia_Root_CA_v2.crt)
2025-09-09 10:10:26 Result: file is owned by our current user ID (0), checking if it is readable
2025-09-09 10:10:26 Result: file /usr/share/ca-certificates/mozilla/Telia_Root_CA_v2.crt is readable (or directory accessible).
2025-09-09 10:10:26 Result: file '/usr/share/ca-certificates/mozilla/Telia_Root_CA_v2.crt' belongs to package (ca-certificates)
2025-09-09 10:10:26 Test: check if we can access /usr/share/ca-certificates/mozilla/TrustCor_ECA-1.crt (escaped: /usr/share/ca-certificates/mozilla/TrustCor_ECA-1.crt)
2025-09-09 10:10:26 Result: file is owned by our current user ID (0), checking if it is readable
2025-09-09 10:10:26 Result: file /usr/share/ca-certificates/mozilla/TrustCor_ECA-1.crt is readable (or directory accessible).
2025-09-09 10:10:26 Result: file '/usr/share/ca-certificates/mozilla/TrustCor_ECA-1.crt' belongs to package (ca-certificates)
2025-09-09 10:10:26 Test: check if we can access /usr/share/ca-certificates/mozilla/TrustCor_RootCert_CA-1.crt (escaped: /usr/share/ca-certificates/mozilla/TrustCor_RootCert_CA-1.crt)
2025-09-09 10:10:26 Result: file is owned by our current user ID (0), checking if it is readable
2025-09-09 10:10:26 Result: file /usr/share/ca-certificates/mozilla/TrustCor_RootCert_CA-1.crt is readable (or directory accessible).
2025-09-09 10:10:26 Result: file '/usr/share/ca-certificates/mozilla/TrustCor_RootCert_CA-1.crt' belongs to package (ca-certificates)
2025-09-09 10:10:26 Test: check if we can access /usr/share/ca-certificates/mozilla/TrustCor_RootCert_CA-2.crt (escaped: /usr/share/ca-certificates/mozilla/TrustCor_RootCert_CA-2.crt)
2025-09-09 10:10:26 Result: file is owned by our current user ID (0), checking if it is readable
2025-09-09 10:10:26 Result: file /usr/share/ca-certificates/mozilla/TrustCor_RootCert_CA-2.crt is readable (or directory accessible).
2025-09-09 10:10:26 Result: file '/usr/share/ca-certificates/mozilla/TrustCor_RootCert_CA-2.crt' belongs to package (ca-certificates)
2025-09-09 10:10:26 Test: check if we can access /usr/share/ca-certificates/mozilla/Trustwave_Global_Certification_Authority.crt (escaped: /usr/share/ca-certificates/mozilla/Trustwave_Global_Certification_Authority.crt)
2025-09-09 10:10:26 Result: file is owned by our current user ID (0), checking if it is readable
2025-09-09 10:10:26 Result: file /usr/share/ca-certificates/mozilla/Trustwave_Global_Certification_Authority.crt is readable (or directory accessible).
2025-09-09 10:10:27 Result: file '/usr/share/ca-certificates/mozilla/Trustwave_Global_Certification_Authority.crt' belongs to package (ca-certificates)
2025-09-09 10:10:27 Test: check if we can access /usr/share/ca-certificates/mozilla/Trustwave_Global_ECC_P256_Certification_Authority.crt (escaped: /usr/share/ca-certificates/mozilla/Trustwave_Global_ECC_P256_Certification_Authority.crt)
2025-09-09 10:10:27 Result: file is owned by our current user ID (0), checking if it is readable
2025-09-09 10:10:27 Result: file /usr/share/ca-certificates/mozilla/Trustwave_Global_ECC_P256_Certification_Authority.crt is readable (or directory accessible).
2025-09-09 10:10:27 Result: file '/usr/share/ca-certificates/mozilla/Trustwave_Global_ECC_P256_Certification_Authority.crt' belongs to package (ca-certificates)
2025-09-09 10:10:27 Test: check if we can access /usr/share/ca-certificates/mozilla/Trustwave_Global_ECC_P384_Certification_Authority.crt (escaped: /usr/share/ca-certificates/mozilla/Trustwave_Global_ECC_P384_Certification_Authority.crt)
2025-09-09 10:10:27 Result: file is owned by our current user ID (0), checking if it is readable
2025-09-09 10:10:27 Result: file /usr/share/ca-certificates/mozilla/Trustwave_Global_ECC_P384_Certification_Authority.crt is readable (or directory accessible).
2025-09-09 10:10:27 Result: file '/usr/share/ca-certificates/mozilla/Trustwave_Global_ECC_P384_Certification_Authority.crt' belongs to package (ca-certificates)
2025-09-09 10:10:27 Test: check if we can access /usr/share/ca-certificates/mozilla/TunTrust_Root_CA.crt (escaped: /usr/share/ca-certificates/mozilla/TunTrust_Root_CA.crt)
2025-09-09 10:10:27 Result: file is owned by our current user ID (0), checking if it is readable
2025-09-09 10:10:27 Result: file /usr/share/ca-certificates/mozilla/TunTrust_Root_CA.crt is readable (or directory accessible).
2025-09-09 10:10:27 Result: file '/usr/share/ca-certificates/mozilla/TunTrust_Root_CA.crt' belongs to package (ca-certificates)
2025-09-09 10:10:27 Test: check if we can access /usr/share/ca-certificates/mozilla/UCA_Extended_Validation_Root.crt (escaped: /usr/share/ca-certificates/mozilla/UCA_Extended_Validation_Root.crt)
2025-09-09 10:10:27 Result: file is owned by our current user ID (0), checking if it is readable
2025-09-09 10:10:27 Result: file /usr/share/ca-certificates/mozilla/UCA_Extended_Validation_Root.crt is readable (or directory accessible).
2025-09-09 10:10:27 Result: file '/usr/share/ca-certificates/mozilla/UCA_Extended_Validation_Root.crt' belongs to package (ca-certificates)
2025-09-09 10:10:27 Test: check if we can access /usr/share/ca-certificates/mozilla/UCA_Global_G2_Root.crt (escaped: /usr/share/ca-certificates/mozilla/UCA_Global_G2_Root.crt)
2025-09-09 10:10:27 Result: file is owned by our current user ID (0), checking if it is readable
2025-09-09 10:10:27 Result: file /usr/share/ca-certificates/mozilla/UCA_Global_G2_Root.crt is readable (or directory accessible).
2025-09-09 10:10:27 Result: file '/usr/share/ca-certificates/mozilla/UCA_Global_G2_Root.crt' belongs to package (ca-certificates)
2025-09-09 10:10:27 Test: check if we can access /usr/share/ca-certificates/mozilla/USERTrust_ECC_Certification_Authority.crt (escaped: /usr/share/ca-certificates/mozilla/USERTrust_ECC_Certification_Authority.crt)
2025-09-09 10:10:27 Result: file is owned by our current user ID (0), checking if it is readable
2025-09-09 10:10:27 Result: file /usr/share/ca-certificates/mozilla/USERTrust_ECC_Certification_Authority.crt is readable (or directory accessible).
2025-09-09 10:10:28 Result: file '/usr/share/ca-certificates/mozilla/USERTrust_ECC_Certification_Authority.crt' belongs to package (ca-certificates)
2025-09-09 10:10:28 Test: check if we can access /usr/share/ca-certificates/mozilla/USERTrust_RSA_Certification_Authority.crt (escaped: /usr/share/ca-certificates/mozilla/USERTrust_RSA_Certification_Authority.crt)
2025-09-09 10:10:28 Result: file is owned by our current user ID (0), checking if it is readable
2025-09-09 10:10:28 Result: file /usr/share/ca-certificates/mozilla/USERTrust_RSA_Certification_Authority.crt is readable (or directory accessible).
2025-09-09 10:10:28 Result: file '/usr/share/ca-certificates/mozilla/USERTrust_RSA_Certification_Authority.crt' belongs to package (ca-certificates)
2025-09-09 10:10:28 Test: check if we can access /usr/share/ca-certificates/mozilla/XRamp_Global_CA_Root.crt (escaped: /usr/share/ca-certificates/mozilla/XRamp_Global_CA_Root.crt)
2025-09-09 10:10:28 Result: file is owned by our current user ID (0), checking if it is readable
2025-09-09 10:10:28 Result: file /usr/share/ca-certificates/mozilla/XRamp_Global_CA_Root.crt is readable (or directory accessible).
2025-09-09 10:10:28 Result: file '/usr/share/ca-certificates/mozilla/XRamp_Global_CA_Root.crt' belongs to package (ca-certificates)
2025-09-09 10:10:28 Test: check if we can access /usr/share/ca-certificates/mozilla/certSIGN_ROOT_CA.crt (escaped: /usr/share/ca-certificates/mozilla/certSIGN_ROOT_CA.crt)
2025-09-09 10:10:28 Result: file is owned by our current user ID (0), checking if it is readable
2025-09-09 10:10:28 Result: file /usr/share/ca-certificates/mozilla/certSIGN_ROOT_CA.crt is readable (or directory accessible).
2025-09-09 10:10:28 Result: file '/usr/share/ca-certificates/mozilla/certSIGN_ROOT_CA.crt' belongs to package (ca-certificates)
2025-09-09 10:10:28 Test: check if we can access /usr/share/ca-certificates/mozilla/certSIGN_Root_CA_G2.crt (escaped: /usr/share/ca-certificates/mozilla/certSIGN_Root_CA_G2.crt)
2025-09-09 10:10:28 Result: file is owned by our current user ID (0), checking if it is readable
2025-09-09 10:10:28 Result: file /usr/share/ca-certificates/mozilla/certSIGN_Root_CA_G2.crt is readable (or directory accessible).
2025-09-09 10:10:28 Result: file '/usr/share/ca-certificates/mozilla/certSIGN_Root_CA_G2.crt' belongs to package (ca-certificates)
2025-09-09 10:10:28 Test: check if we can access /usr/share/ca-certificates/mozilla/e-Szigno_Root_CA_2017.crt (escaped: /usr/share/ca-certificates/mozilla/e-Szigno_Root_CA_2017.crt)
2025-09-09 10:10:28 Result: file is owned by our current user ID (0), checking if it is readable
2025-09-09 10:10:28 Result: file /usr/share/ca-certificates/mozilla/e-Szigno_Root_CA_2017.crt is readable (or directory accessible).
2025-09-09 10:10:28 Result: file '/usr/share/ca-certificates/mozilla/e-Szigno_Root_CA_2017.crt' belongs to package (ca-certificates)
2025-09-09 10:10:28 Test: check if we can access /usr/share/ca-certificates/mozilla/ePKI_Root_Certification_Authority.crt (escaped: /usr/share/ca-certificates/mozilla/ePKI_Root_Certification_Authority.crt)
2025-09-09 10:10:28 Result: file is owned by our current user ID (0), checking if it is readable
2025-09-09 10:10:28 Result: file /usr/share/ca-certificates/mozilla/ePKI_Root_Certification_Authority.crt is readable (or directory accessible).
2025-09-09 10:10:29 Result: file '/usr/share/ca-certificates/mozilla/ePKI_Root_Certification_Authority.crt' belongs to package (ca-certificates)
2025-09-09 10:10:29 Test: check if we can access /usr/share/ca-certificates/mozilla/emSign_ECC_Root_CA_-_C3.crt (escaped: /usr/share/ca-certificates/mozilla/emSign_ECC_Root_CA_-_C3.crt)
2025-09-09 10:10:29 Result: file is owned by our current user ID (0), checking if it is readable
2025-09-09 10:10:29 Result: file /usr/share/ca-certificates/mozilla/emSign_ECC_Root_CA_-_C3.crt is readable (or directory accessible).
2025-09-09 10:10:29 Result: file '/usr/share/ca-certificates/mozilla/emSign_ECC_Root_CA_-_C3.crt' belongs to package (ca-certificates)
2025-09-09 10:10:29 Test: check if we can access /usr/share/ca-certificates/mozilla/emSign_ECC_Root_CA_-_G3.crt (escaped: /usr/share/ca-certificates/mozilla/emSign_ECC_Root_CA_-_G3.crt)
2025-09-09 10:10:29 Result: file is owned by our current user ID (0), checking if it is readable
2025-09-09 10:10:29 Result: file /usr/share/ca-certificates/mozilla/emSign_ECC_Root_CA_-_G3.crt is readable (or directory accessible).
2025-09-09 10:10:29 Result: file '/usr/share/ca-certificates/mozilla/emSign_ECC_Root_CA_-_G3.crt' belongs to package (ca-certificates)
2025-09-09 10:10:29 Test: check if we can access /usr/share/ca-certificates/mozilla/emSign_Root_CA_-_C1.crt (escaped: /usr/share/ca-certificates/mozilla/emSign_Root_CA_-_C1.crt)
2025-09-09 10:10:29 Result: file is owned by our current user ID (0), checking if it is readable
2025-09-09 10:10:29 Result: file /usr/share/ca-certificates/mozilla/emSign_Root_CA_-_C1.crt is readable (or directory accessible).
2025-09-09 10:10:29 Result: file '/usr/share/ca-certificates/mozilla/emSign_Root_CA_-_C1.crt' belongs to package (ca-certificates)
2025-09-09 10:10:29 Test: check if we can access /usr/share/ca-certificates/mozilla/emSign_Root_CA_-_G1.crt (escaped: /usr/share/ca-certificates/mozilla/emSign_Root_CA_-_G1.crt)
2025-09-09 10:10:29 Result: file is owned by our current user ID (0), checking if it is readable
2025-09-09 10:10:29 Result: file /usr/share/ca-certificates/mozilla/emSign_Root_CA_-_G1.crt is readable (or directory accessible).
2025-09-09 10:10:29 Result: file '/usr/share/ca-certificates/mozilla/emSign_Root_CA_-_G1.crt' belongs to package (ca-certificates)
2025-09-09 10:10:29 Test: check if we can access /usr/share/ca-certificates/mozilla/vTrus_ECC_Root_CA.crt (escaped: /usr/share/ca-certificates/mozilla/vTrus_ECC_Root_CA.crt)
2025-09-09 10:10:29 Result: file is owned by our current user ID (0), checking if it is readable
2025-09-09 10:10:29 Result: file /usr/share/ca-certificates/mozilla/vTrus_ECC_Root_CA.crt is readable (or directory accessible).
2025-09-09 10:10:30 Result: file '/usr/share/ca-certificates/mozilla/vTrus_ECC_Root_CA.crt' belongs to package (ca-certificates)
2025-09-09 10:10:30 Test: check if we can access /usr/share/ca-certificates/mozilla/vTrus_Root_CA.crt (escaped: /usr/share/ca-certificates/mozilla/vTrus_Root_CA.crt)
2025-09-09 10:10:30 Result: file is owned by our current user ID (0), checking if it is readable
2025-09-09 10:10:30 Result: file /usr/share/ca-certificates/mozilla/vTrus_Root_CA.crt is readable (or directory accessible).
2025-09-09 10:10:30 Result: file '/usr/share/ca-certificates/mozilla/vTrus_Root_CA.crt' belongs to package (ca-certificates)
2025-09-09 10:10:30 Result: found 142 certificates in /usr/share/ca-certificates
2025-09-09 10:10:30 Test: check if we can access /usr/share/gnupg (escaped: /usr/share/gnupg)
2025-09-09 10:10:30 Result: file is owned by our current user ID (0), checking if it is readable
2025-09-09 10:10:30 Result: file /usr/share/gnupg is readable (or directory accessible).
2025-09-09 10:10:30 Result: found directory /usr/share/gnupg
2025-09-09 10:10:30 Test: check if we can access /usr/share/gnupg/sks-keyservers.netCA.pem (escaped: /usr/share/gnupg/sks-keyservers.netCA.pem)
2025-09-09 10:10:30 Result: file is owned by our current user ID (0), checking if it is readable
2025-09-09 10:10:30 Result: file /usr/share/gnupg/sks-keyservers.netCA.pem is readable (or directory accessible).
2025-09-09 10:10:30 Result: file '/usr/share/gnupg/sks-keyservers.netCA.pem' belongs to package (dirmngr)
2025-09-09 10:10:30 Result: found 1 certificates in /usr/share/gnupg
2025-09-09 10:10:30 Result: SSL path /var/www does not exist
2025-09-09 10:10:30 Result: SSL path /srv/www does not exist
2025-09-09 10:10:30 Result: found a total of 145 certificates
2025-09-09 10:10:30 ====
2025-09-09 10:10:30 Performing test ID CRYP-7930 (Determine if system uses LUKS block device encryption)
2025-09-09 10:10:30 Result: block device sda is not LUKS encrypted
2025-09-09 10:10:30 Result: block device sda1 is not LUKS encrypted
2025-09-09 10:10:30 Result: block device sda2 is not LUKS encrypted
2025-09-09 10:10:30 Result: block device sda5 is not LUKS encrypted
2025-09-09 10:10:30 Result: block device sr0 is not LUKS encrypted
2025-09-09 10:10:30 ====
2025-09-09 10:10:30 Performing test ID CRYP-7931 (Determine if system uses encrypted swap)
2025-09-09 10:10:30 Result: Found unencrypted swap device: /dev/sda5
2025-09-09 10:10:30 ====
2025-09-09 10:10:30 Performing test ID CRYP-8002 (Gather available kernel entropy)
2025-09-09 10:10:30 Result: found kernel entropy value of 256
2025-09-09 10:10:30 ====
2025-09-09 10:10:30 Performing test ID CRYP-8004 (Presence of hardware random number generators)
2025-09-09 10:10:30 Test: looking for /sys/class/misc/hw_random/rng_current
2025-09-09 10:10:30 Result: no HW RNG available
2025-09-09 10:10:30 ====
2025-09-09 10:10:30 Performing test ID CRYP-8005 (Presence of software pseudo random number generators)
2025-09-09 10:10:30 Test: looking for software pseudo random number generators
2025-09-09 10:10:30 Performing pgrep scan without uid
2025-09-09 10:10:30 IsRunning: process 'audio-entropyd' not found
2025-09-09 10:10:30 Performing pgrep scan without uid
2025-09-09 10:10:30 IsRunning: process 'haveged' not found
2025-09-09 10:10:30 Performing pgrep scan without uid
2025-09-09 10:10:30 IsRunning: process 'jitterentropy-rngd' not found
2025-09-09 10:10:30 ====
2025-09-09 10:10:30 Performing test ID CRYP-8006 (MemoryOverwriteRequest-bit set)
2025-09-09 10:10:30 Test: looking for /sys/firmware/efi/efivars/MemoryOverwriteRequestControl-e20939be-32d4-41be-a150-897f85d49829
2025-09-09 10:10:30 Result: could not find /sys/firmware/efi/efivars/MemoryOverwriteRequestControl-e20939be-32d4-41be-a150-897f85d49829
2025-09-09 10:10:30 Security check: file is normal
2025-09-09 10:10:30 Checking permissions of /usr/share/lynis/include/tests_virtualization
2025-09-09 10:10:30 File permissions are OK
2025-09-09 10:10:30 ====
2025-09-09 10:10:30 Action: Performing tests from category: Virtualization
2025-09-09 10:10:30 Security check: file is normal
2025-09-09 10:10:30 Checking permissions of /usr/share/lynis/include/tests_containers
2025-09-09 10:10:30 File permissions are OK
2025-09-09 10:10:30 ====
2025-09-09 10:10:30 Action: Performing tests from category: Containers
2025-09-09 10:10:30 ====
2025-09-09 10:10:30 Skipped test CONT-8004 (Query running Solaris zones)
2025-09-09 10:10:30 Reason to skip: Skipped by profile setting (skip-test)
2025-09-09 10:10:30 ====
2025-09-09 10:10:30 Performing test ID CONT-8102 (Checking Docker status and information)
2025-09-09 10:10:30 Performing pgrep scan without uid
2025-09-09 10:10:30 IsRunning: process 'dockerd' not found
2025-09-09 10:10:30 ====
2025-09-09 10:10:30 Skipped test CONT-8104 (Checking Docker info for any warnings)
2025-09-09 10:10:30 Reason to skip: Skipped by profile setting (skip-test)
2025-09-09 10:10:30 ====
2025-09-09 10:10:30 Skipped test CONT-8106 (Gather basic stats from Docker)
2025-09-09 10:10:30 Reason to skip: Prerequisites not met (ie missing tool, other type of Linux distribution)
2025-09-09 10:10:30 ====
2025-09-09 10:10:30 Skipped test CONT-8107 (Check number of Docker containers)
2025-09-09 10:10:30 Reason to skip: Prerequisites not met (ie missing tool, other type of Linux distribution)
2025-09-09 10:10:30 ====
2025-09-09 10:10:30 Skipped test CONT-8108 (Check file permissions for Docker files)
2025-09-09 10:10:30 Reason to skip: Prerequisites not met (ie missing tool, other type of Linux distribution)
2025-09-09 10:10:30 Security check: file is normal
2025-09-09 10:10:30 Checking permissions of /usr/share/lynis/include/tests_mac_frameworks
2025-09-09 10:10:30 File permissions are OK
2025-09-09 10:10:30 ====
2025-09-09 10:10:30 Action: Performing tests from category: Security frameworks
2025-09-09 10:10:30 ====
2025-09-09 10:10:30 Performing test ID MACF-6204 (Check AppArmor presence)
2025-09-09 10:10:30 Result: aa-status binary found, AppArmor is installed
2025-09-09 10:10:30 ====
2025-09-09 10:10:30 Performing test ID MACF-6208 (Check if AppArmor is enabled)
2025-09-09 10:10:30 Result: file /sys/kernel/security/apparmor/profiles is available and readable
2025-09-09 10:10:30 Result: AppArmor is enabled and a policy is loaded
2025-09-09 10:10:30 Hardening: assigned maximum number of hardening points for this item (3). Currently having 216 points (out of 270)
2025-09-09 10:10:30 Result: Unconfined process: unconfined:1:systemd
2025-09-09 10:10:30 Result: Unconfined process: unconfined:2:kthreadd
2025-09-09 10:10:30 Result: Unconfined process: unconfined:322:systemd-journal
2025-09-09 10:10:30 Result: Unconfined process: unconfined:350:systemd-udevd
2025-09-09 10:10:30 Result: Unconfined process: unconfined:587:systemd-timesyn
2025-09-09 10:10:30 Result: Unconfined process: unconfined:590:auditd
2025-09-09 10:10:30 Result: Unconfined process: unconfined:613:accounts-daemon
2025-09-09 10:10:30 Result: Unconfined process: unconfined:616:avahi-daemon
2025-09-09 10:10:30 Result: Unconfined process: unconfined:618:cron
2025-09-09 10:10:30 Result: Unconfined process: unconfined:619:dbus-daemon
2025-09-09 10:10:30 Result: Unconfined process: unconfined:622:polkitd
2025-09-09 10:10:30 Result: Unconfined process: unconfined:623:avahi-daemon
2025-09-09 10:10:30 Result: Unconfined process: unconfined:626:systemd-logind
2025-09-09 10:10:30 Result: Unconfined process: unconfined:627:udisksd
2025-09-09 10:10:30 Result: Unconfined process: unconfined:643:NetworkManager
2025-09-09 10:10:30 Result: Unconfined process: unconfined:644:wpa_supplicant
2025-09-09 10:10:30 Result: Unconfined process: unconfined:662:ModemManager
2025-09-09 10:10:30 Result: Unconfined process: unconfined:684:unattended-upgr
2025-09-09 10:10:30 Result: Unconfined process: unconfined:850:lightdm
2025-09-09 10:10:30 Result: Unconfined process: unconfined:896:VBoxDRMClient
2025-09-09 10:10:30 Result: Unconfined process: unconfined:913:VBoxService
2025-09-09 10:10:30 Result: Unconfined process: unconfined:952:agetty
2025-09-09 10:10:30 Result: Unconfined process: unconfined:953:Xorg
2025-09-09 10:10:30 Result: Unconfined process: unconfined:1239:exim4
2025-09-09 10:10:30 Result: Unconfined process: unconfined:1302:rtkit-daemon
2025-09-09 10:10:30 Result: Unconfined process: unconfined:1424:lightdm
2025-09-09 10:10:30 Result: Unconfined process: unconfined:1430:systemd
2025-09-09 10:10:30 Result: Unconfined process: unconfined:1432:(sd-pam)
2025-09-09 10:10:30 Result: Unconfined process: unconfined:1447:pulseaudio
2025-09-09 10:10:30 Result: Unconfined process: unconfined:1449:gnome-keyring-d
2025-09-09 10:10:30 Result: Unconfined process: unconfined:1453:dbus-daemon
2025-09-09 10:10:30 Result: Unconfined process: unconfined:1457:x-session-manag
2025-09-09 10:10:30 Result: Unconfined process: unconfined:1528:VBoxClient
2025-09-09 10:10:30 Result: Unconfined process: unconfined:1529:VBoxClient
2025-09-09 10:10:30 Result: Unconfined process: unconfined:1544:VBoxClient
2025-09-09 10:10:30 Result: Unconfined process: unconfined:1545:VBoxClient
2025-09-09 10:10:30 Result: Unconfined process: unconfined:1551:VBoxClient
2025-09-09 10:10:30 Result: Unconfined process: unconfined:1552:VBoxClient
2025-09-09 10:10:30 Result: Unconfined process: unconfined:1560:VBoxClient
2025-09-09 10:10:30 Result: Unconfined process: unconfined:1561:VBoxClient
2025-09-09 10:10:30 Result: Unconfined process: unconfined:1566:ssh-agent
2025-09-09 10:10:30 Result: Unconfined process: unconfined:1583:ibus-daemon
2025-09-09 10:10:30 Result: Unconfined process: unconfined:1584:at-spi-bus-laun
2025-09-09 10:10:30 Result: Unconfined process: unconfined:1587:gvfsd
2025-09-09 10:10:30 Result: Unconfined process: unconfined:1597:dbus-daemon
2025-09-09 10:10:30 Result: Unconfined process: unconfined:1598:gvfsd-fuse
2025-09-09 10:10:30 Result: Unconfined process: unconfined:1600:ibus-memconf
2025-09-09 10:10:30 Result: Unconfined process: unconfined:1602:ibus-ui-gtk3
2025-09-09 10:10:30 Result: Unconfined process: unconfined:1612:ibus-extension-
2025-09-09 10:10:30 Result: Unconfined process: unconfined:1615:ibus-x11
2025-09-09 10:10:30 Result: Unconfined process: unconfined:1620:ibus-portal
2025-09-09 10:10:30 Result: Unconfined process: unconfined:1628:xdg-desktop-por
2025-09-09 10:10:30 Result: Unconfined process: unconfined:1631:at-spi2-registr
2025-09-09 10:10:30 Result: Unconfined process: unconfined:1641:xdg-document-po
2025-09-09 10:10:30 Result: Unconfined process: unconfined:1653:xdg-permission-
2025-09-09 10:10:30 Result: Unconfined process: unconfined:1659:fusermount3
2025-09-09 10:10:30 Result: Unconfined process: unconfined:1662:xdg-desktop-por
2025-09-09 10:10:30 Result: Unconfined process: unconfined:1668:ibus-engine-sim
2025-09-09 10:10:30 Result: Unconfined process: unconfined:1694:dconf-service
2025-09-09 10:10:30 Result: Unconfined process: unconfined:1700:mate-settings-d
2025-09-09 10:10:30 Result: Unconfined process: unconfined:1704:marco
2025-09-09 10:10:30 Result: Unconfined process: unconfined:1714:mate-panel
2025-09-09 10:10:30 Result: Unconfined process: unconfined:1732:caja
2025-09-09 10:10:30 Result: Unconfined process: unconfined:1733:gvfs-udisks2-vo
2025-09-09 10:10:30 Result: Unconfined process: unconfined:1737:wnck-applet
2025-09-09 10:10:30 Result: Unconfined process: unconfined:1738:mate-screensave
2025-09-09 10:10:30 Result: Unconfined process: unconfined:1739:mate-power-mana
2025-09-09 10:10:30 Result: Unconfined process: unconfined:1746:applet.py
2025-09-09 10:10:30 Result: Unconfined process: unconfined:1753:gvfs-goa-volume
2025-09-09 10:10:30 Result: Unconfined process: unconfined:1758:agent
2025-09-09 10:10:30 Result: Unconfined process: unconfined:1781:gvfs-mtp-volume
2025-09-09 10:10:30 Result: Unconfined process: unconfined:1785:polkit-mate-aut
2025-09-09 10:10:30 Result: Unconfined process: unconfined:1805:nm-applet
2025-09-09 10:10:30 Result: Unconfined process: unconfined:1812:mate-volume-con
2025-09-09 10:10:30 Result: Unconfined process: unconfined:1817:gvfs-gphoto2-vo
2025-09-09 10:10:30 Result: Unconfined process: unconfined:1830:gvfs-afc-volume
2025-09-09 10:10:30 Result: Unconfined process: unconfined:1838:upowerd
2025-09-09 10:10:30 Result: Unconfined process: unconfined:1849:notification-ar
2025-09-09 10:10:30 Result: Unconfined process: unconfined:1850:clock-applet
2025-09-09 10:10:30 Result: Unconfined process: unconfined:1884:gvfsd-trash
2025-09-09 10:10:30 Result: Unconfined process: unconfined:1979:firefox-esr
2025-09-09 10:10:30 Result: Unconfined process: unconfined:2050:Socket:Process
2025-09-09 10:10:30 Result: Unconfined process: unconfined:2069:Privileged:Cont
2025-09-09 10:10:30 Result: Unconfined process: unconfined:2123:WebExtensions
2025-09-09 10:10:30 Result: Unconfined process: unconfined:2189:Utility:Process
2025-09-09 10:10:30 Result: Unconfined process: unconfined:2198:Isolated:Web:Co
2025-09-09 10:10:30 Result: Unconfined process: unconfined:2299:mate-terminal
2025-09-09 10:10:30 Result: Unconfined process: unconfined:2334:bash
2025-09-09 10:10:30 Result: Unconfined process: unconfined:2406:Isolated:Web:Co
2025-09-09 10:10:30 Result: Unconfined process: unconfined:2409:Isolated:Web:Co
2025-09-09 10:10:30 Result: Unconfined process: unconfined:2497:gvfsd-metadata
2025-09-09 10:10:30 Result: Unconfined process: unconfined:2917:Isolated:Web:Co
2025-09-09 10:10:30 Result: Unconfined process: unconfined:15220:Web:Content
2025-09-09 10:10:30 Result: Unconfined process: unconfined:15602:Web:Content
2025-09-09 10:10:30 Result: Unconfined process: unconfined:15700:Web:Content
2025-09-09 10:10:30 Result: Unconfined process: unconfined:70189:bash
2025-09-09 10:10:30 Result: Unconfined process: unconfined:71227:python3
2025-09-09 10:10:30 Result: Unconfined process: unconfined:81246:rsyslogd
2025-09-09 10:10:30 Result: Unconfined process: unconfined:86549:node_exporter
2025-09-09 10:10:30 Result: Unconfined process: unconfined:88975:fail2ban-server
2025-09-09 10:10:30 Result: Unconfined process: unconfined:89179:sshd
2025-09-09 10:10:30 Result: Unconfined process: unconfined:347011:sudo
2025-09-09 10:10:30 Result: Unconfined process: unconfined:347014:sudo
2025-09-09 10:10:30 Result: Unconfined process: unconfined:347015:hardn-xdr
2025-09-09 10:10:30 Result: Unconfined process: unconfined:347016:bash
2025-09-09 10:10:30 Result: Unconfined process: unconfined:347027:lynis
2025-09-09 10:10:30 Result: Unconfined process: unconfined:385310:packagekitd
2025-09-09 10:10:30 Result: Unconfined process: unconfined:397426:lynis
2025-09-09 10:10:30 Result: Unconfined process: unconfined:397427:ps
2025-09-09 10:10:30 Result: Unconfined process: unconfined:397428:grep
2025-09-09 10:10:30 Result: Unconfined process: unconfined:397429:tr
2025-09-09 10:10:30 ====
2025-09-09 10:10:30 Performing test ID MACF-6232 (Check SELINUX presence)
2025-09-09 10:10:30 Test: checking if we have sestatus binary
2025-09-09 10:10:30 Result: sestatus binary NOT found
2025-09-09 10:10:30 ====
2025-09-09 10:10:30 Skipped test MACF-6234 (Check SELINUX status)
2025-09-09 10:10:30 Reason to skip: Prerequisites not met (ie missing tool, other type of Linux distribution)
2025-09-09 10:10:30 ====
2025-09-09 10:10:30 Performing test ID MACF-6240 (Check TOMOYO Linux presence)
2025-09-09 10:10:30 Test: checking if we have tomoyo-init binary
2025-09-09 10:10:30 Result: tomoyo-init binary not found
2025-09-09 10:10:30 ====
2025-09-09 10:10:30 Skipped test MACF-6242 (Check TOMOYO Linux status)
2025-09-09 10:10:30 Reason to skip: Prerequisites not met (ie missing tool, other type of Linux distribution)
2025-09-09 10:10:30 ====
2025-09-09 10:10:30 Performing test ID RBAC-6272 (Check grsecurity presence)
2025-09-09 10:10:30 Result: no grsecurity found in kernel config
2025-09-09 10:10:30 ====
2025-09-09 10:10:30 Performing test ID MACF-6290 (Check for implemented MAC framework)
2025-09-09 10:10:30 Hardening: assigned maximum number of hardening points for this item (3). Currently having 219 points (out of 273)
2025-09-09 10:10:30 Result: found implemented MAC framework
2025-09-09 10:10:30 Security check: file is normal
2025-09-09 10:10:30 Checking permissions of /usr/share/lynis/include/tests_file_integrity
2025-09-09 10:10:30 File permissions are OK
2025-09-09 10:10:30 ====
2025-09-09 10:10:30 Action: Performing tests from category: Software: file integrity
2025-09-09 10:10:30 ====
2025-09-09 10:10:30 Performing test ID FINT-4310 (AFICK availability)
2025-09-09 10:10:30 Test: Checking AFICK binary
2025-09-09 10:10:30 Result: AFICK is not installed
2025-09-09 10:10:30 ====
2025-09-09 10:10:30 Performing test ID FINT-4314 (AIDE availability)
2025-09-09 10:10:30 Test: Checking AIDE binary
2025-09-09 10:10:30 Result: AIDE is installed (/usr/bin/aide)
2025-09-09 10:10:30 ====
2025-09-09 10:10:30 Performing test ID FINT-4315 (Check AIDE configuration file)
2025-09-09 10:10:30 Test: search for aide.conf in /etc /etc/aide /usr/local/etc
2025-09-09 10:10:30 Result: found aide.conf in directory /etc/aide
2025-09-09 10:10:30 Checking configuration file /etc/aide/aide.conf for errors
2025-09-09 10:10:31 ====
2025-09-09 10:10:31 Performing test ID FINT-4316 (Presence of AIDE database and size check)
2025-09-09 10:10:31 Test: search for AIDE database on disk /var/lib/aide/aide.db
2025-09-09 10:10:31 Checking database size /var/lib/aide/aide.db
2025-09-09 10:10:31 Result: AIDE database /var/lib/aide/aide.db exist and has a size greater than zero
2025-09-09 10:10:31 ====
2025-09-09 10:10:31 Performing test ID FINT-4318 (Osiris availability)
2025-09-09 10:10:31 Test: Checking Osiris binary
2025-09-09 10:10:31 Result: Osiris is not installed
2025-09-09 10:10:31 ====
2025-09-09 10:10:31 Performing test ID FINT-4322 (Samhain availability)
2025-09-09 10:10:31 Test: Checking Samhain binary
2025-09-09 10:10:31 Result: Samhain is not installed
2025-09-09 10:10:31 ====
2025-09-09 10:10:31 Performing test ID FINT-4326 (Tripwire availability)
2025-09-09 10:10:31 Test: Checking Tripwire binary
2025-09-09 10:10:31 Result: Tripwire is not installed
2025-09-09 10:10:31 ====
2025-09-09 10:10:31 Performing test ID FINT-4328 (OSSEC syscheck daemon running)
2025-09-09 10:10:31 Test: Checking if OSSEC syscheck daemon is running
2025-09-09 10:10:31 Performing pgrep scan without uid
2025-09-09 10:10:31 IsRunning: process 'ossec-syscheckd' not found
2025-09-09 10:10:31 Result: syscheck (OSSEC) is not active
2025-09-09 10:10:31 ====
2025-09-09 10:10:31 Performing test ID FINT-4330 (mtree availability)
2025-09-09 10:10:31 Test: Checking mtree binary
2025-09-09 10:10:31 Result: mtree is not installed
2025-09-09 10:10:31 ====
2025-09-09 10:10:31 Skipped test FINT-4334 (Check lfd daemon status)
2025-09-09 10:10:31 Reason to skip: Prerequisites not met (ie missing tool, other type of Linux distribution)
2025-09-09 10:10:31 ====
2025-09-09 10:10:31 Skipped test FINT-4336 (Check lfd configuration status)
2025-09-09 10:10:31 Reason to skip: Prerequisites not met (ie missing tool, other type of Linux distribution)
2025-09-09 10:10:31 ====
2025-09-09 10:10:31 Performing test ID FINT-4338 (osqueryd syscheck daemon running)
2025-09-09 10:10:31 Test: Checking if osqueryd syscheck daemon is running
2025-09-09 10:10:31 Performing pgrep scan without uid
2025-09-09 10:10:31 IsRunning: process 'osqueryd' not found
2025-09-09 10:10:31 Result: syscheck (osquery) not installed
2025-09-09 10:10:31 ====
2025-09-09 10:10:31 Skipped test FINT-4339 (Check IMA/EVM status)
2025-09-09 10:10:31 Reason to skip: No evmctl binary found
2025-09-09 10:10:31 ====
2025-09-09 10:10:31 Performing test ID FINT-4340 (Check dm-integrity status)
2025-09-09 10:10:31 Result: dm-integrity tools found but no active devices
2025-09-09 10:10:31 ====
2025-09-09 10:10:31 Performing test ID FINT-4341 (Check dm-verity status)
2025-09-09 10:10:31 Result: dm-verity tools found but no active devices
2025-09-09 10:10:31 ====
2025-09-09 10:10:31 Performing test ID FINT-4402 (AIDE configuration: Checksums (SHA256 or SHA512))
2025-09-09 10:10:31 Result: No SHA256 or SHA512 found for creating checksums
2025-09-09 10:10:31 Suggestion: Use SHA256 or SHA512 to create checksums in AIDE [test:FINT-4402] [details:-] [solution:-]
2025-09-09 10:10:31 Hardening: assigned partial number of hardening points (1 of 3). Currently having 220 points (out of 276)
2025-09-09 10:10:31 ====
2025-09-09 10:10:31 Performing test ID FINT-4350 (File integrity software installed)
2025-09-09 10:10:31 Test: Check if at least on file integrity tool is available/installed
2025-09-09 10:10:31 Result: found at least one file integrity tool
2025-09-09 10:10:31 Hardening: assigned maximum number of hardening points for this item (5). Currently having 225 points (out of 281)
2025-09-09 10:10:31 Security check: file is normal
2025-09-09 10:10:31 Checking permissions of /usr/share/lynis/include/tests_tooling
2025-09-09 10:10:31 File permissions are OK
2025-09-09 10:10:31 ====
2025-09-09 10:10:31 Action: Performing tests from category: Software: System tooling
2025-09-09 10:10:31 ====
2025-09-09 10:10:31 Performing test ID TOOL-5002 (Checking for automation tools)
2025-09-09 10:10:31 Test: checking if directory /root/.ansible exists
2025-09-09 10:10:31 Result: directory /root/.ansible NOT found
2025-09-09 10:10:31 Test: checking if directory /etc/ansible exists
2025-09-09 10:10:31 Result: directory /etc/ansible NOT found
2025-09-09 10:10:31 Test: checking if directory /root/.ansible exists
2025-09-09 10:10:31 Result: directory /root/.ansible NOT found
2025-09-09 10:10:31 Test: checking if directory /tmp/.ansible exists
2025-09-09 10:10:31 Result: directory /tmp/.ansible NOT found
2025-09-09 10:10:31 Test: checking if file /var/log/ansible.log exists
2025-09-09 10:10:31 Result: file /var/log/ansible.log NOT found
2025-09-09 10:10:31 Test: checking if file ~/.ansible-retry exists
2025-09-09 10:10:31 Result: file ~/.ansible-retry NOT found
2025-09-09 10:10:31 Performing pgrep scan without uid
2025-09-09 10:10:31 IsRunning: process 'puppet master' not found
2025-09-09 10:10:31 Suggestion: Determine if automation tools are present for system management [test:TOOL-5002] [details:-] [solution:-]
2025-09-09 10:10:31 ====
2025-09-09 10:10:31 Performing test ID TOOL-5102 (Check for presence of Fail2ban)
2025-09-09 10:10:31 Result: Fail2ban is installed (/usr/bin/fail2ban-server)
2025-09-09 10:10:31 Checking Fail2ban configuration file
2025-09-09 10:10:31 ====
2025-09-09 10:10:31 Performing test ID TOOL-5104 (Enabled tests in Fail2ban)
2025-09-09 10:10:31 Result: service 'sshd' enabled
2025-09-09 10:10:31 Result: found at least one enabled jail
2025-09-09 10:10:31 Hardening: assigned maximum number of hardening points for this item (3). Currently having 228 points (out of 284)
2025-09-09 10:10:31 ====
2025-09-09 10:10:31 Performing test ID TOOL-5120 (Check for presence of Snort)
2025-09-09 10:10:31 Performing pgrep scan without uid
2025-09-09 10:10:31 IsRunning: process 'snort' not found
2025-09-09 10:10:31 Result: Snort not present (Snort not running)
2025-09-09 10:10:31 ====
2025-09-09 10:10:31 Performing test ID TOOL-5122 (Check Snort configuration file)
2025-09-09 10:10:31 ====
2025-09-09 10:10:31 Performing test ID TOOL-5130 (Check for active Suricata daemon)
2025-09-09 10:10:31 Result: Suricata is installed (/usr/bin/suricata)
2025-09-09 10:10:31 Performing pgrep scan without uid
2025-09-09 10:10:31 IsRunning: process 'Suricata-Main' not found
2025-09-09 10:10:31 Performing pgrep scan without uid
2025-09-09 10:10:31 IsRunning: process '/usr/bin/suricata ' not found
2025-09-09 10:10:31 Result: Suricata daemon not active
2025-09-09 10:10:31 ====
2025-09-09 10:10:31 Performing test ID TOOL-5126 (Check for active OSSEC daemon)
2025-09-09 10:10:31 Performing pgrep scan without uid
2025-09-09 10:10:31 IsRunning: process 'ossec-analysisd' not found
2025-09-09 10:10:31 Result: OSSEC analysis daemon not active
2025-09-09 10:10:31 Performing pgrep scan without uid
2025-09-09 10:10:31 IsRunning: process 'ossec-agentd' not found
2025-09-09 10:10:31 Result: OSSEC agent daemon not active
2025-09-09 10:10:31 ====
2025-09-09 10:10:31 Performing test ID TOOL-5190 (Check presence of IDS/IPS tool)
2025-09-09 10:10:31 Hardening: assigned maximum number of hardening points for this item (2). Currently having 230 points (out of 286)
2025-09-09 10:10:31 Security check: file is normal
2025-09-09 10:10:31 Checking permissions of /usr/share/lynis/include/tests_malware
2025-09-09 10:10:31 File permissions are OK
2025-09-09 10:10:31 ====
2025-09-09 10:10:31 Action: Performing tests from category: Software: Malware
2025-09-09 10:10:31 ====
2025-09-09 10:10:31 Performing test ID MALW-3274 (Check for McAfee VirusScan Command Line)
2025-09-09 10:10:31 Test: checking presence McAfee VirusScan for Command Line
2025-09-09 10:10:31 Result: McAfee VirusScan for Command Line not found
2025-09-09 10:10:31 ====
2025-09-09 10:10:31 Performing test ID MALW-3275 (Check for chkrootkit)
2025-09-09 10:10:31 Test: checking presence chkrootkit
2025-09-09 10:10:31 Result: Found /usr/sbin/chkrootkit
2025-09-09 10:10:31 Hardening: assigned maximum number of hardening points for this item (2). Currently having 232 points (out of 288)
2025-09-09 10:10:31 ====
2025-09-09 10:10:31 Performing test ID MALW-3276 (Check for Rootkit Hunter)
2025-09-09 10:10:31 Test: checking presence Rootkit Hunter
2025-09-09 10:10:31 Result: Found /usr/bin/rkhunter
2025-09-09 10:10:31 Hardening: assigned maximum number of hardening points for this item (2). Currently having 234 points (out of 290)
2025-09-09 10:10:31 ====
2025-09-09 10:10:31 Performing test ID MALW-3278 (Check for LMD)
2025-09-09 10:10:31 Test: checking presence LMD
2025-09-09 10:10:31 Result: LMD not found
2025-09-09 10:10:31 ====
2025-09-09 10:10:31 Performing test ID MALW-3280 (Check if anti-virus tool is installed)
2025-09-09 10:10:31 Test: checking process com.avast.daemon
2025-09-09 10:10:31 Performing pgrep scan without uid
2025-09-09 10:10:31 IsRunning: process 'com.avast.daemon' not found
2025-09-09 10:10:31 Test: checking process Avira daemon
2025-09-09 10:10:31 Performing pgrep scan without uid
2025-09-09 10:10:31 IsRunning: process 'avqmd' not found
2025-09-09 10:10:31 Test: checking process epagd
2025-09-09 10:10:31 Performing pgrep scan without uid
2025-09-09 10:10:31 IsRunning: process 'bdagentd' not found
2025-09-09 10:10:31 Performing pgrep scan without uid
2025-09-09 10:10:31 IsRunning: process 'epagd' not found
2025-09-09 10:10:31 Test: checking process falcon-sensor (CrowdStrike)
2025-09-09 10:10:31 Performing pgrep scan without uid
2025-09-09 10:10:31 IsRunning: process 'falcon-sensor' not found
2025-09-09 10:10:31 Test: checking process CylanceSvc
2025-09-09 10:10:31 Performing pgrep scan without uid
2025-09-09 10:10:31 IsRunning: process 'CylanceSvc' not found
2025-09-09 10:10:31 Test: checking process esets_daemon
2025-09-09 10:10:31 Performing pgrep scan without uid
2025-09-09 10:10:31 IsRunning: process 'esets_daemon' not found
2025-09-09 10:10:31 Test: checking process wdserver or klnagent (Kaspersky)
2025-09-09 10:10:31 Performing pgrep scan without uid
2025-09-09 10:10:31 IsRunning: process 'klnagent' not found
2025-09-09 10:10:31 Test: checking process cma or cmdagent (McAfee)
2025-09-09 10:10:31 Performing pgrep scan without uid
2025-09-09 10:10:31 IsRunning: process 'cmdagent' not found
2025-09-09 10:10:31 Test: checking process savscand
2025-09-09 10:10:31 Performing pgrep scan without uid
2025-09-09 10:10:31 IsRunning: process 'savscand' not found
2025-09-09 10:10:31 Test: checking process SophosScanD
2025-09-09 10:10:31 Performing pgrep scan without uid
2025-09-09 10:10:31 IsRunning: process 'SophosScanD' not found
2025-09-09 10:10:31 Test: checking process rtvscand
2025-09-09 10:10:31 Performing pgrep scan without uid
2025-09-09 10:10:31 IsRunning: process 'rtvscand' not found
2025-09-09 10:10:31 Test: checking process Symantec management client service
2025-09-09 10:10:31 Performing pgrep scan without uid
2025-09-09 10:10:32 IsRunning: process 'smcd' not found
2025-09-09 10:10:32 Test: checking process Symantec Endpoint Protection configuration service
2025-09-09 10:10:32 Performing pgrep scan without uid
2025-09-09 10:10:32 IsRunning: process 'symcfgd' not found
2025-09-09 10:10:32 Test: checking process synoavd
2025-09-09 10:10:32 Performing pgrep scan without uid
2025-09-09 10:10:32 IsRunning: process 'synoavd' not found
2025-09-09 10:10:32 Test: checking process ds_agent to test for Trend Micro Deep Anti Malware component
2025-09-09 10:10:32 Performing pgrep scan without uid
2025-09-09 10:10:32 IsRunning: process 'ds_am' not found
2025-09-09 10:10:32 Test: checking process TmccMac to test for Trend Micro anti-virus (macOS)
2025-09-09 10:10:32 Performing pgrep scan without uid
2025-09-09 10:10:32 IsRunning: process 'TmccMac' not found
2025-09-09 10:10:32 Result: no commercial anti-virus tools found
2025-09-09 10:10:32 Hardening: assigned partial number of hardening points (0 of 3). Currently having 234 points (out of 293)
2025-09-09 10:10:32 ====
2025-09-09 10:10:32 Performing test ID MALW-3282 (Check for clamscan)
2025-09-09 10:10:32 Test: checking presence clamscan
2025-09-09 10:10:32 Result: Found /usr/bin/clamscan
2025-09-09 10:10:32 Hardening: assigned maximum number of hardening points for this item (2). Currently having 236 points (out of 295)
2025-09-09 10:10:32 ====
2025-09-09 10:10:32 Performing test ID MALW-3284 (Check for clamd)
2025-09-09 10:10:32 Test: checking running ClamAV daemon (clamd)
2025-09-09 10:10:32 Performing pgrep scan without uid
2025-09-09 10:10:32 IsRunning: process 'clamd' found (634 )
2025-09-09 10:10:32 Result: found running clamd process
2025-09-09 10:10:32 ====
2025-09-09 10:10:32 Performing test ID MALW-3286 (Check for freshclam)
2025-09-09 10:10:32 Test: checking running freshclam daemon
2025-09-09 10:10:32 Performing pgrep scan without uid
2025-09-09 10:10:32 IsRunning: process 'freshclam' not found
2025-09-09 10:10:32 Result: freshclam is not running
2025-09-09 10:10:32 Suggestion: Confirm that freshclam is properly configured and keeps updating the ClamAV database [test:MALW-3286] [details:-] [solution:-]
2025-09-09 10:10:32 ====
2025-09-09 10:10:32 Skipped test MALW-3288 (Check for ClamXav)
2025-09-09 10:10:32 Reason to skip: Prerequisites not met (ie missing tool, other type of Linux distribution)
2025-09-09 10:10:32 ====
2025-09-09 10:10:32 Performing test ID MALW-3290 (Presence of for malware detection)
2025-09-09 10:10:32 Security check: file is normal
2025-09-09 10:10:32 Checking permissions of /usr/share/lynis/include/tests_file_permissions
2025-09-09 10:10:32 File permissions are OK
2025-09-09 10:10:32 ====
2025-09-09 10:10:32 Action: Performing tests from category: File Permissions
2025-09-09 10:10:32 ====
2025-09-09 10:10:32 Performing test ID FILE-7524 (Perform file permissions check)
2025-09-09 10:10:32 Test: Checking file permissions
2025-09-09 10:10:32 Using profile /etc/lynis/default.prf for baseline.
2025-09-09 10:10:32 Test: checking file/directory /boot/grub/grub.cfg
2025-09-09 10:10:32 Test: checking if file /boot/grub/grub.cfg has the permissions set to 600 (rw-------) or more restrictive
2025-09-09 10:10:32 Outcome: correct permissions (600)
2025-09-09 10:10:32 Test: checking file/directory /boot/grub2/grub.cfg
2025-09-09 10:10:32 Skipping file/directory /boot/grub2/grub.cfg as it does not exist on this system
2025-09-09 10:10:32 Test: checking file/directory /boot/grub2/user.cfg
2025-09-09 10:10:32 Skipping file/directory /boot/grub2/user.cfg as it does not exist on this system
2025-09-09 10:10:32 Test: checking file/directory /etc/at.allow
2025-09-09 10:10:32 Skipping file/directory /etc/at.allow as it does not exist on this system
2025-09-09 10:10:32 Test: checking file/directory /etc/at.deny
2025-09-09 10:10:32 Skipping file/directory /etc/at.deny as it does not exist on this system
2025-09-09 10:10:32 Test: checking file/directory /etc/cron.allow
2025-09-09 10:10:32 Skipping file/directory /etc/cron.allow as it does not exist on this system
2025-09-09 10:10:32 Test: checking file/directory /etc/cron.deny
2025-09-09 10:10:32 Skipping file/directory /etc/cron.deny as it does not exist on this system
2025-09-09 10:10:32 Test: checking file/directory /etc/crontab
2025-09-09 10:10:32 Test: checking if file /etc/crontab has the permissions set to 600 (rw-------) or more restrictive
2025-09-09 10:10:32 Outcome: permissions of file /etc/crontab are not matching expected value (644 != 600)
2025-09-09 10:10:32 Test: checking file/directory /etc/group
2025-09-09 10:10:32 Test: checking if file /etc/group has the permissions set to 644 (rw-r--r--) or more restrictive
2025-09-09 10:10:32 Outcome: correct permissions (644)
2025-09-09 10:10:32 Test: checking file/directory /etc/group-
2025-09-09 10:10:32 Test: checking if file /etc/group- has the permissions set to 644 (rw-r--r--) or more restrictive
2025-09-09 10:10:32 Outcome: correct permissions (644)
2025-09-09 10:10:32 Test: checking file/directory /etc/hosts.allow
2025-09-09 10:10:32 Test: checking if file /etc/hosts.allow has the permissions set to 644 (rw-r--r--) or more restrictive
2025-09-09 10:10:32 Outcome: correct permissions (644)
2025-09-09 10:10:32 Test: checking file/directory /etc/hosts.deny
2025-09-09 10:10:32 Test: checking if file /etc/hosts.deny has the permissions set to 644 (rw-r--r--) or more restrictive
2025-09-09 10:10:32 Outcome: correct permissions (644)
2025-09-09 10:10:32 Test: checking file/directory /etc/issue
2025-09-09 10:10:32 Test: checking if file /etc/issue has the permissions set to 644 (rw-r--r--) or more restrictive
2025-09-09 10:10:32 Outcome: correct permissions (644)
2025-09-09 10:10:32 Test: checking file/directory /etc/issue.net
2025-09-09 10:10:32 Test: checking if file /etc/issue.net has the permissions set to 644 (rw-r--r--) or more restrictive
2025-09-09 10:10:32 Outcome: correct permissions (644)
2025-09-09 10:10:32 Test: checking file/directory /etc/lilo.conf
2025-09-09 10:10:32 Skipping file/directory /etc/lilo.conf as it does not exist on this system
2025-09-09 10:10:32 Test: checking file/directory /etc/motd
2025-09-09 10:10:32 Test: checking if file /etc/motd has the permissions set to 644 (rw-r--r--) or more restrictive
2025-09-09 10:10:32 Outcome: correct permissions (644)
2025-09-09 10:10:32 Test: checking file/directory /etc/passwd
2025-09-09 10:10:32 Test: checking if file /etc/passwd has the permissions set to 644 (rw-r--r--) or more restrictive
2025-09-09 10:10:32 Outcome: correct permissions (644)
2025-09-09 10:10:32 Test: checking file/directory /etc/passwd-
2025-09-09 10:10:32 Test: checking if file /etc/passwd- has the permissions set to 644 (rw-r--r--) or more restrictive
2025-09-09 10:10:32 Outcome: correct permissions (644)
2025-09-09 10:10:32 Test: checking file/directory /etc/ssh/sshd_config
2025-09-09 10:10:32 Test: checking if file /etc/ssh/sshd_config has the permissions set to 600 (rw-------) or more restrictive
2025-09-09 10:10:32 Outcome: correct permissions (600)
2025-09-09 10:10:32 Test: checking file/directory /etc/hosts.equiv
2025-09-09 10:10:32 Skipping file/directory /etc/hosts.equiv as it does not exist on this system
2025-09-09 10:10:32 Test: checking file/directory /etc/shosts.equiv
2025-09-09 10:10:32 Skipping file/directory /etc/shosts.equiv as it does not exist on this system
2025-09-09 10:10:32 Test: checking file/directory /root/.rhosts
2025-09-09 10:10:32 Skipping file/directory /root/.rhosts as it does not exist on this system
2025-09-09 10:10:32 Test: checking file/directory /root/.rlogin
2025-09-09 10:10:32 Skipping file/directory /root/.rlogin as it does not exist on this system
2025-09-09 10:10:32 Test: checking file/directory /root/.shosts
2025-09-09 10:10:32 Skipping file/directory /root/.shosts as it does not exist on this system
2025-09-09 10:10:32 Test: checking file/directory /root/.ssh
2025-09-09 10:10:32 Test: checking if file /root/.ssh has the permissions set to 700 (rwx------) or more restrictive
2025-09-09 10:10:32 Outcome: correct permissions (700)
2025-09-09 10:10:32 Test: checking file/directory /etc/cron.d
2025-09-09 10:10:32 Test: checking if file /etc/cron.d has the permissions set to 700 (rwx------) or more restrictive
2025-09-09 10:10:32 Outcome: permissions of file /etc/cron.d are not matching expected value (755 != 700)
2025-09-09 10:10:32 Test: checking file/directory /etc/cron.daily
2025-09-09 10:10:32 Test: checking if file /etc/cron.daily has the permissions set to 700 (rwx------) or more restrictive
2025-09-09 10:10:32 Outcome: permissions of file /etc/cron.daily are not matching expected value (755 != 700)
2025-09-09 10:10:32 Test: checking file/directory /etc/cron.hourly
2025-09-09 10:10:32 Test: checking if file /etc/cron.hourly has the permissions set to 700 (rwx------) or more restrictive
2025-09-09 10:10:32 Outcome: permissions of file /etc/cron.hourly are not matching expected value (755 != 700)
2025-09-09 10:10:32 Test: checking file/directory /etc/cron.weekly
2025-09-09 10:10:32 Test: checking if file /etc/cron.weekly has the permissions set to 700 (rwx------) or more restrictive
2025-09-09 10:10:32 Outcome: permissions of file /etc/cron.weekly are not matching expected value (755 != 700)
2025-09-09 10:10:32 Test: checking file/directory /etc/cron.monthly
2025-09-09 10:10:32 Test: checking if file /etc/cron.monthly has the permissions set to 700 (rwx------) or more restrictive
2025-09-09 10:10:32 Outcome: permissions of file /etc/cron.monthly are not matching expected value (755 != 700)
2025-09-09 10:10:32 Using profile /etc/lynis/custom.prf for baseline.
2025-09-09 10:10:32 Suggestion: Consider restricting file permissions [test:FILE-7524] [details:See screen output or log file] [solution:text:Use chmod to change file permissions]
2025-09-09 10:10:32 Security check: file is normal
2025-09-09 10:10:32 Checking permissions of /usr/share/lynis/include/tests_homedirs
2025-09-09 10:10:32 File permissions are OK
2025-09-09 10:10:32 ====
2025-09-09 10:10:32 Action: Performing tests from category: Home directories
2025-09-09 10:10:32 ====
2025-09-09 10:10:32 Performing test ID HOME-9302 (Create list with home directories)
2025-09-09 10:10:32 Test: query /etc/passwd to obtain home directories
2025-09-09 10:10:32 Result: found home directory: / (directory exists)
2025-09-09 10:10:32 Result: found home directory: /bin (directory exists)
2025-09-09 10:10:32 Result: found home directory: /dev (directory exists)
2025-09-09 10:10:32 Result: found home directory: /home/chris (directory exists)
2025-09-09 10:10:32 Result: found home directory: /home/node_exporter (directory does not exist)
2025-09-09 10:10:32 Result: found home directory: /home/suricata (directory does not exist)
2025-09-09 10:10:32 Result: found home directory: /nonexistent (directory does not exist)
2025-09-09 10:10:32 Result: found home directory: /proc (directory exists)
2025-09-09 10:10:32 Result: found home directory: /root (directory exists)
2025-09-09 10:10:32 Result: found home directory: /run/avahi-daemon (directory exists)
2025-09-09 10:10:32 Result: found home directory: /run/ircd (directory does not exist)
2025-09-09 10:10:32 Result: found home directory: /run/pulse (directory does not exist)
2025-09-09 10:10:32 Result: found home directory: /run/speech-dispatcher (directory exists)
2025-09-09 10:10:32 Result: found home directory: /run/sshd (directory exists)
2025-09-09 10:10:32 Result: found home directory: /run/uuidd (directory exists)
2025-09-09 10:10:32 Result: found home directory: /usr/games (directory exists)
2025-09-09 10:10:32 Result: found home directory: /usr/sbin (directory exists)
2025-09-09 10:10:32 Result: found home directory: /var/backups (directory exists)
2025-09-09 10:10:32 Result: found home directory: /var/cache/man (directory exists)
2025-09-09 10:10:32 Result: found home directory: /var/lib/aide (directory exists)
2025-09-09 10:10:32 Result: found home directory: /var/lib/avahi-autoipd (directory exists)
2025-09-09 10:10:32 Result: found home directory: /var/lib/clamav (directory exists)
2025-09-09 10:10:32 Result: found home directory: /var/lib/colord (directory exists)
2025-09-09 10:10:32 Result: found home directory: /var/lib/geoclue (directory exists)
2025-09-09 10:10:32 Result: found home directory: /var/lib/hardn (directory exists)
2025-09-09 10:10:32 Result: found home directory: /var/lib/lightdm (directory exists)
2025-09-09 10:10:32 Result: found home directory: /var/lib/misc (directory exists)
2025-09-09 10:10:32 Result: found home directory: /var/lib/saned (directory exists)
2025-09-09 10:10:32 Result: found home directory: /var/lib/usbmux (directory does not exist)
2025-09-09 10:10:32 Result: found home directory: /var/list (directory does not exist)
2025-09-09 10:10:32 Result: found home directory: /var/mail (directory exists)
2025-09-09 10:10:32 Result: found home directory: /var/run/vboxadd (directory does not exist)
2025-09-09 10:10:32 Result: found home directory: /var/spool/exim4 (directory exists)
2025-09-09 10:10:32 Result: found home directory: /var/spool/lpd (directory does not exist)
2025-09-09 10:10:32 Result: found home directory: /var/spool/news (directory does not exist)
2025-09-09 10:10:32 Result: found home directory: /var/spool/uucp (directory does not exist)
2025-09-09 10:10:32 Result: found home directory: /var/www (directory does not exist)
2025-09-09 10:10:32 ====
2025-09-09 10:10:32 Performing test ID HOME-9304 (Check if users' home directories permissions are 750 or more restrictive)
2025-09-09 10:10:32 Test: checking directory '/home/chris' for user 'chris'
2025-09-09 10:10:32 Result: permissions of home directory /home/chris of user chris are fine
2025-09-09 10:10:32 Result: OK, all permissions of the home directories are 750 or more restrictive
2025-09-09 10:10:32 ====
2025-09-09 10:10:32 Performing test ID HOME-9306 (Check if users own their home directories)
2025-09-09 10:10:32 Test: checking directory '/home/chris' for user 'chris'
2025-09-09 10:10:32 Result: ownership of home directory /home/chris for user chris looks to be correct
2025-09-09 10:10:32 Result: OK, all users own their home directories
2025-09-09 10:10:32 ====
2025-09-09 10:10:32 Performing test ID HOME-9310 (Checking for suspicious shell history files)
2025-09-09 10:10:32 Result: Ok, history files are type 'file'.
2025-09-09 10:10:32 Remark: History files are normally of the type 'file'. Symbolic links and other types are suspicious.
2025-09-09 10:10:32 ====
2025-09-09 10:10:32 Performing test ID HOME-9350 (Collecting information from home directories)
2025-09-09 10:10:32 Result: IGNORE_HOME_DIRS empty, no paths excluded
2025-09-09 10:10:32 Security check: file is normal
2025-09-09 10:10:32 Checking permissions of /usr/share/lynis/include/tests_kernel_hardening
2025-09-09 10:10:32 File permissions are OK
2025-09-09 10:10:32 ====
2025-09-09 10:10:32 Action: Performing tests from category: Kernel Hardening
2025-09-09 10:10:32 ====
2025-09-09 10:10:32 Performing test ID KRNL-6000 (Check sysctl key pairs in scan profile)
2025-09-09 10:10:32 Result: sysctl key dev.tty.ldisc_autoload has a different value than expected in scan profile. Expected=0, Real=1
2025-09-09 10:10:32 Hardening: assigned partial number of hardening points (0 of 1). Currently having 236 points (out of 296)
2025-09-09 10:10:32 Result: sysctl key fs.protected_fifos has a different value than expected in scan profile. Expected=2, Real=1
2025-09-09 10:10:32 Hardening: assigned partial number of hardening points (0 of 1). Currently having 236 points (out of 297)
2025-09-09 10:10:32 Result: sysctl key fs.protected_hardlinks contains equal expected and current value (1)
2025-09-09 10:10:32 Hardening: assigned maximum number of hardening points for this item (1). Currently having 237 points (out of 298)
2025-09-09 10:10:32 Result: sysctl key fs.protected_regular contains equal expected and current value (2)
2025-09-09 10:10:32 Hardening: assigned maximum number of hardening points for this item (1). Currently having 238 points (out of 299)
2025-09-09 10:10:32 Result: sysctl key fs.protected_symlinks contains equal expected and current value (1)
2025-09-09 10:10:32 Hardening: assigned maximum number of hardening points for this item (1). Currently having 239 points (out of 300)
2025-09-09 10:10:32 Result: sysctl key fs.suid_dumpable contains equal expected and current value (0)
2025-09-09 10:10:32 Hardening: assigned maximum number of hardening points for this item (1). Currently having 240 points (out of 301)
2025-09-09 10:10:32 Result: key hw.kbd.keymap_restrict_change does not exist on this machine
2025-09-09 10:10:32 Result: key kern.sugid_coredump does not exist on this machine
2025-09-09 10:10:32 Result: key kernel.core_setuid_ok does not exist on this machine
2025-09-09 10:10:32 Result: sysctl key kernel.core_uses_pid has a different value than expected in scan profile. Expected=1, Real=0
2025-09-09 10:10:32 Hardening: assigned partial number of hardening points (0 of 1). Currently having 240 points (out of 302)
2025-09-09 10:10:32 Result: sysctl key kernel.ctrl-alt-del contains equal expected and current value (0)
2025-09-09 10:10:32 Hardening: assigned maximum number of hardening points for this item (1). Currently having 241 points (out of 303)
2025-09-09 10:10:32 Result: sysctl key kernel.dmesg_restrict contains equal expected and current value (1)
2025-09-09 10:10:32 Hardening: assigned maximum number of hardening points for this item (1). Currently having 242 points (out of 304)
2025-09-09 10:10:32 Result: key kernel.exec-shield-randomize does not exist on this machine
2025-09-09 10:10:33 Result: key kernel.exec-shield does not exist on this machine
2025-09-09 10:10:33 Result: sysctl key kernel.kptr_restrict has a different value than expected in scan profile. Expected=2, Real=0
2025-09-09 10:10:33 Hardening: assigned partial number of hardening points (0 of 1). Currently having 242 points (out of 305)
2025-09-09 10:10:33 Result: key kernel.maps_protect does not exist on this machine
2025-09-09 10:10:33 Result: sysctl key kernel.modules_disabled has a different value than expected in scan profile. Expected=1, Real=0
2025-09-09 10:10:33 Hardening: assigned partial number of hardening points (0 of 1). Currently having 242 points (out of 306)
2025-09-09 10:10:33 Result: sysctl key kernel.perf_event_paranoid contains equal expected and current value (3)
2025-09-09 10:10:33 Hardening: assigned maximum number of hardening points for this item (1). Currently having 243 points (out of 307)
2025-09-09 10:10:33 Result: sysctl key kernel.randomize_va_space contains equal expected and current value (2)
2025-09-09 10:10:33 Hardening: assigned maximum number of hardening points for this item (1). Currently having 244 points (out of 308)
2025-09-09 10:10:33 Result: key kernel.suid_dumpable does not exist on this machine
2025-09-09 10:10:33 Result: sysctl key kernel.sysrq has a different value than expected in scan profile. Expected=0, Real=438
2025-09-09 10:10:33 Hardening: assigned partial number of hardening points (0 of 1). Currently having 244 points (out of 309)
2025-09-09 10:10:33 Result: sysctl key kernel.unprivileged_bpf_disabled has a different value than expected in scan profile. Expected=1, Real=2
2025-09-09 10:10:33 Hardening: assigned partial number of hardening points (0 of 1). Currently having 244 points (out of 310)
2025-09-09 10:10:33 Result: key kernel.use-nx does not exist on this machine
2025-09-09 10:10:33 Result: sysctl key kernel.yama.ptrace_scope has a different value than expected in scan profile. Expected=1 2 3, Real=0
2025-09-09 10:10:33 Hardening: assigned partial number of hardening points (0 of 1). Currently having 244 points (out of 311)
2025-09-09 10:10:33 Result: sysctl key net.core.bpf_jit_harden has a different value than expected in scan profile. Expected=2, Real=0
2025-09-09 10:10:33 Hardening: assigned partial number of hardening points (0 of 1). Currently having 244 points (out of 312)
2025-09-09 10:10:33 Result: key net.inet.icmp.bmcastecho does not exist on this machine
2025-09-09 10:10:33 Result: key net.inet.icmp.drop_redirect does not exist on this machine
2025-09-09 10:10:33 Result: key net.inet.icmp.rediraccept does not exist on this machine
2025-09-09 10:10:33 Result: key net.inet.icmp.timestamp does not exist on this machine
2025-09-09 10:10:33 Result: key net.inet.ip.accept_sourceroute does not exist on this machine
2025-09-09 10:10:33 Result: key net.inet.ip.check_interface does not exist on this machine
2025-09-09 10:10:33 Result: key net.inet.ip.forwarding does not exist on this machine
2025-09-09 10:10:33 Result: key net.inet.ip.linklocal.in.allowbadttl does not exist on this machine
2025-09-09 10:10:33 Result: key net.inet.ip.process_options does not exist on this machine
2025-09-09 10:10:33 Result: key net.inet.ip.random_id does not exist on this machine
2025-09-09 10:10:33 Result: key net.inet.ip.redirect does not exist on this machine
2025-09-09 10:10:33 Result: key net.inet.ip.sourceroute does not exist on this machine
2025-09-09 10:10:33 Result: key net.inet.ip6.redirect does not exist on this machine
2025-09-09 10:10:33 Result: key net.inet.tcp.always_keepalive does not exist on this machine
2025-09-09 10:10:33 Result: key net.inet.tcp.blackhole does not exist on this machine
2025-09-09 10:10:33 Result: key net.inet.tcp.drop_synfin does not exist on this machine
2025-09-09 10:10:33 Result: key net.inet.tcp.icmp_may_rst does not exist on this machine
2025-09-09 10:10:33 Result: key net.inet.tcp.nolocaltimewait does not exist on this machine
2025-09-09 10:10:33 Result: key net.inet.tcp.path_mtu_discovery does not exist on this machine
2025-09-09 10:10:33 Result: key net.inet.udp.blackhole does not exist on this machine
2025-09-09 10:10:33 Result: key net.inet6.icmp6.rediraccept does not exist on this machine
2025-09-09 10:10:33 Result: key net.inet6.ip6.forwarding does not exist on this machine
2025-09-09 10:10:33 Result: key net.inet6.ip6.fw.enable does not exist on this machine
2025-09-09 10:10:33 Result: key net.inet6.ip6.redirect does not exist on this machine
2025-09-09 10:10:33 Result: sysctl key net.ipv4.conf.all.accept_redirects contains equal expected and current value (0)
2025-09-09 10:10:33 Hardening: assigned maximum number of hardening points for this item (1). Currently having 245 points (out of 313)
2025-09-09 10:10:33 Result: sysctl key net.ipv4.conf.all.accept_source_route contains equal expected and current value (0)
2025-09-09 10:10:33 Hardening: assigned maximum number of hardening points for this item (1). Currently having 246 points (out of 314)
2025-09-09 10:10:33 Result: sysctl key net.ipv4.conf.all.bootp_relay contains equal expected and current value (0)
2025-09-09 10:10:33 Hardening: assigned maximum number of hardening points for this item (1). Currently having 247 points (out of 315)
2025-09-09 10:10:33 Result: sysctl key net.ipv4.conf.all.forwarding contains equal expected and current value (0)
2025-09-09 10:10:33 Hardening: assigned maximum number of hardening points for this item (1). Currently having 248 points (out of 316)
2025-09-09 10:10:33 Result: sysctl key net.ipv4.conf.all.log_martians has a different value than expected in scan profile. Expected=1, Real=0
2025-09-09 10:10:33 Hardening: assigned partial number of hardening points (0 of 1). Currently having 248 points (out of 317)
2025-09-09 10:10:33 Result: sysctl key net.ipv4.conf.all.mc_forwarding contains equal expected and current value (0)
2025-09-09 10:10:33 Hardening: assigned maximum number of hardening points for this item (1). Currently having 249 points (out of 318)
2025-09-09 10:10:33 Result: sysctl key net.ipv4.conf.all.proxy_arp contains equal expected and current value (0)
2025-09-09 10:10:33 Hardening: assigned maximum number of hardening points for this item (1). Currently having 250 points (out of 319)
2025-09-09 10:10:33 Result: sysctl key net.ipv4.conf.all.rp_filter has a different value than expected in scan profile. Expected=1, Real=0
2025-09-09 10:10:33 Hardening: assigned partial number of hardening points (0 of 1). Currently having 250 points (out of 320)
2025-09-09 10:10:33 Result: sysctl key net.ipv4.conf.all.send_redirects has a different value than expected in scan profile. Expected=0, Real=1
2025-09-09 10:10:33 Hardening: assigned partial number of hardening points (0 of 1). Currently having 250 points (out of 321)
2025-09-09 10:10:33 Result: sysctl key net.ipv4.conf.default.accept_redirects contains equal expected and current value (0)
2025-09-09 10:10:33 Hardening: assigned maximum number of hardening points for this item (1). Currently having 251 points (out of 322)
2025-09-09 10:10:33 Result: sysctl key net.ipv4.conf.default.accept_source_route has a different value than expected in scan profile. Expected=0, Real=1
2025-09-09 10:10:33 Hardening: assigned partial number of hardening points (0 of 1). Currently having 251 points (out of 323)
2025-09-09 10:10:33 Result: sysctl key net.ipv4.conf.default.log_martians has a different value than expected in scan profile. Expected=1, Real=0
2025-09-09 10:10:33 Hardening: assigned partial number of hardening points (0 of 1). Currently having 251 points (out of 324)
2025-09-09 10:10:33 Result: sysctl key net.ipv4.icmp_echo_ignore_broadcasts contains equal expected and current value (1)
2025-09-09 10:10:33 Hardening: assigned maximum number of hardening points for this item (1). Currently having 252 points (out of 325)
2025-09-09 10:10:33 Result: sysctl key net.ipv4.icmp_ignore_bogus_error_responses contains equal expected and current value (1)
2025-09-09 10:10:33 Hardening: assigned maximum number of hardening points for this item (1). Currently having 253 points (out of 326)
2025-09-09 10:10:33 Result: sysctl key net.ipv4.tcp_syncookies contains equal expected and current value (1)
2025-09-09 10:10:33 Hardening: assigned maximum number of hardening points for this item (1). Currently having 254 points (out of 327)
2025-09-09 10:10:33 Result: sysctl key net.ipv4.tcp_timestamps contains equal expected and current value (0 1)
2025-09-09 10:10:33 Hardening: assigned maximum number of hardening points for this item (1). Currently having 255 points (out of 328)
2025-09-09 10:10:33 Result: sysctl key net.ipv6.conf.all.accept_redirects contains equal expected and current value (0)
2025-09-09 10:10:33 Hardening: assigned maximum number of hardening points for this item (1). Currently having 256 points (out of 329)
2025-09-09 10:10:33 Result: sysctl key net.ipv6.conf.all.accept_source_route contains equal expected and current value (0)
2025-09-09 10:10:33 Hardening: assigned maximum number of hardening points for this item (1). Currently having 257 points (out of 330)
2025-09-09 10:10:33 Result: key net.ipv6.conf.all.send_redirects does not exist on this machine
2025-09-09 10:10:33 Result: sysctl key net.ipv6.conf.default.accept_redirects contains equal expected and current value (0)
2025-09-09 10:10:33 Hardening: assigned maximum number of hardening points for this item (1). Currently having 258 points (out of 331)
2025-09-09 10:10:33 Result: sysctl key net.ipv6.conf.default.accept_source_route contains equal expected and current value (0)
2025-09-09 10:10:33 Hardening: assigned maximum number of hardening points for this item (1). Currently having 259 points (out of 332)
2025-09-09 10:10:33 Result: key security.bsd.hardlink_check_gid does not exist on this machine
2025-09-09 10:10:33 Result: key security.bsd.hardlink_check_uid does not exist on this machine
2025-09-09 10:10:33 Result: key security.bsd.see_other_gids does not exist on this machine
2025-09-09 10:10:33 Result: key security.bsd.see_other_uids does not exist on this machine
2025-09-09 10:10:33 Result: key security.bsd.stack_guard_page does not exist on this machine
2025-09-09 10:10:33 Result: key security.bsd.unprivileged_proc_debug does not exist on this machine
2025-09-09 10:10:33 Result: key security.bsd.unprivileged_read_msgbuf does not exist on this machine
2025-09-09 10:10:33 Result: found 14 keys that can use tuning, according scan profile
2025-09-09 10:10:33 Suggestion: One or more sysctl values differ from the scan profile and could be tweaked [test:KRNL-6000] [details:] [solution:Change sysctl value or disable test (skip-test=KRNL-6000:<sysctl-key>)]
2025-09-09 10:10:33 Security check: file is normal
2025-09-09 10:10:33 Checking permissions of /usr/share/lynis/include/tests_hardening
2025-09-09 10:10:33 File permissions are OK
2025-09-09 10:10:33 ====
2025-09-09 10:10:33 Action: Performing tests from category: Hardening
2025-09-09 10:10:33 ====
2025-09-09 10:10:33 Performing test ID HRDN-7220 (Check if one or more compilers are installed)
2025-09-09 10:10:33 Test: Check if one or more compilers can be found on the system
2025-09-09 10:10:33 Result: found installed compiler. See top of logfile which compilers have been found or use /usr/bin/grep to filter on 'compiler'
2025-09-09 10:10:33 Hardening: assigned partial number of hardening points (1 of 3). Currently having 260 points (out of 335)
2025-09-09 10:10:33 ====
2025-09-09 10:10:33 Performing test ID HRDN-7222 (Check compiler permissions)
2025-09-09 10:10:33 Test: Check if one or more compilers can be found on the system
2025-09-09 10:10:33 Test: Check file permissions for /usr/bin/as
2025-09-09 10:10:33 Action: checking symlink for file /usr/bin/as
2025-09-09 10:10:33 Note: Using real readlink binary to determine symlink on /usr/bin/as
2025-09-09 10:10:33 Result: readlink shows /usr/bin/x86_64-linux-gnu-as as output
2025-09-09 10:10:33 Result: symlink found, pointing to file /usr/bin/x86_64-linux-gnu-as
2025-09-09 10:10:33 Binary: found /usr/bin/x86_64-linux-gnu-as (world executable)
2025-09-09 10:10:33 Hardening: assigned partial number of hardening points (2 of 3). Currently having 262 points (out of 338)
2025-09-09 10:10:33 Test: Check file permissions for /usr/bin/cc
2025-09-09 10:10:33 Action: checking symlink for file /usr/bin/cc
2025-09-09 10:10:33 Note: Using real readlink binary to determine symlink on /usr/bin/cc
2025-09-09 10:10:33 Result: readlink shows /usr/bin/x86_64-linux-gnu-gcc-12 as output
2025-09-09 10:10:33 Result: symlink found, pointing to file /usr/bin/x86_64-linux-gnu-gcc-12
2025-09-09 10:10:33 Binary: found /usr/bin/x86_64-linux-gnu-gcc-12 (world executable)
2025-09-09 10:10:33 Hardening: assigned partial number of hardening points (2 of 3). Currently having 264 points (out of 341)
2025-09-09 10:10:33 Test: Check file permissions for /usr/bin/gcc
2025-09-09 10:10:33 Action: checking symlink for file /usr/bin/gcc
2025-09-09 10:10:33 Note: Using real readlink binary to determine symlink on /usr/bin/gcc
2025-09-09 10:10:33 Result: readlink shows /usr/bin/x86_64-linux-gnu-gcc-12 as output
2025-09-09 10:10:33 Result: symlink found, pointing to file /usr/bin/x86_64-linux-gnu-gcc-12
2025-09-09 10:10:33 Binary: found /usr/bin/x86_64-linux-gnu-gcc-12 (world executable)
2025-09-09 10:10:33 Hardening: assigned partial number of hardening points (2 of 3). Currently having 266 points (out of 344)
2025-09-09 10:10:33 Result: at least one compiler could be better hardened by restricting executable access to root or group only
2025-09-09 10:10:33 Suggestion: Harden compilers like restricting access to root user only [test:HRDN-7222] [details:-] [solution:-]
2025-09-09 10:10:33 ====
2025-09-09 10:10:33 Performing test ID HRDN-7230 (Check for malware scanner)
2025-09-09 10:10:33 Test: Check if a malware scanner is installed
2025-09-09 10:10:33 Result: found at least one malware scanner
2025-09-09 10:10:33 Hardening: assigned maximum number of hardening points for this item (3). Currently having 269 points (out of 347)
2025-09-09 10:10:33 ====
2025-09-09 10:10:33 Performing test ID HRDN-7231 (Check for registered non-native binary formats)
2025-09-09 10:10:33 Test: Check for registered non-native binary formats
2025-09-09 10:10:33 Result: found 2 non-native binary formats registered: python3.11 llvm-14-runtime.binfmt 
2025-09-09 10:10:33 ====
2025-09-09 10:10:33 Action: Performing tests from category: Custom tests
2025-09-09 10:10:33 Test: Checking for tests_custom file
2025-09-09 10:10:33 ====
2025-09-09 10:10:33 Action: Performing plugin tests
2025-09-09 10:10:33 Result: Found 1 plugins of which 1 are enabled
2025-09-09 10:10:33 Result: Plugins phase 2 finished
2025-09-09 10:10:33 Checking permissions of /usr/share/lynis/include/report
2025-09-09 10:10:33 File permissions are OK
2025-09-09 10:10:33 Hardening index : [77] [###############     ]
2025-09-09 10:10:33 Hardening strength: System has been hardened, but could use additional hardening
2025-09-09 10:10:34 Checking permissions of /usr/share/lynis/include/tool_tips
2025-09-09 10:10:34 File permissions are OK
2025-09-09 10:10:34 Tool tips: enabled
2025-09-09 10:10:34 ================================================================================
2025-09-09 10:10:34 Tests performed:     266
2025-09-09 10:10:34 Total tests:         453
2025-09-09 10:10:34 Active plugins:      1
2025-09-09 10:10:34 Total plugins:       1
2025-09-09 10:10:34 ================================================================================
2025-09-09 10:10:34 Lynis 3.0.8
2025-09-09 10:10:34 2007-2021, CISOfy - https://cisofy.com/lynis/
2025-09-09 10:10:34 Enterprise support available (compliance, plugins, interface and tools)
2025-09-09 10:10:34 Program ended successfully
2025-09-09 10:10:34 ================================================================================
2025-09-09 10:10:34 PID file removed (/var/run/lynis.pid)
2025-09-09 10:10:34 Temporary files:  /tmp/lynis.kZGEUKLv6z /tmp/lynis.lnkdlnCpsr /tmp/lynis.eG6LAJOq2M /tmp/lynis.YEaN7DzhVC /tmp/lynis.VwVg057slb /tmp/lynis.EVvLkdWBlL /tmp/lynis.vHwQ3iB88v /tmp/lynis.MwvHXtWKKo /tmp/lynis.XsvtyAS8u9
2025-09-09 10:10:34 Action: removing temporary file /tmp/lynis.kZGEUKLv6z
2025-09-09 10:10:34 Info: temporary file /tmp/lynis.lnkdlnCpsr was already removed
2025-09-09 10:10:34 Info: temporary file /tmp/lynis.eG6LAJOq2M was already removed
2025-09-09 10:10:34 Info: temporary file /tmp/lynis.YEaN7DzhVC was already removed
2025-09-09 10:10:34 Info: temporary file /tmp/lynis.VwVg057slb was already removed
2025-09-09 10:10:34 Info: temporary file /tmp/lynis.EVvLkdWBlL was already removed
2025-09-09 10:10:34 Info: temporary file /tmp/lynis.vHwQ3iB88v was already removed
2025-09-09 10:10:34 Info: temporary file /tmp/lynis.MwvHXtWKKo was already removed
2025-09-09 10:10:34 Action: removing temporary file /tmp/lynis.XsvtyAS8u9
2025-09-09 10:10:34 Lynis ended successfully.
